year,round,match_id,game_id,game,player,won,playstyle,final_score,total_lines,no_mullen_score,no_mullen_lines,score_lvl_19_transition,lines_lvl_19_transition,score_lvl_29_transition,lines_lvl_29_transition,score_lvl_39_transition,lines_lvl_39_transition,topout_type,start_level,line_cap,same_piece_sets_active,post,post_post,game_link
2010,Finals,1,1,1,Jonas,Yes,DAS,530034,195.0,339042.0,135.0,522034.0,190.0,,,,,Natural,9,,No,,,https://youtu.be/ZL4eRDOOP1I?t=24
2010,Finals,1,2,1,Harry Hong,No,DAS,302118,133.0,,,,,,,,,Natural,9,,No,,,https://youtu.be/ZL4eRDOOP1I?t=24
2010,Finals,1,3,2,Jonas,Yes,DAS,544534,245.0,542531.0,243.0,443999.0,192.0,,,,,Intentional,9,,No,,,https://youtu.be/ZL4eRDOOP1I?t=595
2010,Finals,1,4,2,Harry Hong,No,DAS,517590,227.0,,,483111.0,191.0,,,,,Natural,9,,No,,,https://youtu.be/ZL4eRDOOP1I?t=595
2011,Top 8,2,5,1,Jonas,Yes,DAS,164153,55.0,164153.0,55.0,,,,,,,Intentional,18,,No,,,https://youtu.be/8sorxlk7QLs?t=14
2011,Top 8,2,6,1,Eli Markstrom,No,DAS,117378,43.0,,,,,,,,,Natural,18,,No,,,https://youtu.be/8sorxlk7QLs?t=14
2011,Top 8,2,7,2,Jonas,Yes,DAS,472503,136.0,472503.0,136.0,468503.0,132.0,,,,,Intentional,18,,No,4000.0,,https://youtu.be/8sorxlk7QLs?t=196
2011,Top 8,2,8,2,Eli Markstrom,No,DAS,350279,126.0,,,,,,,,,Natural,18,,No,,,https://youtu.be/8sorxlk7QLs?t=196
2011,Top 8,3,9,1,Robin Mihara,Yes,DAS,43961,21.0,43961.0,21.0,,,,,,,Intentional,18,,No,,,https://youtu.be/jeelo1C0Y68?t=113
2011,Top 8,3,10,1,Ben Mullen,No,DAS,30157,13.0,,,,,,,,,Natural,18,,No,,,https://youtu.be/jeelo1C0Y68?t=113
2011,Top 8,3,11,2,Robin Mihara,Yes,DAS,431414,160.0,431414.0,160.0,381990.0,130.0,,,,,Natural,18,,No,49424.0,,https://youtu.be/jeelo1C0Y68?t=196
2011,Top 8,3,12,2,Ben Mullen,No,DAS,430900,186.0,,,367357.0,130.0,,,,,Natural,18,,No,63543.0,,https://youtu.be/jeelo1C0Y68?t=196
2011,Top 8,4,13,1,Harry Hong,Yes,DAS,79661,40.0,79661.0,40.0,,,,,,,Intentional,18,,No,,,https://youtu.be/lO4PhwLyg-c?t=157
2011,Top 8,4,14,1,Buco,No,DAS,72643,17.0,,,,,,,,,Natural,18,,No,,,https://youtu.be/lO4PhwLyg-c?t=157
2011,Top 8,4,15,2,Harry Hong,Yes,DAS,192390,111.0,192390.0,111.0,,,,,,,Intentional,18,,No,,,https://youtu.be/lO4PhwLyg-c?t=281
2011,Top 8,4,16,2,Buco,No,DAS,190470,61.0,,,,,,,,,Natural,18,,No,,,https://youtu.be/lO4PhwLyg-c?t=281
2011,Top 8,5,17,1,Dana Wilcox,No,DAS,440411,139.0,,,433611.0,132.0,,,,,Natural,18,,No,6800.0,,https://youtu.be/Vw607VRrUd4?t=194
2011,Top 8,5,18,1,Alex Kerr,Yes,DAS,469045,141.0,469045.0,141.0,440151.0,131.0,,,,,Intentional,18,,No,28894.0,,https://youtu.be/Vw607VRrUd4?t=194
2011,Top 8,5,19,2,Dana Wilcox,Yes,DAS,71609,16.0,71609.0,16.0,,,,,,,Intentional,18,,No,,,https://youtu.be/Vw607VRrUd4?t=586
2011,Top 8,5,20,2,Alex Kerr,No,DAS,24845,6.0,,,,,,,,,Natural,18,,No,,,https://youtu.be/Vw607VRrUd4?t=586
2011,Top 8,5,21,3,Dana Wilcox,No,DAS,27572,9.0,,,,,,,,,Natural,18,,No,,,https://youtu.be/Vw607VRrUd4?t=657
2011,Top 8,5,22,3,Alex Kerr,Yes,DAS,47296,10.0,47296.0,10.0,,,,,,,Natural,18,,No,,,https://youtu.be/Vw607VRrUd4?t=657
2011,Semis,6,23,1,Jonas,Yes,DAS,600271,184.0,600271.0,184.0,466051.0,130.0,,,,,Intentional,18,,No,134220.0,,https://youtu.be/feJ4lhgWg_E?t=157
2011,Semis,6,24,1,Robin Mihara,No,DAS,526663,188.0,,,389782.0,130.0,,,,,Natural,18,,No,136881.0,,https://youtu.be/feJ4lhgWg_E?t=157
2011,Semis,6,25,2,Jonas,Yes,DAS,359426,133.0,359426.0,133.0,356626.0,130.0,,,,,Intentional,18,,No,2800.0,,https://youtu.be/feJ4lhgWg_E?t=632
2011,Semis,6,26,2,Robin Mihara,No,DAS,356285,115.0,,,,,,,,,Natural,18,,No,,,https://youtu.be/feJ4lhgWg_E?t=632
2011,Semis,7,27,1,Harry Hong,No,DAS,372938,109.0,,,,,,,,,Natural,18,,No,,,https://youtu.be/0TmCIdH3x00?t=203
2011,Semis,7,28,1,Alex Kerr,Yes,DAS,373923,152.0,373923.0,152.0,354923.0,130.0,,,,,Intentional,18,,No,19000.0,,https://youtu.be/0TmCIdH3x00?t=203
2011,Semis,7,29,2,Harry Hong,Yes,DAS,387710,142.0,387710.0,142.0,377094.0,130.0,,,,,Intentional,18,,No,10616.0,,https://youtu.be/0TmCIdH3x00?t=617
2011,Semis,7,30,2,Alex Kerr,No,DAS,363752,117.0,,,,,,,,,Natural,18,,No,,,https://youtu.be/0TmCIdH3x00?t=617
2011,Semis,7,31,3,Harry Hong,No,DAS,416132,132.0,,,414132.0,130.0,,,,,Natural,18,,No,2000.0,,https://youtu.be/0TmCIdH3x00?t=963
2011,Semis,7,32,3,Alex Kerr,Yes,DAS,417220,141.0,417220.0,141.0,407540.0,130.0,,,,,Intentional,18,,No,9680.0,,https://youtu.be/0TmCIdH3x00?t=963
2011,Finals,8,33,1,Jonas,Yes,DAS,586746,191.0,586746.0,191.0,446326.0,130.0,,,,,Intentional,18,,No,140420.0,,https://youtu.be/E0wAjofNk2c?t=110
2011,Finals,8,34,1,Alex Kerr,No,DAS,585575,176.0,,,468335.0,130.0,,,,,Natural,18,,No,117240.0,,https://youtu.be/E0wAjofNk2c?t=110
2011,Finals,8,35,2,Jonas,Yes,DAS,390180,103.0,390180.0,103.0,,,,,,,Intentional,18,,No,,,https://youtu.be/E0wAjofNk2c?t=614
2011,Finals,8,36,2,Alex Kerr,No,DAS,242140,96.0,,,,,,,,,Natural,18,,No,,,https://youtu.be/E0wAjofNk2c?t=614
2012,Top 8,9,37,1,Eli Markstrom,Yes,DAS,635800,187.0,574795.0,178.0,445973.0,131.0,,,,,Intentional,18,,No,189827.0,,https://youtu.be/lxtQmNvhCEw?t=14
2012,Top 8,9,38,1,Josh Tolles,No,DAS,399703,145.0,,,387463.0,130.0,,,,,Natural,18,,No,12240.0,,https://youtu.be/lxtQmNvhCEw?t=14
2012,Top 8,9,39,2,Eli Markstrom,Yes,DAS,661525,251.0,661525.0,251.0,433862.0,151.0,660325.0,250.0,,,Natural,13,,No,,,https://youtu.be/lxtQmNvhCEw?t=482
2012,Top 8,9,40,2,Josh Tolles,No,DAS,559206,239.0,,,354706.0,150.0,,,,,Natural,13,,No,,,https://youtu.be/lxtQmNvhCEw?t=482
2012,Top 8,10,41,1,Jonas,Yes,DAS,545753,167.0,257651.0,75.0,498733.0,130.0,,,,,Intentional,18,,No,47020.0,,https://youtu.be/lxtQmNvhCEw?t=14
2012,Top 8,10,42,1,Quaid,No,DAS,177871,69.0,,,,,,,,,Natural,18,,No,,,https://youtu.be/lxtQmNvhCEw?t=14
2012,Top 8,10,43,2,Jonas,Yes,DAS,487493,214.0,471933.0,201.0,463053.0,191.0,,,,,Aggressive,9,,No,,,https://youtu.be/lxtQmNvhCEw?t=482
2012,Top 8,10,44,2,Quaid,No,DAS,426333,248.0,,,339052.0,190.0,,,,,Natural,9,,No,,,https://youtu.be/lxtQmNvhCEw?t=482
2012,Top 8,11,45,1,Harry Hong,No,DAS,574673,227.0,,,351562.0,130.0,,,,,Natural,18,,No,223111.0,,https://youtu.be/a6OvbKxVmn8?t=15
2012,Top 8,11,46,1,Alex Kerr,Yes,DAS,587579,226.0,574819.0,220.0,391979.0,131.0,,,,,Intentional,18,,No,195600.0,,https://youtu.be/a6OvbKxVmn8?t=15
2012,Top 8,11,47,2,Harry Hong,Yes,DAS,455805,245.0,453800.0,243.0,395212.0,190.0,,,,,Intentional,9,,No,,,https://youtu.be/a6OvbKxVmn8?t=595
2012,Top 8,11,48,2,Alex Kerr,No,DAS,453080,199.0,,,424680.0,190.0,,,,,Natural,9,,No,,,https://youtu.be/a6OvbKxVmn8?t=595
2012,Top 8,11,49,3,Harry Hong,No,DAS,560983,186.0,,,453659.0,131.0,,,,,Natural,18,,No,107324.0,,https://youtu.be/a6OvbKxVmn8?t=1263
2012,Top 8,11,50,3,Alex Kerr,Yes,DAS,572106,199.0,572106.0,199.0,440866.0,130.0,,,,,Intentional,18,,No,131240.0,,https://youtu.be/a6OvbKxVmn8?t=1263
2012,Top 8,12,51,1,Bo Steil,No,DAS,147551,69.0,,,,,,,,,Natural,9,,No,,,https://youtu.be/a6OvbKxVmn8?t=15
2012,Top 8,12,52,1,Mike Winzinek,Yes,DAS,161800,81.0,161800.0,81.0,,,,,,,Intentional,9,,No,,,https://youtu.be/a6OvbKxVmn8?t=15
2012,Top 8,12,53,2,Bo Steil,No,DAS,46531,9.0,,,,,,,,,Natural,18,,No,,,https://youtu.be/a6OvbKxVmn8?t=595
2012,Top 8,12,54,2,Mike Winzinek,Yes,DAS,76134,33.0,49761.0,25.0,,,,,,,Intentional,18,,No,,,https://youtu.be/a6OvbKxVmn8?t=595
2012,Semis,13,55,1,Jonas,Yes,DAS,575460,194.0,94706.0,39.0,417499.0,133.0,,,,,Natural,18,,No,157961.0,,https://youtu.be/1m6eUyN7RMw?t=47
2012,Semis,13,56,1,Eli Markstrom,No,DAS,46169,32.0,,,,,,,,,Natural,18,,No,,,https://youtu.be/1m6eUyN7RMw?t=47
2012,Semis,13,57,2,Jonas,No,DAS,526798,184.0,,,401138.0,133.0,,,,,Natural,18,,No,125660.0,,https://youtu.be/1m6eUyN7RMw?t=675
2012,Semis,13,58,2,Eli Markstrom,Yes,DAS,529387,220.0,527107.0,218.0,272044.0,130.0,,,,,Intentional,18,,No,257343.0,,https://youtu.be/1m6eUyN7RMw?t=675
2012,Semis,13,59,3,Jonas,Yes,DAS,473674,150.0,447274.0,146.0,426754.0,131.0,,,,,Intentional,18,,No,46920.0,,https://youtu.be/1m6eUyN7RMw?t=1219
2012,Semis,13,60,3,Eli Markstrom,No,DAS,411214,148.0,,,396031.0,131.0,,,,,Natural,18,,No,15183.0,,https://youtu.be/1m6eUyN7RMw?t=1219
2012,Semis,14,61,1,Mike Winzinek,Yes,DAS,402665,225.0,397570.0,220.0,366885.0,191.0,,,,,Intentional,9,,No,,,https://youtu.be/1m6eUyN7RMw?t=47
2012,Semis,14,62,1,Alex Kerr,No,DAS,396451,178.0,,,,,,,,,Natural,9,,No,,,https://youtu.be/1m6eUyN7RMw?t=47
2012,Semis,14,63,2,Mike Winzinek,Yes,DAS,120992,39.0,120992.0,39.0,,,,,,,Intentional,18,,No,,,https://youtu.be/1m6eUyN7RMw?t=675
2012,Semis,14,64,2,Alex Kerr,No,DAS,43394,24.0,,,,,,,,,Natural,18,,No,,,https://youtu.be/1m6eUyN7RMw?t=675
2012,Finals,15,65,1,Jonas,Yes,DAS,103046,27.0,103046.0,27.0,,,,,,,Intentional,18,,No,,,https://youtu.be/JLHLc-6pTbI?t=1
2012,Finals,15,66,1,Mike Winzinek,No,DAS,58046,22.0,,,,,,,,,Natural,18,,No,,,https://youtu.be/JLHLc-6pTbI?t=1
2012,Finals,15,67,2,Jonas,Yes,DAS,654610,248.0,654610.0,248.0,515030.0,193.0,,,,,Intentional,9,,No,,,https://youtu.be/JLHLc-6pTbI?t=117
2012,Finals,15,68,2,Mike Winzinek,No,DAS,557286,272.0,,,410267.0,192.0,,,,,Natural,9,,No,,,https://youtu.be/JLHLc-6pTbI?t=117
2012,Finals,15,69,3,Jonas,Yes,DAS,327319,88.0,327319.0,88.0,,,,,,,Intentional,18,,No,,,https://youtu.be/JLHLc-6pTbI?t=873
2012,Finals,15,70,3,Mike Winzinek,No,DAS,215214,86.0,,,,,,,,,Natural,18,,No,,,https://youtu.be/JLHLc-6pTbI?t=873
2013,Top 8,16,71,1,Jonas,Yes,DAS,593047,200.0,593047.0,200.0,439107.0,130.0,,,,,Intentional,18,,No,153940.0,,https://youtu.be/qXU2Jf9T7Yw?t=1
2013,Top 8,16,72,1,Ben Mullen,No,DAS,560810,159.0,,,445650.0,130.0,,,,,Natural,18,,No,115160.0,,https://youtu.be/qXU2Jf9T7Yw?t=1
2013,Top 8,16,73,2,Jonas,No,DAS,103773,27.0,,,,,,,,,Natural,18,,No,,,https://youtu.be/qXU2Jf9T7Yw?t=592
2013,Top 8,16,74,2,Ben Mullen,Yes,DAS,173328,40.0,173328.0,40.0,,,,,,,Intentional,18,,No,,,https://youtu.be/qXU2Jf9T7Yw?t=592
2013,Top 8,16,75,3,Jonas,Yes,DAS,512517,169.0,511597.0,168.0,449877.0,130.0,,,,,Intentional,18,,No,62640.0,,https://youtu.be/qXU2Jf9T7Yw?t=1211
2013,Top 8,16,76,3,Ben Mullen,No,DAS,510129,169.0,,,401129.0,130.0,,,,,Natural,18,,No,109000.0,,https://youtu.be/qXU2Jf9T7Yw?t=1211
2013,Top 8,17,77,1,Chad,Yes,DAS,169498,56.0,169498.0,56.0,,,,,,,Intentional,18,,No,,,https://youtu.be/Ab4kEmKIx3w?t=4
2013,Top 8,17,78,1,Josh Tolles,No,DAS,108963,52.0,,,,,,,,,Natural,18,,No,,,https://youtu.be/Ab4kEmKIx3w?t=4
2013,Top 8,17,79,2,Chad,No,DAS,328020,166.0,,,,,,,,,Natural,13,,No,,,https://youtu.be/Ab4kEmKIx3w?t=272
2013,Top 8,17,80,2,Josh Tolles,Yes,DAS,467074,201.0,467074.0,201.0,386460.0,150.0,,,,,Natural,13,,No,,,https://youtu.be/Ab4kEmKIx3w?t=272
2013,Top 8,17,81,3,Chad,Yes,DAS,442960,189.0,442960.0,189.0,338240.0,130.0,,,,,Intentional,18,,No,104720.0,,https://youtu.be/Ab4kEmKIx3w?t=995
2013,Top 8,17,82,3,Josh Tolles,No,DAS,423778,191.0,,,338058.0,130.0,,,,,Natural,18,,No,85720.0,,https://youtu.be/Ab4kEmKIx3w?t=995
2013,Top 8,18,83,1,Harry Hong,Yes,DAS,248387,91.0,248387.0,91.0,,,,,,,Intentional,18,,No,,,https://youtu.be/Ab4kEmKIx3w?t=4
2013,Top 8,18,84,1,Jani Herlevi,No,DAS,202170,77.0,,,,,,,,,Natural,18,,No,,,https://youtu.be/Ab4kEmKIx3w?t=4
2013,Top 8,18,85,2,Harry Hong,Yes,DAS,574866,241.0,574866.0,241.0,354106.0,150.0,,,,,Natural,13,,No,,,https://youtu.be/Ab4kEmKIx3w?t=272
2013,Top 8,18,86,2,Jani Herlevi,No,DAS,559387,251.0,,,411527.0,150.0,558187.0,250.0,,,Natural,13,,No,,,https://youtu.be/Ab4kEmKIx3w?t=272
2013,Top 8,19,87,1,Buco,Yes,DAS,792471,232.0,781891.0,224.0,484931.0,132.0,791271.0,231.0,,,Natural,18,,No,306340.0,1200.0,https://youtu.be/qXU2Jf9T7Yw?t=1
2013,Top 8,19,88,1,Trey Harrison,No,DAS,533340,198.0,,,383900.0,130.0,,,,,Natural,18,,No,149440.0,,https://youtu.be/qXU2Jf9T7Yw?t=1
2013,Top 8,19,89,2,Buco,No,DAS,512406,162.0,,,462646.0,130.0,,,,,Natural,18,,No,49760.0,,https://youtu.be/qXU2Jf9T7Yw?t=592
2013,Top 8,19,90,2,Trey Harrison,Yes,DAS,515060,204.0,512900.0,202.0,425320.0,130.0,,,,,Intentional,18,,No,89740.0,,https://youtu.be/qXU2Jf9T7Yw?t=592
2013,Top 8,19,91,3,Buco,Yes,DAS,520546,166.0,520546.0,166.0,444366.0,132.0,,,,,Natural,18,,No,76180.0,,https://youtu.be/qXU2Jf9T7Yw?t=1211
2013,Top 8,19,92,3,Trey Harrison,No,DAS,483120,162.0,,,449080.0,130.0,,,,,Natural,18,,No,34040.0,,https://youtu.be/qXU2Jf9T7Yw?t=1211
2013,Semis,20,93,1,Jonas,Yes,DAS,476306,214.0,473506.0,212.0,317966.0,130.0,,,,,Intentional,18,,No,158340.0,,https://youtu.be/BwcEG5YLxok?t=2
2013,Semis,20,94,1,Chad,No,DAS,466760,144.0,,,455680.0,132.0,,,,,Natural,18,,No,11080.0,,https://youtu.be/BwcEG5YLxok?t=2
2013,Semis,20,95,2,Jonas,Yes,DAS,430851,156.0,430851.0,156.0,385651.0,131.0,,,,,Natural,18,,No,45200.0,,https://youtu.be/BwcEG5YLxok?t=552
2013,Semis,20,96,2,Chad,No,DAS,394940,163.0,,,322300.0,133.0,,,,,Natural,18,,No,72640.0,,https://youtu.be/BwcEG5YLxok?t=552
2013,Semis,21,97,1,Harry Hong,Yes,DAS,160744,48.0,160744.0,48.0,,,,,,,Intentional,18,,No,,,https://youtu.be/BwcEG5YLxok?t=2
2013,Semis,21,98,1,Buco,No,DAS,86444,34.0,,,,,,,,,Natural,18,,No,,,https://youtu.be/BwcEG5YLxok?t=2
2013,Semis,21,99,2,Harry Hong,Yes,DAS,489702,182.0,489702.0,182.0,399182.0,131.0,,,,,Intentional,18,,No,90520.0,,https://youtu.be/BwcEG5YLxok?t=552
2013,Semis,21,100,2,Buco,No,DAS,434537,163.0,,,338497.0,130.0,,,,,Natural,18,,No,96040.0,,https://youtu.be/BwcEG5YLxok?t=552
2013,Finals,22,101,1,Jonas,No,DAS,515080,157.0,,,466100.0,130.0,,,,,Natural,18,,No,48980.0,,https://youtu.be/9LT--Q5AG78?t=170
2013,Finals,22,102,1,Harry Hong,Yes,DAS,547305,182.0,547305.0,182.0,464565.0,130.0,,,,,Intentional,18,,No,82740.0,,https://youtu.be/9LT--Q5AG78?t=170
2013,Finals,22,103,2,Jonas,No,DAS,405660,149.0,,,365460.0,131.0,,,,,Natural,18,,No,40200.0,,https://youtu.be/9LT--Q5AG78?t=626
2013,Finals,22,104,2,Harry Hong,Yes,DAS,450222,132.0,450222.0,132.0,450222.0,132.0,,,,,Natural,18,,No,0.0,,https://youtu.be/9LT--Q5AG78?t=626
2013,Finals,22,105,3,Jonas,Yes,DAS,602971,179.0,602971.0,179.0,559031.0,133.0,,,,,Intentional,18,,No,43940.0,,https://youtu.be/9LT--Q5AG78?t=1061
2013,Finals,22,106,3,Harry Hong,No,DAS,528780,193.0,,,305528.0,130.0,,,,,Natural,18,,No,223252.0,,https://youtu.be/9LT--Q5AG78?t=1061
2013,Finals,22,107,4,Jonas,Yes,DAS,527183,185.0,527183.0,185.0,445583.0,131.0,,,,,Intentional,18,,No,81600.0,,https://youtu.be/9LT--Q5AG78?t=1545
2013,Finals,22,108,4,Harry Hong,No,DAS,524605,160.0,,,471533.0,131.0,,,,,Natural,18,,No,53072.0,,https://youtu.be/9LT--Q5AG78?t=1545
2013,Finals,22,109,5,Jonas,Yes,DAS,435504,135.0,435504.0,135.0,431904.0,131.0,,,,,Intentional,18,,No,3600.0,,https://youtu.be/9LT--Q5AG78?t=2066
2013,Finals,22,110,5,Harry Hong,No,DAS,428537,132.0,,,426937.0,130.0,,,,,Natural,18,,No,1600.0,,https://youtu.be/9LT--Q5AG78?t=2066
2014,Top 32,23,111,1,Jonas,Yes,DAS,413456,153.0,413456.0,153.0,381838.0,130.0,,,,,Intentional,18,,No,31618.0,,https://youtu.be/j50sCfJmZ6Y?t=1288
2014,Top 32,23,112,1,Trey Harrison,No,DAS,312160,141.0,,,303280.0,130.0,,,,,Natural,18,,No,8880.0,,https://youtu.be/j50sCfJmZ6Y?t=1288
2014,Top 32,23,113,2,Jonas,Yes,DAS,629024,200.0,629024.0,200.0,431004.0,131.0,,,,,Intentional,18,,No,198020.0,,https://youtu.be/j50sCfJmZ6Y?t=1686
2014,Top 32,23,114,2,Trey Harrison,No,DAS,507962,189.0,,,444302.0,132.0,,,,,Natural,18,,No,63660.0,,https://youtu.be/j50sCfJmZ6Y?t=1686
2014,Top 16,24,115,1,Cameron Eure,Yes,DAS,642660,,642660.0,,,,,,,,Natural,18,,No,,,https://youtu.be/S3bzN1l0aXQ?t=343
2014,Top 16,24,116,1,Eli Markstrom,No,DAS,440199,204.0,,,,,,,,,Natural,18,,No,,,https://youtu.be/S3bzN1l0aXQ?t=343
2014,Top 16,24,117,2,Cameron Eure,No,DAS,140600,,,,,,,,,,Natural,18,,No,,,https://youtu.be/S3bzN1l0aXQ?t=349
2014,Top 16,24,118,2,Eli Markstrom,Yes,DAS,335218,83.0,335218.0,83.0,,,,,,,Intentional,18,,No,,,https://youtu.be/S3bzN1l0aXQ?t=349
2014,Top 16,24,119,3,Cameron Eure,No,DAS,468540,,,,,,,,,,Natural,18,,No,,,https://youtu.be/S3bzN1l0aXQ?t=358
2014,Top 16,24,120,3,Eli Markstrom,Yes,DAS,475000,179.0,475000.0,179.0,,,,,,,Intentional,18,,No,,,https://youtu.be/S3bzN1l0aXQ?t=358
2014,Top 16,25,121,1,Terry Purcell,Yes,DAS,304281,100.0,304281.0,100.0,,,,,,,Intentional,18,,No,,,https://youtu.be/beyDCiirJK0?t=1964
2014,Top 16,25,122,1,Dana Wilcox,No,DAS,213852,86.0,,,,,,,,,Natural,18,,No,,,https://youtu.be/beyDCiirJK0?t=1964
2014,Top 16,25,123,2,Terry Purcell,Yes,DAS,594000,200.0,594000.0,200.0,468700.0,130.0,,,,,Intentional,18,,No,125300.0,,https://youtu.be/beyDCiirJK0?t=2259
2014,Top 16,25,124,2,Dana Wilcox,No,DAS,443204,182.0,,,339644.0,131.0,,,,,Natural,18,,No,103560.0,,https://youtu.be/beyDCiirJK0?t=2259
2014,Top 8,26,125,1,Alex Kerr,No,DAS,121220,68.0,,,,,,,,,Natural,18,,No,,,https://youtu.be/O20tFJwlsAE?t=1403
2014,Top 8,26,126,1,Eli Markstrom,Yes,DAS,244002,78.0,244002.0,78.0,,,,,,,Intentional,18,,No,,,https://youtu.be/O20tFJwlsAE?t=1403
2014,Top 8,26,127,2,Alex Kerr,Yes,DAS,489480,169.0,489480.0,169.0,451120.0,132.0,,,,,Intentional,18,,No,38360.0,,https://youtu.be/O20tFJwlsAE?t=1636
2014,Top 8,26,128,2,Eli Markstrom,No,DAS,474393,181.0,,,424530.0,133.0,,,,,Natural,18,,No,49863.0,,https://youtu.be/O20tFJwlsAE?t=1636
2014,Top 8,26,129,3,Alex Kerr,No,DAS,459100,202.0,,,355020.0,130.0,,,,,Natural,18,,No,104080.0,,https://youtu.be/O20tFJwlsAE?t=2112
2014,Top 8,26,130,3,Eli Markstrom,Yes,DAS,528941,220.0,528941.0,220.0,391287.0,131.0,,,,,Intentional,18,,No,137654.0,,https://youtu.be/O20tFJwlsAE?t=2112
2014,Top 8,27,131,1,Bo Steil,Yes,DAS,456240,164.0,456240.0,164.0,396400.0,130.0,,,,,Intentional,18,,No,59840.0,,https://youtu.be/aim5UdQl-Dk?t=1244
2014,Top 8,27,132,1,Harry Hong,No,DAS,429887,161.0,,,355712.0,130.0,,,,,Natural,18,,No,74175.0,,https://youtu.be/aim5UdQl-Dk?t=1244
2014,Top 8,27,133,2,Bo Steil,No,DAS,304767,93.0,,,,,,,,,Natural,18,,No,,,https://youtu.be/aim5UdQl-Dk?t=1668
2014,Top 8,27,134,2,Harry Hong,Yes,DAS,373174,108.0,373174.0,108.0,,,,,,,Intentional,18,,No,,,https://youtu.be/aim5UdQl-Dk?t=1668
2014,Top 8,27,135,3,Bo Steil,No,DAS,599280,152.0,,,553340.0,130.0,,,,,Natural,18,,No,45940.0,,https://youtu.be/aim5UdQl-Dk?t=1967
2014,Top 8,27,136,3,Harry Hong,Yes,DAS,601476,230.0,600276.0,229.0,356295.0,131.0,601476.0,230.0,,,Natural,18,,No,245181.0,0.0,https://youtu.be/aim5UdQl-Dk?t=1967
2014,Top 8,28,137,1,Jonas,Yes,DAS,190160,57.0,190160.0,57.0,,,,,,,Intentional,18,,No,,,https://youtu.be/aim5UdQl-Dk?t=251
2014,Top 8,28,138,1,Chris Brady,No,DAS,148181,57.0,,,,,,,,,Natural,18,,No,,,https://youtu.be/aim5UdQl-Dk?t=251
2014,Top 8,28,139,2,Jonas,Yes,DAS,560486,203.0,560486.0,203.0,408026.0,130.0,,,,,Intentional,18,,No,152460.0,,https://youtu.be/aim5UdQl-Dk?t=449
2014,Top 8,28,140,2,Chris Brady,No,DAS,536700,153.0,,,494060.0,130.0,,,,,Natural,18,,No,42640.0,,https://youtu.be/aim5UdQl-Dk?t=449
2014,Top 8,29,141,1,Terry Purcell,Yes,DAS,648082,201.0,648082.0,201.0,448062.0,131.0,,,,,Natural,18,,No,200020.0,,https://youtu.be/O20tFJwlsAE?t=507
2014,Top 8,29,142,1,Josh Tolles,No,DAS,542690,172.0,,,480070.0,131.0,,,,,Natural,18,,No,62620.0,,https://youtu.be/O20tFJwlsAE?t=507
2014,Top 8,29,143,2,Terry Purcell,Yes,DAS,179989,51.0,179989.0,51.0,,,,,,,Intentional,18,,No,,,https://youtu.be/O20tFJwlsAE?t=999
2014,Top 8,29,144,2,Josh Tolles,No,DAS,131726,37.0,,,,,,,,,Natural,18,,No,,,https://youtu.be/O20tFJwlsAE?t=999
2014,Semis,30,145,1,Eli Markstrom,No,DAS,350098,131.0,,,349295.0,130.0,,,,,Natural,18,,No,803.0,,https://youtu.be/O20tFJwlsAE?t=2830
2014,Semis,30,146,1,Harry Hong,Yes,DAS,443506,145.0,443506.0,145.0,426645.0,131.0,,,,,Intentional,18,,No,16861.0,,https://youtu.be/O20tFJwlsAE?t=2830
2014,Semis,30,147,2,Eli Markstrom,No,DAS,337380,132.0,,,335380.0,130.0,,,,,Natural,18,,No,2000.0,,https://youtu.be/O20tFJwlsAE?t=3205
2014,Semis,30,148,2,Harry Hong,Yes,DAS,346165,84.0,346165.0,84.0,,,,,,,Natural,18,,No,,,https://youtu.be/O20tFJwlsAE?t=3205
2014,Semis,31,149,1,Jonas,Yes,DAS,544043,148.0,544043.0,148.0,500683.0,130.0,,,,,Intentional,18,,No,43360.0,,https://youtu.be/O20tFJwlsAE?t=3982
2014,Semis,31,150,1,Terry Purcell,No,DAS,453714,167.0,,,415754.0,130.0,,,,,Natural,18,,No,37960.0,,https://youtu.be/O20tFJwlsAE?t=3982
2014,Semis,31,151,2,Jonas,Yes,DAS,496376,142.0,496376.0,142.0,465456.0,130.0,,,,,Intentional,18,,No,30920.0,,https://youtu.be/O20tFJwlsAE?t=4403
2014,Semis,31,152,2,Terry Purcell,No,DAS,306651,155.0,,,284531.0,130.0,,,,,Natural,18,,No,22120.0,,https://youtu.be/O20tFJwlsAE?t=4403
2014,Finals,32,153,1,Harry Hong,No,DAS,659542,224.0,,,413854.0,131.0,,,,,Natural,18,,No,245688.0,,https://youtu.be/UoZFbdjQwuY?t=15
2014,Finals,32,154,1,Jonas,Yes,DAS,696881,219.0,696881.0,219.0,481221.0,130.0,,,,,Intentional,18,,No,215660.0,,https://youtu.be/UoZFbdjQwuY?t=15
2014,Finals,32,155,2,Harry Hong,Yes,DAS,664925,199.0,664925.0,199.0,509642.0,130.0,,,,,Intentional,18,,No,155283.0,,https://youtu.be/UoZFbdjQwuY?t=565
2014,Finals,32,156,2,Jonas,No,DAS,592967,177.0,,,449367.0,133.0,,,,,Natural,18,,No,143600.0,,https://youtu.be/UoZFbdjQwuY?t=565
2014,Finals,32,157,3,Harry Hong,Yes,DAS,731651,228.0,731651.0,228.0,496003.0,130.0,,,,,Intentional,18,,No,235648.0,,https://youtu.be/UoZFbdjQwuY?t=1052
2014,Finals,32,158,3,Jonas,No,DAS,651104,211.0,,,414784.0,130.0,,,,,Natural,18,,No,236320.0,,https://youtu.be/UoZFbdjQwuY?t=1052
2014,Finals,32,159,4,Harry Hong,Yes,DAS,598953,195.0,598953.0,195.0,468107.0,131.0,,,,,Intentional,18,,No,130846.0,,https://youtu.be/UoZFbdjQwuY?t=1605
2014,Finals,32,160,4,Jonas,No,DAS,491952,179.0,,,392712.0,130.0,,,,,Natural,18,,No,99240.0,,https://youtu.be/UoZFbdjQwuY?t=1605
2015,Top 32,33,161,1,Danny Vulich,No,DAS,256920,154.0,,,228480.0,130.0,,,,,Natural,18,,No,28440.0,,https://youtu.be/Zut2VHEVkXI?t=5
2015,Top 32,33,162,1,Joey Parker,Yes,DAS,270479,83.0,270479.0,83.0,,,,,,,Natural,18,,No,,,https://youtu.be/Zut2VHEVkXI?t=5
2015,Top 32,33,163,2,Danny Vulich,No,DAS,498654,161.0,,,427674.0,130.0,,,,,Natural,18,,No,70980.0,,https://youtu.be/Zut2VHEVkXI?t=433
2015,Top 32,33,164,2,Joey Parker,Yes,DAS,540550,176.0,540550.0,176.0,447971.0,130.0,,,,,Intentional,18,,No,92579.0,,https://youtu.be/Zut2VHEVkXI?t=433
2015,Top 32,34,165,1,Chad,No,DAS,279824,132.0,,,277824.0,130.0,,,,,Natural,18,,No,2000.0,,https://youtu.be/Zut2VHEVkXI?t=5
2015,Top 32,34,166,1,Vince,Yes,DAS,295789,88.0,295789.0,88.0,,,,,,,Natural,18,,No,,,https://youtu.be/Zut2VHEVkXI?t=5
2015,Top 32,34,167,2,Chad,Yes,DAS,457461,223.0,457461.0,223.0,401201.0,191.0,,,,,Intentional,9,,No,,,https://youtu.be/Zut2VHEVkXI?t=376
2015,Top 32,34,168,2,Vince,No,DAS,454753,193.0,,,453153.0,191.0,,,,,Natural,9,,No,,,https://youtu.be/Zut2VHEVkXI?t=376
2015,Top 32,34,169,3,Chad,Yes,DAS,334465,132.0,334465.0,132.0,334465.0,132.0,,,,,Intentional,18,,No,0.0,,https://youtu.be/Zut2VHEVkXI?t=1169
2015,Top 32,34,170,3,Vince,No,DAS,311600,102.0,,,,,,,,,Natural,18,,No,,,https://youtu.be/Zut2VHEVkXI?t=1169
2015,Top 32,35,171,1,Jonas,Yes,DAS,420928,171.0,420928.0,171.0,358188.0,130.0,,,,,Intentional,18,,No,62740.0,,https://youtu.be/Zut2VHEVkXI?t=1029
2015,Top 32,35,172,1,Robin Mihara,No,DAS,419032,151.0,,,375552.0,130.0,,,,,Natural,18,,No,43480.0,,https://youtu.be/Zut2VHEVkXI?t=1029
2015,Top 32,35,173,2,Jonas,Yes,DAS,368679,126.0,368679.0,126.0,,,,,,,Intentional,15,,No,,,https://youtu.be/Zut2VHEVkXI?t=1481
2015,Top 32,35,174,2,Robin Mihara,No,DAS,270272,130.0,,,270272.0,130.0,,,,,Natural,15,,No,,,https://youtu.be/Zut2VHEVkXI?t=1481
2015,Top 32,36,175,1,Dana Wilcox,Yes,DAS,478510,126.0,478510.0,126.0,,,,,,,Natural,18,,No,,,https://youtu.be/Zut2VHEVkXI?t=1638
2015,Top 32,36,176,1,TheMetalBeast,No,DAS,460860,167.0,,,402480.0,132.0,,,,,Natural,18,,No,58380.0,,https://youtu.be/Zut2VHEVkXI?t=1638
2015,Top 32,36,177,2,Dana Wilcox,No,DAS,76394,45.0,,,,,,,,,Natural,18,,No,,,https://youtu.be/Zut2VHEVkXI?t=2125
2015,Top 32,36,178,2,TheMetalBeast,Yes,DAS,126920,51.0,126920.0,51.0,,,,,,,Intentional,18,,No,,,https://youtu.be/Zut2VHEVkXI?t=2125
2015,Top 32,36,179,3,Dana Wilcox,No,DAS,125407,33.0,,,,,,,,,Natural,18,,No,,,https://youtu.be/Zut2VHEVkXI?t=2321
2015,Top 32,36,180,3,TheMetalBeast,Yes,DAS,128060,49.0,128060.0,49.0,,,,,,,Intentional,18,,No,,,https://youtu.be/Zut2VHEVkXI?t=2321
2015,Top 32,37,181,1,Trey Harrison,No,DAS,359394,154.0,,,340914.0,133.0,,,,,Natural,18,,No,18480.0,,https://youtu.be/Zut2VHEVkXI?t=2078
2015,Top 32,37,182,1,Mike Winzinek,Yes,DAS,466492,165.0,466492.0,165.0,401639.0,130.0,,,,,Intentional,18,,No,64853.0,,https://youtu.be/Zut2VHEVkXI?t=2078
2015,Top 32,37,183,2,Trey Harrison,No,DAS,408129,145.0,,,396289.0,131.0,,,,,Natural,18,,No,11840.0,,https://youtu.be/Zut2VHEVkXI?t=2510
2015,Top 32,37,184,2,Mike Winzinek,Yes,DAS,499371,153.0,499371.0,153.0,452833.0,131.0,,,,,Intentional,18,,No,46538.0,,https://youtu.be/Zut2VHEVkXI?t=2510
2015,Top 32,38,185,1,Buco,Yes,DAS,131572,38.0,131572.0,38.0,,,,,,,Intentional,18,,No,,,https://youtu.be/Zut2VHEVkXI?t=3008
2015,Top 32,38,186,1,Gin Morgan,No,DAS,109472,30.0,,,,,,,,,Natural,18,,No,,,https://youtu.be/Zut2VHEVkXI?t=3008
2015,Top 32,38,187,2,Buco,Yes,DAS,224346,135.0,224346.0,135.0,,,,,,,Intentional,9,,No,,,https://youtu.be/Zut2VHEVkXI?t=3144
2015,Top 32,38,188,2,Gin Morgan,No,DAS,217597,107.0,,,,,,,,,Natural,9,,No,,,https://youtu.be/Zut2VHEVkXI?t=3144
2015,Top 32,39,189,1,Schoolmaster,Yes,DAS,442091,129.0,442091.0,129.0,,,,,,,Intentional,18,,No,,,https://youtu.be/Zut2VHEVkXI?t=3122
2015,Top 32,39,190,1,Cameron Eure,No,DAS,325660,106.0,,,,,,,,,Natural,18,,No,,,https://youtu.be/Zut2VHEVkXI?t=3122
2015,Top 32,39,191,2,Schoolmaster,No,DAS,302821,117.0,,,,,,,,,Natural,18,,No,,,https://youtu.be/Zut2VHEVkXI?t=3473
2015,Top 32,39,192,2,Cameron Eure,Yes,DAS,316640,94.0,316640.0,94.0,,,,,,,Natural,18,,No,,,https://youtu.be/Zut2VHEVkXI?t=3473
2015,Top 32,39,193,3,Schoolmaster,Yes,DAS,278783,77.0,278783.0,77.0,,,,,,,Intentional,18,,No,,,https://youtu.be/Zut2VHEVkXI?t=3814
2015,Top 32,39,194,3,Cameron Eure,No,DAS,249280,62.0,,,,,,,,,Natural,18,,No,,,https://youtu.be/Zut2VHEVkXI?t=3814
2015,Top 16,40,195,1,Chris Brady,No,DAS,24797,6.0,,,,,,,,,Natural,18,,No,,,https://youtu.be/nIQ5iSULr9s?t=14
2015,Top 16,40,196,1,Chad,Yes,DAS,49020,12.0,49020.0,12.0,,,,,,,Intentional,18,,No,,,https://youtu.be/nIQ5iSULr9s?t=14
2015,Top 16,40,197,2,Chris Brady,Yes,DAS,459855,174.0,459855.0,174.0,410195.0,130.0,,,,,Intentional,18,,No,49660.0,,https://youtu.be/nIQ5iSULr9s?t=90
2015,Top 16,40,198,2,Chad,No,DAS,311820,158.0,,,285820.0,133.0,,,,,Natural,18,,No,26000.0,,https://youtu.be/nIQ5iSULr9s?t=90
2015,Top 16,40,199,3,Chris Brady,No,DAS,258765,153.0,,,237085.0,130.0,,,,,Natural,18,,No,21680.0,,https://youtu.be/nIQ5iSULr9s?t=560
2015,Top 16,40,200,3,Chad,Yes,DAS,415940,140.0,415940.0,140.0,406700.0,130.0,,,,,Intentional,18,,No,9240.0,,https://youtu.be/nIQ5iSULr9s?t=560
2015,Top 16,41,201,1,Terry Purcell,Yes,DAS,85063,28.0,85063.0,28.0,,,,,,,Intentional,18,,No,,,https://youtu.be/nIQ5iSULr9s?t=14
2015,Top 16,41,202,1,David Vulich,No,DAS,54000,18.0,,,,,,,,,Natural,18,,No,,,https://youtu.be/nIQ5iSULr9s?t=14
2015,Top 16,41,203,2,Terry Purcell,Yes,DAS,475188,159.0,475188.0,159.0,426948.0,132.0,,,,,Intentional,18,,No,48240.0,,https://youtu.be/nIQ5iSULr9s?t=118
2015,Top 16,41,204,2,David Vulich,No,DAS,456406,142.0,,,446266.0,131.0,,,,,Natural,18,,No,10140.0,,https://youtu.be/nIQ5iSULr9s?t=118
2015,Top 16,42,205,1,Harry Hong,Yes,DAS,544334,145.0,544334.0,145.0,530814.0,130.0,,,,,Intentional,18,,No,13520.0,,https://youtu.be/nIQ5iSULr9s?t=777
2015,Top 16,42,206,1,Mike Winzinek,No,DAS,436465,139.0,,,408859.0,131.0,,,,,Natural,18,,No,27606.0,,https://youtu.be/nIQ5iSULr9s?t=777
2015,Top 16,42,207,2,Harry Hong,Yes,DAS,430710,210.0,430710.0,210.0,412550.0,191.0,,,,,Intentional,9,,No,,,https://youtu.be/nIQ5iSULr9s?t=1171
2015,Top 16,42,208,2,Mike Winzinek,No,DAS,345273,203.0,,,335091.0,192.0,,,,,Natural,9,,No,,,https://youtu.be/nIQ5iSULr9s?t=1171
2015,Top 16,43,209,1,Quaid,Yes,DAS,486691,145.0,486691.0,145.0,453571.0,131.0,,,,,Intentional,18,,No,33120.0,,https://youtu.be/nIQ5iSULr9s?t=1115
2015,Top 16,43,210,1,Jani Herlevi,No,DAS,461240,136.0,,,456040.0,130.0,,,,,Natural,18,,No,5200.0,,https://youtu.be/nIQ5iSULr9s?t=1115
2015,Top 16,43,211,2,Quaid,No,DAS,428263,145.0,,,415203.0,130.0,,,,,Natural,18,,No,13060.0,,https://youtu.be/nIQ5iSULr9s?t=1516
2015,Top 16,43,212,2,Jani Herlevi,Yes,DAS,446460,161.0,446460.0,161.0,418440.0,131.0,,,,,Intentional,18,,No,28020.0,,https://youtu.be/nIQ5iSULr9s?t=1516
2015,Top 16,43,213,3,Quaid,Yes,DAS,96545,22.0,96545.0,22.0,,,,,,,Intentional,18,,No,,,https://youtu.be/nIQ5iSULr9s?t=1952
2015,Top 16,43,214,3,Jani Herlevi,No,DAS,17860,17.0,,,,,,,,,Natural,18,,No,,,https://youtu.be/nIQ5iSULr9s?t=1952
2015,Top 8,44,215,1,Alex Kerr,Yes,DAS,109127,45.0,109127.0,45.0,,,,,,,Intentional,18,,No,,,https://youtu.be/kwAIfYcicv0?t=2
2015,Top 8,44,216,1,Chad,No,DAS,85500,33.0,,,,,,,,,Natural,18,,No,,,https://youtu.be/kwAIfYcicv0?t=2
2015,Top 8,44,217,2,Alex Kerr,Yes,DAS,577011,175.0,577011.0,175.0,485691.0,130.0,,,,,Natural,18,,No,91320.0,,https://youtu.be/kwAIfYcicv0?t=397
2015,Top 8,44,218,2,Chad,No,DAS,377005,197.0,,,272185.0,131.0,,,,,Natural,18,,No,104820.0,,https://youtu.be/kwAIfYcicv0?t=397
2015,Top 8,45,219,1,Jonas,Yes,DAS,523722,136.0,523722.0,136.0,519322.0,131.0,,,,,Intentional,18,,No,4400.0,,https://youtu.be/kwAIfYcicv0?t=2
2015,Top 8,45,220,1,Terry Purcell,No,DAS,282505,139.0,,,275305.0,131.0,,,,,Natural,18,,No,7200.0,,https://youtu.be/kwAIfYcicv0?t=2
2015,Top 8,45,221,2,Jonas,Yes,DAS,673215,229.0,673215.0,229.0,352415.0,133.0,,,,,Intentional,18,,No,320800.0,,https://youtu.be/kwAIfYcicv0?t=397
2015,Top 8,45,222,2,Terry Purcell,No,DAS,655533,232.0,,,353693.0,131.0,653133.0,230.0,,,Natural,18,,No,299440.0,2400.0,https://youtu.be/kwAIfYcicv0?t=397
2015,Top 8,46,223,1,Harry Hong,Yes,DAS,502724,149.0,502724.0,149.0,463544.0,130.0,,,,,Intentional,18,,No,39180.0,,https://youtu.be/kwAIfYcicv0?t=1325
2015,Top 8,46,224,1,Buco,No,DAS,373893,133.0,,,371493.0,130.0,,,,,Natural,18,,No,2400.0,,https://youtu.be/kwAIfYcicv0?t=1325
2015,Top 8,46,225,2,Harry Hong,Yes,DAS,730190,230.0,730190.0,230.0,461630.0,130.0,730190.0,230.0,,,Natural,18,,No,268560.0,0.0,https://youtu.be/kwAIfYcicv0?t=1752
2015,Top 8,46,226,2,Buco,No,DAS,670193,230.0,,,414773.0,131.0,670193.0,230.0,,,Natural,18,,No,255420.0,0.0,https://youtu.be/kwAIfYcicv0?t=1752
2015,Top 8,47,227,1,Bo Steil,No,DAS,481471,152.0,,,461449.0,133.0,,,,,Natural,18,,No,20022.0,,https://youtu.be/kwAIfYcicv0?t=1325
2015,Top 8,47,228,1,Quaid,Yes,DAS,483583,155.0,483583.0,155.0,442023.0,132.0,,,,,Intentional,18,,No,41560.0,,https://youtu.be/kwAIfYcicv0?t=1325
2015,Top 8,47,229,2,Bo Steil,Yes,DAS,530380,147.0,530380.0,147.0,493800.0,133.0,,,,,Natural,18,,No,36580.0,,https://youtu.be/kwAIfYcicv0?t=1752
2015,Top 8,47,230,2,Quaid,No,DAS,458069,154.0,,,435529.0,130.0,,,,,Natural,18,,No,22540.0,,https://youtu.be/kwAIfYcicv0?t=1752
2015,Top 8,47,231,3,Bo Steil,No,DAS,636900,185.0,,,508700.0,130.0,,,,,Natural,18,,No,128200.0,,https://youtu.be/kwAIfYcicv0?t=2335
2015,Top 8,47,232,3,Quaid,Yes,DAS,656851,212.0,656851.0,212.0,413991.0,133.0,,,,,Intentional,18,,No,242860.0,,https://youtu.be/kwAIfYcicv0?t=2335
2015,Semis,48,233,1,Alex Kerr,Yes,DAS,669579,222.0,669579.0,222.0,439739.0,133.0,,,,,Intentional,18,,No,229840.0,,https://youtu.be/SgCY7rf7a_M?t=13
2015,Semis,48,234,1,Jonas,No,DAS,608090,216.0,,,348870.0,130.0,,,,,Natural,18,,No,259220.0,,https://youtu.be/SgCY7rf7a_M?t=13
2015,Semis,48,235,2,Alex Kerr,No,DAS,437552,133.0,,,435152.0,130.0,,,,,Natural,18,,No,2400.0,,https://youtu.be/SgCY7rf7a_M?t=595
2015,Semis,48,236,2,Jonas,Yes,DAS,534780,139.0,534780.0,139.0,524380.0,131.0,,,,,Intentional,18,,No,10400.0,,https://youtu.be/SgCY7rf7a_M?t=595
2015,Semis,48,237,3,Alex Kerr,No,DAS,544872,165.0,,,425672.0,130.0,,,,,Natural,18,,No,119200.0,,https://youtu.be/SgCY7rf7a_M?t=1000
2015,Semis,48,238,3,Jonas,Yes,DAS,612693,170.0,612693.0,170.0,526873.0,130.0,,,,,Intentional,18,,No,85820.0,,https://youtu.be/SgCY7rf7a_M?t=1000
2015,Semis,49,239,1,Harry Hong,No,DAS,590868,215.0,,,464548.0,130.0,,,,,Natural,18,,No,126320.0,,https://youtu.be/yIkzRpdm7Mk?t=23
2015,Semis,49,240,1,Quaid,Yes,DAS,633319,192.0,633319.0,192.0,433379.0,130.0,,,,,Natural,18,,No,199940.0,,https://youtu.be/yIkzRpdm7Mk?t=23
2015,Semis,49,241,2,Harry Hong,No,DAS,506980,159.0,,,472440.0,132.0,,,,,Natural,18,,No,34540.0,,https://youtu.be/yIkzRpdm7Mk?t=557
2015,Semis,49,242,2,Quaid,Yes,DAS,520951,169.0,520951.0,169.0,431531.0,130.0,,,,,Intentional,18,,No,89420.0,,https://youtu.be/yIkzRpdm7Mk?t=557
2015,Finals,50,243,1,Jonas,Yes,DAS,648563,224.0,648563.0,224.0,504443.0,130.0,,,,,Intentional,18,,No,144120.0,,https://youtu.be/jH2HGTkAhWo?t=22
2015,Finals,50,244,1,Quaid,No,DAS,553891,231.0,,,372931.0,130.0,553891.0,231.0,,,Natural,18,,No,180960.0,0.0,https://youtu.be/jH2HGTkAhWo?t=22
2015,Finals,50,245,2,Jonas,Yes,DAS,482646,150.0,482646.0,150.0,464546.0,130.0,,,,,Intentional,18,,No,18100.0,,https://youtu.be/jH2HGTkAhWo?t=617
2015,Finals,50,246,2,Quaid,No,DAS,416424,141.0,,,406744.0,130.0,,,,,Natural,18,,No,9680.0,,https://youtu.be/jH2HGTkAhWo?t=617
2015,Finals,50,247,3,Jonas,No,DAS,623050,209.0,,,463469.0,131.0,,,,,Natural,18,,No,159581.0,,https://youtu.be/jH2HGTkAhWo?t=1034
2015,Finals,50,248,3,Quaid,Yes,DAS,649058,217.0,649058.0,217.0,443238.0,130.0,,,,,Natural,18,,No,205820.0,,https://youtu.be/jH2HGTkAhWo?t=1034
2015,Finals,50,249,4,Jonas,Yes,DAS,554874,182.0,554874.0,182.0,454794.0,130.0,,,,,Intentional,18,,No,100080.0,,https://youtu.be/jH2HGTkAhWo?t=1617
2015,Finals,50,250,4,Quaid,No,DAS,551013,156.0,,,522673.0,130.0,,,,,Natural,18,,No,28340.0,,https://youtu.be/jH2HGTkAhWo?t=1617
2016,Top 32,51,251,1,Jake Stein,No,DAS,284245,79.0,,,,,,,,,Natural,18,,Yes,,,https://youtu.be/-HGQB76zgRo?t=3667
2016,Top 32,51,252,1,Chad,Yes,DAS,345040,83.0,345040.0,83.0,,,,,,,Intentional,18,,Yes,,,https://youtu.be/-HGQB76zgRo?t=3667
2016,Top 32,51,253,2,Jake Stein,No,DAS,483148,202.0,,,292019.0,131.0,,,,,Natural,18,,Yes,191129.0,,https://youtu.be/-HGQB76zgRo?t=3942
2016,Top 32,51,254,2,Chad,Yes,DAS,515380,196.0,515380.0,196.0,442420.0,130.0,,,,,Intentional,18,,Yes,72960.0,,https://youtu.be/-HGQB76zgRo?t=3942
2016,Top 32,52,255,1,Quaid,Yes,DAS,161179,45.0,161179.0,45.0,,,,,,,Intentional,18,,Yes,,,https://youtu.be/-HGQB76zgRo?t=3581
2016,Top 32,52,256,1,Adam Cornelius,No,DAS,51680,,,,,,,,,,Natural,18,,Yes,,,https://youtu.be/-HGQB76zgRo?t=3581
2016,Top 32,52,257,2,Quaid,Yes,DAS,437060,146.0,437060.0,146.0,422340.0,130.0,,,,,Intentional,15,,Yes,,,https://youtu.be/-HGQB76zgRo?t=3734
2016,Top 32,52,258,2,Adam Cornelius,No,DAS,298780,,,,,,,,,,Natural,15,,Yes,,,https://youtu.be/-HGQB76zgRo?t=3734
2016,Top 32,53,259,1,Mike Winzinek,Yes,DAS,529559,169.0,529559.0,169.0,487649.0,130.0,,,,,Intentional,18,,Yes,41910.0,,https://youtu.be/-HGQB76zgRo?t=1137
2016,Top 32,53,260,1,Dana Wilcox,No,DAS,503940,147.0,,,488020.0,132.0,,,,,Natural,18,,Yes,15920.0,,https://youtu.be/-HGQB76zgRo?t=1137
2016,Top 32,53,261,2,Mike Winzinek,Yes,DAS,440532,180.0,440532.0,180.0,388049.0,132.0,,,,,Intentional,15,,Yes,,,https://youtu.be/-HGQB76zgRo?t=1619
2016,Top 32,53,262,2,Dana Wilcox,No,DAS,394497,149.0,,,373437.0,130.0,,,,,Natural,15,,Yes,,,https://youtu.be/-HGQB76zgRo?t=1619
2016,Top 32,54,263,1,Jani Herlevi,Yes,DAS,278945,150.0,278945.0,150.0,258665.0,131.0,,,,,Intentional,15,,Yes,,,https://youtu.be/-HGQB76zgRo?t=1830
2016,Top 32,54,264,1,Vince,No,DAS,277630,,,,,,,,,,Natural,15,,Yes,,,https://youtu.be/-HGQB76zgRo?t=1830
2016,Top 32,54,265,2,Jani Herlevi,Yes,DAS,91200,35.0,91200.0,35.0,,,,,,,Intentional,18,,Yes,,,https://youtu.be/-HGQB76zgRo?t=2297
2016,Top 32,54,266,2,Vince,No,DAS,82840,,,,,,,,,,Natural,18,,Yes,,,https://youtu.be/-HGQB76zgRo?t=2297
2016,Top 32,55,267,1,Eli Markstrom,Yes,DAS,440354,143.0,440354.0,143.0,406637.0,130.0,,,,,Intentional,18,,Yes,33717.0,,https://youtu.be/-HGQB76zgRo?t=2404
2016,Top 32,55,268,1,Buco,No,DAS,336780,119.0,,,,,,,,,Natural,18,,Yes,,,https://youtu.be/-HGQB76zgRo?t=2404
2016,Top 32,55,269,2,Eli Markstrom,Yes,DAS,724609,230.0,724609.0,230.0,450523.0,133.0,724609.0,230.0,,,Natural,18,,Yes,274086.0,0.0,https://youtu.be/-HGQB76zgRo?t=2818
2016,Top 32,55,270,2,Buco,No,DAS,633990,223.0,,,371830.0,133.0,,,,,Natural,18,,Yes,262160.0,,https://youtu.be/-HGQB76zgRo?t=2818
2016,Top 32,56,271,1,Chris Brady,No,DAS,428371,,,,,,,,,,Natural,18,,Yes,,,https://youtu.be/-HGQB76zgRo?t=2670
2016,Top 32,56,272,1,Trey Harrison,Yes,DAS,484471,152.0,484471.0,152.0,464551.0,130.0,,,,,Intentional,18,,Yes,19920.0,,https://youtu.be/-HGQB76zgRo?t=2670
2016,Top 32,56,273,2,Chris Brady,No,DAS,35878,,,,,,,,,,Natural,18,,Yes,,,https://youtu.be/-HGQB76zgRo?t=3101
2016,Top 32,56,274,2,Trey Harrison,Yes,DAS,118949,26.0,118949.0,26.0,,,,,,,Intentional,18,,Yes,,,https://youtu.be/-HGQB76zgRo?t=3101
2016,Top 32,57,275,1,Joey Parker,Yes,DAS,348122,136.0,348122.0,136.0,322522.0,130.0,,,,,Natural,18,,Yes,25600.0,,https://youtu.be/-HGQB76zgRo?t=41
2016,Top 32,57,276,1,TheMetalBeast,No,DAS,265732,,,,265732.0,,,,,,Natural,18,,Yes,,,https://youtu.be/-HGQB76zgRo?t=41
2016,Top 32,57,277,2,Joey Parker,No,DAS,458028,195.0,,,346277.0,131.0,,,,,Natural,18,,Yes,111751.0,,https://youtu.be/-HGQB76zgRo?t=449
2016,Top 32,57,278,2,TheMetalBeast,Yes,DAS,458626,,458626.0,,,,,,,,Natural,18,,Yes,,,https://youtu.be/-HGQB76zgRo?t=449
2016,Top 32,57,279,3,Joey Parker,Yes,DAS,472056,134.0,472056.0,134.0,468454.0,130.0,,,,,Natural,18,,Yes,3602.0,,https://youtu.be/-HGQB76zgRo?t=976
2016,Top 32,57,280,3,TheMetalBeast,No,DAS,421787,,,,365000.0,,,,,,Natural,18,,Yes,,,https://youtu.be/-HGQB76zgRo?t=976
2016,Top 32,58,281,1,Ben Mullen,Yes,DAS,471500,176.0,471500.0,176.0,374360.0,130.0,,,,,Intentional,18,,Yes,97140.0,,https://youtu.be/-HGQB76zgRo?t=41
2016,Top 32,58,282,1,Frank Westphal,No,DAS,445400,153.0,,,423800.0,130.0,,,,,Natural,18,,Yes,21600.0,,https://youtu.be/-HGQB76zgRo?t=41
2016,Top 32,58,283,2,Ben Mullen,Yes,DAS,610340,168.0,610340.0,168.0,500120.0,130.0,,,,,Intentional,18,,Yes,110220.0,,https://youtu.be/-HGQB76zgRo?t=516
2016,Top 32,58,284,2,Frank Westphal,No,DAS,354740,155.0,,,324620.0,130.0,,,,,Natural,18,,Yes,30120.0,,https://youtu.be/-HGQB76zgRo?t=516
2016,Top 16,59,285,1,Harry Hong,Yes,DAS,525526,166.0,525526.0,166.0,488556.0,131.0,,,,,Natural,18,,Yes,36970.0,,https://youtu.be/B-_fKRYJzBQ?t=13
2016,Top 16,59,286,1,Chad,No,DAS,411500,163.0,,,381960.0,133.0,,,,,Natural,18,,Yes,29540.0,,https://youtu.be/B-_fKRYJzBQ?t=13
2016,Top 16,59,287,2,Harry Hong,Yes,DAS,535947,176.0,535947.0,176.0,416607.0,131.0,,,,,Intentional,18,,Yes,119340.0,,https://youtu.be/B-_fKRYJzBQ?t=479
2016,Top 16,59,288,2,Chad,No,DAS,466560,153.0,,,437060.0,130.0,,,,,Natural,18,,Yes,29500.0,,https://youtu.be/B-_fKRYJzBQ?t=479
2016,Top 16,60,289,1,Quaid,Yes,DAS,581838,196.0,581838.0,196.0,386552.0,130.0,,,,,Intentional,18,,Yes,195286.0,,https://youtu.be/B-_fKRYJzBQ?t=13
2016,Top 16,60,290,1,Terry Purcell,No,DAS,573600,181.0,,,369040.0,131.0,,,,,Natural,18,,Yes,204560.0,,https://youtu.be/B-_fKRYJzBQ?t=13
2016,Top 16,60,291,2,Quaid,Yes,DAS,794768,232.0,794768.0,232.0,488888.0,130.0,793568.0,231.0,,,Natural,18,,Yes,304680.0,1200.0,https://youtu.be/B-_fKRYJzBQ?t=537
2016,Top 16,60,292,2,Terry Purcell,No,DAS,788307,228.0,,,434407.0,132.0,,,,,Natural,18,,Yes,353900.0,,https://youtu.be/B-_fKRYJzBQ?t=537
2016,Top 16,61,293,1,Koryan,Yes,Tap,364341,103.0,364341.0,103.0,,,,,,,Natural,18,,Yes,,,https://youtu.be/B-_fKRYJzBQ?t=1326
2016,Top 16,61,294,1,Eli Markstrom,No,DAS,309323,133.0,,,306923.0,130.0,,,,,Natural,18,,Yes,2400.0,,https://youtu.be/B-_fKRYJzBQ?t=1326
2016,Top 16,61,295,2,Koryan,No,Tap,517102,142.0,,,505782.0,133.0,,,,,Natural,18,,Yes,11320.0,,https://youtu.be/B-_fKRYJzBQ?t=1708
2016,Top 16,61,296,2,Eli Markstrom,Yes,DAS,533979,195.0,533979.0,195.0,412154.0,130.0,,,,,Intentional,18,,Yes,121825.0,,https://youtu.be/B-_fKRYJzBQ?t=1708
2016,Top 16,61,297,3,Koryan,Yes,Tap,677352,155.0,677352.0,155.0,586792.0,130.0,,,,,Natural,18,,Yes,90560.0,,https://youtu.be/B-_fKRYJzBQ?t=2207
2016,Top 16,61,298,3,Eli Markstrom,No,DAS,474351,193.0,,,393704.0,130.0,,,,,Natural,18,,Yes,80647.0,,https://youtu.be/B-_fKRYJzBQ?t=2207
2016,Top 16,62,299,1,Alex Kerr,Yes,DAS,633100,180.0,633100.0,180.0,525600.0,130.0,,,,,Intentional,18,,Yes,107500.0,,https://youtu.be/B-_fKRYJzBQ?t=1138
2016,Top 16,62,300,1,Ben Mullen,No,DAS,551780,172.0,,,465180.0,133.0,,,,,Natural,18,,Yes,86600.0,,https://youtu.be/B-_fKRYJzBQ?t=1138
2016,Top 16,62,301,2,Alex Kerr,Yes,DAS,480200,147.0,480200.0,147.0,467460.0,133.0,,,,,Intentional,18,,Yes,12740.0,,https://youtu.be/B-_fKRYJzBQ?t=1618
2016,Top 16,62,302,2,Ben Mullen,No,DAS,476920,147.0,,,461360.0,130.0,,,,,Natural,18,,Yes,15560.0,,https://youtu.be/B-_fKRYJzBQ?t=1618
2016,Top 8,63,303,1,Harry Hong,Yes,DAS,624149,203.0,624149.0,203.0,412529.0,130.0,,,,,Intentional,18,,Yes,211620.0,,https://youtu.be/Zfpgq7tnnk8?t=24
2016,Top 8,63,304,1,Quaid,No,DAS,515709,170.0,,,378689.0,130.0,,,,,Natural,18,,Yes,137020.0,,https://youtu.be/Zfpgq7tnnk8?t=24
2016,Top 8,63,305,2,Harry Hong,Yes,DAS,683443,215.0,683443.0,215.0,469583.0,133.0,,,,,Intentional,18,,Yes,213860.0,,https://youtu.be/Zfpgq7tnnk8?t=516
2016,Top 8,63,306,2,Quaid,No,DAS,614480,189.0,,,456560.0,130.0,,,,,Natural,18,,Yes,157920.0,,https://youtu.be/Zfpgq7tnnk8?t=516
2016,Top 8,64,307,1,Jeff Moore,Yes,DAS,558380,151.0,558380.0,151.0,507400.0,130.0,,,,,Intentional,18,,Yes,50980.0,,https://youtu.be/Zfpgq7tnnk8?t=24
2016,Top 8,64,308,1,Jani Herlevi,No,DAS,301120,140.0,,,293080.0,131.0,,,,,Natural,18,,Yes,8040.0,,https://youtu.be/Zfpgq7tnnk8?t=24
2016,Top 8,64,309,2,Jeff Moore,Yes,DAS,104500,31.0,104500.0,31.0,,,,,,,Intentional,18,,Yes,,,https://youtu.be/Zfpgq7tnnk8?t=463
2016,Top 8,64,310,2,Jani Herlevi,No,DAS,60800,22.0,,,,,,,,,Natural,18,,Yes,,,https://youtu.be/Zfpgq7tnnk8?t=463
2016,Top 8,65,311,1,Koryan,No,Tap,509412,148.0,,,469692.0,132.0,,,,,Natural,18,,Yes,39720.0,,https://youtu.be/Zfpgq7tnnk8?t=1339
2016,Top 8,65,312,1,Trey Harrison,Yes,DAS,510511,196.0,510511.0,196.0,376271.0,133.0,,,,,Intentional,18,,Yes,134240.0,,https://youtu.be/Zfpgq7tnnk8?t=1339
2016,Top 8,65,313,2,Koryan,Yes,Tap,716228,190.0,716228.0,190.0,572368.0,131.0,,,,,Intentional,18,,Yes,143860.0,,https://youtu.be/Zfpgq7tnnk8?t=1859
2016,Top 8,65,314,2,Trey Harrison,No,DAS,394540,165.0,,,265720.0,130.0,,,,,Natural,18,,Yes,128820.0,,https://youtu.be/Zfpgq7tnnk8?t=1859
2016,Top 8,65,315,3,Koryan,Yes,Tap,577019,185.0,577019.0,185.0,466859.0,132.0,,,,,Intentional,18,,Yes,110160.0,,https://youtu.be/Zfpgq7tnnk8?t=2348
2016,Top 8,65,316,3,Trey Harrison,No,DAS,432360,162.0,,,394480.0,130.0,,,,,Natural,18,,Yes,37880.0,,https://youtu.be/Zfpgq7tnnk8?t=2348
2016,Top 8,66,317,1,Jonas,Yes,DAS,53234,17.0,53234.0,17.0,,,,,,,Intentional,18,,Yes,,,https://youtu.be/Zfpgq7tnnk8?t=808
2016,Top 8,66,318,1,Alex Kerr,No,DAS,27360,10.0,,,,,,,,,Natural,18,,Yes,,,https://youtu.be/Zfpgq7tnnk8?t=808
2016,Top 8,66,319,2,Jonas,No,DAS,430780,146.0,,,411440.0,130.0,,,,,Natural,18,,Yes,19340.0,,https://youtu.be/Zfpgq7tnnk8?t=909
2016,Top 8,66,320,2,Alex Kerr,Yes,DAS,547020,145.0,547020.0,145.0,533560.0,130.0,,,,,Intentional,18,,Yes,13460.0,,https://youtu.be/Zfpgq7tnnk8?t=909
2016,Top 8,66,321,3,Jonas,Yes,DAS,545817,149.0,545817.0,149.0,527237.0,132.0,,,,,Intentional,18,,Yes,18580.0,,https://youtu.be/Zfpgq7tnnk8?t=1328
2016,Top 8,66,322,3,Alex Kerr,No,DAS,416740,145.0,,,402900.0,130.0,,,,,Natural,18,,Yes,13840.0,,https://youtu.be/Zfpgq7tnnk8?t=1328
2016,Semis,67,323,1,Harry Hong,Yes,DAS,249621,84.0,249621.0,84.0,,,,,,,Intentional,18,,Yes,,,https://youtu.be/sadY3m4HSDI?t=10
2016,Semis,67,324,1,Jeff Moore,No,DAS,248909,62.0,,,,,,,,,Natural,18,,Yes,,,https://youtu.be/sadY3m4HSDI?t=10
2016,Semis,67,325,2,Harry Hong,No,DAS,186926,60.0,,,,,,,,,Natural,18,,Yes,,,https://youtu.be/sadY3m4HSDI?t=251
2016,Semis,67,326,2,Jeff Moore,Yes,DAS,193818,58.0,193818.0,58.0,,,,,,,Intentional,18,,Yes,,,https://youtu.be/sadY3m4HSDI?t=251
2016,Semis,67,327,3,Harry Hong,No,DAS,678584,230.0,,,456284.0,130.0,678584.0,230.0,,,Natural,18,,Yes,222300.0,0.0,https://youtu.be/sadY3m4HSDI?t=449 
2016,Semis,67,328,3,Jeff Moore,Yes,DAS,696452,216.0,696452.0,216.0,456092.0,130.0,,,,,Intentional,18,,Yes,240360.0,,https://youtu.be/sadY3m4HSDI?t=449 
2016,Semis,68,329,1,Koryan,No,Tap,536936,147.0,,,500731.0,131.0,,,,,Natural,18,,Yes,36205.0,,https://youtu.be/sadY3m4HSDI?t=10
2016,Semis,68,330,1,Jonas,Yes,DAS,552959,171.0,552959.0,171.0,460299.0,130.0,,,,,Intentional,18,,Yes,92660.0,,https://youtu.be/sadY3m4HSDI?t=10
2016,Semis,68,331,2,Koryan,No,Tap,468811,182.0,,,364204.0,133.0,,,,,Natural,18,,Yes,104607.0,,https://youtu.be/sadY3m4HSDI?t=475
2016,Semis,68,332,2,Jonas,Yes,DAS,576586,184.0,576586.0,184.0,471580.0,131.0,,,,,Intentional,18,,Yes,105006.0,,https://youtu.be/sadY3m4HSDI?t=475
2016,Finals,69,333,1,Jeff Moore,Yes,DAS,609300,174.0,609300.0,174.0,511520.0,130.0,,,,,Intentional,18,,Yes,97780.0,,https://youtu.be/DdfRQjb5o9k?t=5
2016,Finals,69,334,1,Jonas,No,DAS,574640,174.0,,,420340.0,130.0,,,,,Natural,18,,Yes,154300.0,,https://youtu.be/DdfRQjb5o9k?t=5
2016,Finals,69,335,2,Jeff Moore,No,DAS,491145,146.0,,,479245.0,133.0,,,,,Natural,18,,Yes,11900.0,,https://youtu.be/DdfRQjb5o9k?t=499
2016,Finals,69,336,2,Jonas,Yes,DAS,502092,157.0,502092.0,157.0,470592.0,131.0,,,,,Intentional,18,,Yes,31500.0,,https://youtu.be/DdfRQjb5o9k?t=499
2016,Finals,69,337,3,Jeff Moore,No,DAS,561702,182.0,,,484962.0,132.0,,,,,Natural,18,,Yes,76740.0,,https://youtu.be/DdfRQjb5o9k?t=934
2016,Finals,69,338,3,Jonas,Yes,DAS,669705,190.0,669705.0,190.0,468645.0,130.0,,,,,Intentional,18,,Yes,201060.0,,https://youtu.be/DdfRQjb5o9k?t=934
2016,Finals,69,339,4,Jeff Moore,No,DAS,746940,229.0,,,475440.0,133.0,,,,,Natural,18,,Yes,271500.0,,https://youtu.be/DdfRQjb5o9k?t=1436
2016,Finals,69,340,4,Jonas,Yes,DAS,764030,223.0,764030.0,223.0,522170.0,130.0,,,,,Natural,18,,Yes,241860.0,,https://youtu.be/DdfRQjb5o9k?t=1436
2017,Top 32,70,341,1,Schoolmaster,No,DAS,308081,123.0,,,,,,,,,Natural,18,,Yes,,,https://youtu.be/Sxz7rtCz48A?t=35
2017,Top 32,70,342,1,Alex Kerr,Yes,DAS,455240,126.0,455240.0,126.0,,,,,,,Intentional,18,,Yes,,,https://youtu.be/Sxz7rtCz48A?t=35
2017,Top 32,70,343,2,Schoolmaster,No,DAS,441244,142.0,,,430264.0,130.0,,,,,Natural,18,,Yes,10980.0,,https://youtu.be/Sxz7rtCz48A?t=436
2017,Top 32,70,344,2,Alex Kerr,Yes,DAS,515420,141.0,515420.0,141.0,486120.0,131.0,,,,,Intentional,18,,Yes,29300.0,,https://youtu.be/Sxz7rtCz48A?t=436
2017,Top 32,71,345,1,Jani Herlevi,Yes,DAS,334400,116.0,334400.0,116.0,,,,,,,Intentional,18,,Yes,,,https://youtu.be/Sxz7rtCz48A?t=35
2017,Top 32,71,346,1,Gin Morgan,No,DAS,311644,108.0,,,,,,,,,Natural,18,,Yes,,,https://youtu.be/Sxz7rtCz48A?t=35
2017,Top 32,71,347,2,Jani Herlevi,Yes,DAS,459700,187.0,459700.0,187.0,375920.0,131.0,,,,,Intentional,18,,Yes,83780.0,,https://youtu.be/Sxz7rtCz48A?t=436
2017,Top 32,71,348,2,Gin Morgan,No,DAS,453844,142.0,,,445324.0,132.0,,,,,Natural,18,,Yes,8520.0,,https://youtu.be/Sxz7rtCz48A?t=436
2017,Top 32,72,349,1,Eli Markstrom,Yes,DAS,483150,170.0,483150.0,170.0,422775.0,131.0,,,,,Intentional,18,,Yes,60375.0,,https://youtu.be/Sxz7rtCz48A?t=1082
2017,Top 32,72,350,1,SQR,No,DAS,462585,135.0,,,458585.0,130.0,,,,,Natural,18,,Yes,4000.0,,https://youtu.be/Sxz7rtCz48A?t=1082
2017,Top 32,72,351,2,Eli Markstrom,Yes,DAS,93145,37.0,93145.0,37.0,,,,,,,Intentional,18,,Yes,,,https://youtu.be/Sxz7rtCz48A?t=1549
2017,Top 32,72,352,2,SQR,No,DAS,86459,29.0,,,,,,,,,Natural,18,,Yes,,,https://youtu.be/Sxz7rtCz48A?t=1549
2017,Top 32,73,353,1,Chris Brady,Yes,DAS,121256,44.0,121256.0,44.0,,,,,,,Intentional,18,,Yes,,,https://youtu.be/Sxz7rtCz48A?t=981
2017,Top 32,73,354,1,Rigel Pierce,No,DAS,57388,40.0,,,,,,,,,Natural,18,,Yes,,,https://youtu.be/Sxz7rtCz48A?t=981
2017,Top 32,73,355,2,Chris Brady,Yes,DAS,393125,144.0,393125.0,144.0,382525.0,132.0,,,,,Intentional,15,,Yes,,,https://youtu.be/Sxz7rtCz48A?t=1147
2017,Top 32,73,356,2,Rigel Pierce,No,DAS,282865,140.0,,,274400.0,130.0,,,,,Natural,15,,Yes,,,https://youtu.be/Sxz7rtCz48A?t=1147
2017,Top 32,74,357,1,Joey Parker,No,DAS,406867,132.0,,,405267.0,130.0,,,,,Natural,18,,Yes,1600.0,,https://youtu.be/Sxz7rtCz48A?t=1693
2017,Top 32,74,358,1,TheMetalBeast,Yes,DAS,408725,184.0,408725.0,184.0,344705.0,130.0,,,,,Intentional,18,,Yes,64020.0,,https://youtu.be/Sxz7rtCz48A?t=1693
2017,Top 32,74,359,2,Joey Parker,No,DAS,151454,42.0,,,,,,,,,Natural,18,,Yes,,,https://youtu.be/Sxz7rtCz48A?t=2190
2017,Top 32,74,360,2,TheMetalBeast,Yes,DAS,153140,59.0,153140.0,59.0,,,,,,,Intentional,18,,Yes,,,https://youtu.be/Sxz7rtCz48A?t=2190
2017,Top 32,75,361,1,Buco,Yes,DAS,26667,9.0,26667.0,9.0,,,,,,,Intentional,18,,Yes,,,https://youtu.be/Sxz7rtCz48A?t=2000
2017,Top 32,75,362,1,Robin Mihara,No,DAS,2,0.0,,,,,,,,,Natural,18,,Yes,,,https://youtu.be/Sxz7rtCz48A?t=2000
2017,Top 32,75,363,2,Buco,Yes,DAS,385127,182.0,385127.0,182.0,256647.0,131.0,,,,,Intentional,15,,Yes,,,https://youtu.be/Sxz7rtCz48A?t=2076
2017,Top 32,75,364,2,Robin Mihara,No,DAS,383930,143.0,,,350160.0,130.0,,,,,Natural,15,,Yes,,,https://youtu.be/Sxz7rtCz48A?t=2076
2017,Top 32,76,365,1,Mike Winzinek,Yes,DAS,456076,154.0,456076.0,154.0,412112.0,130.0,,,,,Natural,18,,Yes,43964.0,,https://youtu.be/Sxz7rtCz48A?t=2661
2017,Top 32,76,366,1,Sean Miller,No,DAS,429750,145.0,,,396790.0,132.0,,,,,Natural,18,,Yes,32960.0,,https://youtu.be/Sxz7rtCz48A?t=2661
2017,Top 32,76,367,2,Mike Winzinek,No,DAS,224612,150.0,,,199532.0,130.0,,,,,Natural,18,,Yes,25080.0,,https://youtu.be/Sxz7rtCz48A?t=3065
2017,Top 32,76,368,2,Sean Miller,Yes,DAS,464720,143.0,464720.0,143.0,432920.0,131.0,,,,,Intentional,18,,Yes,31800.0,,https://youtu.be/Sxz7rtCz48A?t=3065
2017,Top 32,76,369,3,Mike Winzinek,No,DAS,118146,58.0,,,,,,,,,Natural,18,,Yes,,,https://youtu.be/Sxz7rtCz48A?t=3483
2017,Top 32,76,370,3,Sean Miller,Yes,DAS,251940,61.0,251940.0,61.0,,,,,,,Intentional,18,,Yes,,,https://youtu.be/Sxz7rtCz48A?t=3483
2017,Top 32,77,371,1,Trey Harrison,Yes,DAS,215621,72.0,,,,,,,,,Intentional,18,,Yes,,,https://youtu.be/Sxz7rtCz48A?t=2835
2017,Top 32,77,372,1,KevinDDR,No,DAS,103769,66.0,,,,,,,,,Natural,18,,Yes,,,https://youtu.be/Sxz7rtCz48A?t=2835
2017,Top 32,77,373,2,Trey Harrison,Yes,DAS,398251,144.0,398251.0,144.0,385651.0,130.0,,,,,Natural,18,,Yes,12600.0,,https://youtu.be/Sxz7rtCz48A?t=3065
2017,Top 32,77,374,2,KevinDDR,No,DAS,351053,198.0,,,277553.0,131.0,,,,,Natural,18,,Yes,73500.0,,https://youtu.be/Sxz7rtCz48A?t=3065
2017,Top 16,78,375,1,Koryan,Yes,Tap,712700,213.0,712700.0,213.0,504300.0,130.0,,,,,Intentional,18,,Yes,208400.0,,https://youtu.be/tf-AO25wuK8?t=23
2017,Top 16,78,376,1,Alex Kerr,No,DAS,659260,207.0,,,505460.0,131.0,,,,,Natural,18,,Yes,153800.0,,https://youtu.be/tf-AO25wuK8?t=23
2017,Top 16,78,377,2,Koryan,No,Tap,552020,165.0,,,467840.0,130.0,,,,,Natural,18,,Yes,84180.0,,https://youtu.be/tf-AO25wuK8?t=595
2017,Top 16,78,378,2,Alex Kerr,Yes,DAS,552900,205.0,552900.0,205.0,356160.0,131.0,,,,,Intentional,18,,Yes,196740.0,,https://youtu.be/tf-AO25wuK8?t=595
2017,Top 16,78,379,3,Koryan,No,Tap,472820,151.0,,,412360.0,131.0,,,,,Natural,18,,Yes,60460.0,,https://youtu.be/tf-AO25wuK8?t=1136
2017,Top 16,78,380,3,Alex Kerr,Yes,DAS,512860,157.0,512860.0,157.0,437820.0,130.0,,,,,Intentional,18,,Yes,75040.0,,https://youtu.be/tf-AO25wuK8?t=1136
2017,Top 16,79,381,1,Jani Herlevi,No,DAS,569700,184.0,,,463280.0,132.0,,,,,Natural,18,,Yes,106420.0,,https://youtu.be/tf-AO25wuK8?t=23
2017,Top 16,79,382,1,Ben Mullen,Yes,DAS,933420,223.0,826300.0,207.0,559040.0,131.0,,,,,Aggressive,18,,Yes,374380.0,,https://youtu.be/tf-AO25wuK8?t=23
2017,Top 16,79,383,2,Jani Herlevi,Yes,DAS,343140,103.0,343140.0,103.0,,,,,,,Intentional,18,,Yes,,,https://youtu.be/tf-AO25wuK8?t=595
2017,Top 16,79,384,2,Ben Mullen,No,DAS,192674,92.0,,,,,,,,,Natural,18,,Yes,,,https://youtu.be/tf-AO25wuK8?t=595
2017,Top 16,79,385,3,Jani Herlevi,Yes,DAS,142880,62.0,142880.0,62.0,,,,,,,Intentional,18,,Yes,,,https://youtu.be/tf-AO25wuK8?t=903
2017,Top 16,79,386,3,Ben Mullen,No,DAS,107256,54.0,,,,,,,,,Natural,18,,Yes,,,https://youtu.be/tf-AO25wuK8?t=903
2017,Top 16,80,387,1,Bo Steil,Yes,DAS,651971,187.0,651971.0,187.0,467137.0,130.0,,,,,Intentional,18,,Yes,184834.0,,https://youtu.be/tf-AO25wuK8?t=1845
2017,Top 16,80,388,1,Eli Markstrom,No,DAS,615797,195.0,,,453031.0,133.0,,,,,Natural,18,,Yes,162766.0,,https://youtu.be/tf-AO25wuK8?t=1845
2017,Top 16,80,389,2,Bo Steil,No,DAS,310855,108.0,,,,,,,,,Natural,18,,Yes,,,https://youtu.be/tf-AO25wuK8?t=2361
2017,Top 16,80,390,2,Eli Markstrom,Yes,DAS,460243,126.0,460243.0,126.0,,,,,,,Intentional,18,,Yes,,,https://youtu.be/tf-AO25wuK8?t=2361
2017,Top 16,80,391,3,Bo Steil,No,DAS,126925,36.0,,,,,,,,,Natural,18,,Yes,,,https://youtu.be/tf-AO25wuK8?t=2710
2017,Top 16,80,392,3,Eli Markstrom,Yes,DAS,139383,56.0,,,,,,,,,Intentional,18,,Yes,,,https://youtu.be/tf-AO25wuK8?t=2710
2017,Top 16,81,393,1,Quaid,Yes,DAS,424721,145.0,424721.0,145.0,390021.0,130.0,,,,,Intentional,18,,Yes,34700.0,,https://youtu.be/tf-AO25wuK8?t=2316
2017,Top 16,81,394,1,Chris Brady,No,DAS,423700,148.0,,,407700.0,131.0,,,,,Natural,18,,Yes,16000.0,,https://youtu.be/tf-AO25wuK8?t=2316
2017,Top 16,81,395,2,Quaid,Yes,DAS,531097,184.0,531097.0,184.0,433777.0,130.0,,,,,Intentional,18,,Yes,97320.0,,https://youtu.be/tf-AO25wuK8?t=2710
2017,Top 16,81,396,2,Chris Brady,No,DAS,530747,134.0,,,527947.0,131.0,,,,,Natural,18,,Yes,2800.0,,https://youtu.be/tf-AO25wuK8?t=2710
2017,Top 16,82,397,1,Buco,Yes,DAS,278713,78.0,278713.0,78.0,,,,,,,Intentional,18,,Yes,,,https://youtu.be/tf-AO25wuK8?t=1296
2017,Top 16,82,398,1,Jeff Moore,No,DAS,250420,60.0,,,,,,,,,Natural,18,,Yes,,,https://youtu.be/tf-AO25wuK8?t=1296
2017,Top 16,82,399,2,Buco,Yes,DAS,639149,197.0,639149.0,197.0,423949.0,130.0,,,,,Natural,18,,Yes,215200.0,,https://youtu.be/tf-AO25wuK8?t=1548
2017,Top 16,82,400,2,Jeff Moore,No,DAS,552676,200.0,,,371776.0,130.0,,,,,Natural,18,,Yes,180900.0,,https://youtu.be/tf-AO25wuK8?t=1548
2017,Top 8,83,401,1,Alex Kerr,No,DAS,6840,8.0,,,,,,,,,Natural,18,,Yes,,,https://youtu.be/fwDF-ZGBA2Q?t=2157
2017,Top 8,83,402,1,Jani Herlevi,Yes,DAS,39140,19.0,39140.0,19.0,,,,,,,Intentional,18,,Yes,,,https://youtu.be/fwDF-ZGBA2Q?t=2157
2017,Top 8,83,403,2,Alex Kerr,Yes,DAS,529000,205.0,529000.0,205.0,376640.0,130.0,,,,,Intentional,18,,Yes,152360.0,,https://youtu.be/fwDF-ZGBA2Q?t=2221
2017,Top 8,83,404,2,Jani Herlevi,No,DAS,482200,193.0,,,376260.0,131.0,,,,,Natural,18,,Yes,105940.0,,https://youtu.be/fwDF-ZGBA2Q?t=2221
2017,Top 8,83,405,3,Alex Kerr,Yes,DAS,778920,230.0,,,442000.0,133.0,778920.0,230.0,,,Natural,18,,Yes,336920.0,0.0,https://youtu.be/fwDF-ZGBA2Q?t=2775
2017,Top 8,83,406,3,Jani Herlevi,No,DAS,742040,230.0,,,443940.0,131.0,742040.0,230.0,,,Natural,18,,Yes,298100.0,0.0,https://youtu.be/fwDF-ZGBA2Q?t=2775
2017,Top 8,84,407,1,Eli Markstrom,No,DAS,392552,183.0,,,292939.0,133.0,,,,,Natural,18,,Yes,99613.0,,https://youtu.be/fwDF-ZGBA2Q?t=2221
2017,Top 8,84,408,1,Quaid,Yes,DAS,474360,180.0,474360.0,180.0,357700.0,130.0,,,,,Intentional,18,,Yes,116660.0,,https://youtu.be/fwDF-ZGBA2Q?t=2221
2017,Top 8,84,409,2,Eli Markstrom,No,DAS,385677,142.0,,,376757.0,131.0,,,,,Natural,18,,Yes,8920.0,,https://youtu.be/fwDF-ZGBA2Q?t=2775
2017,Top 8,84,410,2,Quaid,Yes,DAS,415210,133.0,415210.0,133.0,412810.0,130.0,,,,,Intentional,18,,Yes,2400.0,,https://youtu.be/fwDF-ZGBA2Q?t=2775
2017,Top 8,85,411,1,Harry Hong,No,DAS,697824,231.0,,,503664.0,130.0,697824.0,231.0,,,Natural,18,,Yes,194160.0,0.0,https://youtu.be/fwDF-ZGBA2Q?t=459
2017,Top 8,85,412,1,Buco,Yes,DAS,723028,232.0,723028.0,232.0,449788.0,133.0,723028.0,232.0,,,Natural,18,,Yes,273240.0,0.0,https://youtu.be/fwDF-ZGBA2Q?t=459
2017,Top 8,85,413,2,Harry Hong,Yes,DAS,478362,153.0,478362.0,153.0,457162.0,130.0,,,,,Intentional,18,,Yes,21200.0,,https://youtu.be/fwDF-ZGBA2Q?t=1070
2017,Top 8,85,414,2,Buco,No,DAS,329894,131.0,,,329094.0,130.0,,,,,Natural,18,,Yes,800.0,,https://youtu.be/fwDF-ZGBA2Q?t=1070
2017,Top 8,85,415,3,Harry Hong,No,DAS,662892,217.0,,,454572.0,130.0,,,,,Natural,18,,Yes,208320.0,,https://youtu.be/fwDF-ZGBA2Q?t=1480
2017,Top 8,85,416,3,Buco,Yes,DAS,695398,214.0,695398.0,214.0,424998.0,130.0,,,,,Intentional,18,,Yes,270400.0,,https://youtu.be/fwDF-ZGBA2Q?t=1480
2017,Top 8,86,417,1,Jonas,No,DAS,430960,138.0,,,423360.0,130.0,,,,,Natural,18,,Yes,7600.0,,https://youtu.be/fwDF-ZGBA2Q?t=459
2017,Top 8,86,418,1,Chad,Yes,DAS,496700,130.0,496700.0,130.0,496700.0,130.0,,,,,Natural,18,,Yes,0.0,,https://youtu.be/fwDF-ZGBA2Q?t=459
2017,Top 8,86,419,2,Jonas,Yes,DAS,563940,137.0,563940.0,137.0,557940.0,131.0,,,,,Intentional,18,,Yes,6000.0,,https://youtu.be/fwDF-ZGBA2Q?t=880
2017,Top 8,86,420,2,Chad,No,DAS,541260,132.0,,,539260.0,130.0,,,,,Natural,18,,Yes,2000.0,,https://youtu.be/fwDF-ZGBA2Q?t=880
2017,Top 8,86,421,3,Jonas,Yes,DAS,362904,106.0,362904.0,106.0,,,,,,,Intentional,18,,Yes,,,https://youtu.be/fwDF-ZGBA2Q?t=1292
2017,Top 8,86,422,3,Chad,No,DAS,359860,98.0,,,,,,,,,Natural,18,,Yes,,,https://youtu.be/fwDF-ZGBA2Q?t=1292
2017,Semis,87,423,1,Alex Kerr,No,DAS,500040,147.0,,,442800.0,131.0,,,,,Natural,18,,Yes,57240.0,,https://youtu.be/vukZku_UVdg?t=383
2017,Semis,87,424,1,Quaid,Yes,DAS,502095,183.0,502095.0,183.0,,,,,,,Intentional,18,,Yes,,,https://youtu.be/vukZku_UVdg?t=383
2017,Semis,87,425,2,Alex Kerr,Yes,DAS,677820,224.0,,,483840.0,130.0,,,,,Natural,18,,Yes,193980.0,,https://youtu.be/vukZku_UVdg?t=901
2017,Semis,87,426,2,Quaid,No,DAS,643963,224.0,643963.0,224.0,309443.0,130.0,,,,,Natural,18,,Yes,334520.0,,https://youtu.be/vukZku_UVdg?t=901
2017,Semis,87,427,3,Alex Kerr,Yes,DAS,681100,188.0,681100.0,188.0,543460.0,133.0,,,,,Natural,18,,Yes,137640.0,,https://youtu.be/vukZku_UVdg?t=1531
2017,Semis,87,428,3,Quaid,No,DAS,582621,192.0,,,378661.0,130.0,,,,,Natural,18,,Yes,203960.0,,https://youtu.be/vukZku_UVdg?t=1531
2017,Semis,88,429,1,Buco,No,DAS,498061,193.0,,,329441.0,130.0,,,,,Natural,18,,Yes,168620.0,,https://youtu.be/vukZku_UVdg?t=383
2017,Semis,88,430,1,Jonas,Yes,DAS,642310,194.0,642310.0,194.0,441290.0,130.0,,,,,Intentional,18,,Yes,201020.0,,https://youtu.be/vukZku_UVdg?t=383
2017,Semis,88,431,2,Buco,No,DAS,572386,178.0,,,428906.0,130.0,,,,,Natural,18,,Yes,143480.0,,https://youtu.be/vukZku_UVdg?t=901
2017,Semis,88,432,2,Jonas,Yes,DAS,715007,185.0,715007.0,185.0,542707.0,131.0,,,,,Intentional,18,,Yes,172300.0,,https://youtu.be/vukZku_UVdg?t=901
2017,Finals,89,433,1,Alex Kerr,No,DAS,727700,200.0,,,526720.0,130.0,,,,,Natural,18,,Yes,200980.0,,https://youtu.be/6rNgSitjDjk?t=486
2017,Finals,89,434,1,Jonas,Yes,DAS,743546,210.0,743546.0,210.0,384606.0,130.0,,,,,Intentional,18,,Yes,358940.0,,https://youtu.be/6rNgSitjDjk?t=486
2017,Finals,89,435,2,Alex Kerr,No,DAS,734440,201.0,,,505120.0,130.0,,,,,Natural,18,,Yes,229320.0,,https://youtu.be/6rNgSitjDjk?t=1039
2017,Finals,89,436,2,Jonas,Yes,DAS,735900,218.0,735900.0,218.0,488400.0,130.0,,,,,Intentional,18,,Yes,247500.0,,https://youtu.be/6rNgSitjDjk?t=1039
2017,Finals,89,437,3,Alex Kerr,No,DAS,175180,43.0,,,,,,,,,Natural,18,,Yes,,,https://youtu.be/6rNgSitjDjk?t=1677
2017,Finals,89,438,3,Jonas,Yes,DAS,180120,52.0,180120.0,52.0,,,,,,,Intentional,18,,Yes,,,https://youtu.be/6rNgSitjDjk?t=1677
2018,Top 64,90,439,1,SQR,Yes,DAS,135782,62.0,135782.0,62.0,,,,,,,Intentional,18,,Yes,,,https://youtu.be/fYyDQBG_tYc?t=1
2018,Top 64,90,440,1,square_wave,No,DAS,108680,54.0,,,,,,,,,Natural,18,,Yes,,,https://youtu.be/fYyDQBG_tYc?t=1
2018,Top 64,90,441,2,SQR,Yes,DAS,104695,28.0,98992.0,25.0,,,,,,,Intentional,18,,Yes,,,https://youtu.be/fYyDQBG_tYc?t=220
2018,Top 64,90,442,2,square_wave,No,DAS,20900,17.0,,,,,,,,,Natural,18,,Yes,,,https://youtu.be/fYyDQBG_tYc?t=220
2018,Top 64,91,443,1,Kristen Stein,No,DAS,158753,65.0,,,,,,,,,Natural,18,,Yes,,,https://youtu.be/fYyDQBG_tYc?t=1
2018,Top 64,91,444,1,MegaRetroMan,Yes,DAS,212509,82.0,207121.0,76.0,,,,,,,Intentional,18,,Yes,,,https://youtu.be/fYyDQBG_tYc?t=1
2018,Top 64,91,445,2,Kristen Stein,Yes,DAS,317810,120.0,317784.0,120.0,,,,,,,Intentional,18,,Yes,,,https://youtu.be/fYyDQBG_tYc?t=262
2018,Top 64,91,446,2,MegaRetroMan,No,DAS,305492,109.0,,,,,,,,,Natural,18,,Yes,,,https://youtu.be/fYyDQBG_tYc?t=262
2018,Top 64,91,447,3,Kristen Stein,No,DAS,416346,194.0,,,303141.0,130.0,,,,,Natural,18,,Yes,113205.0,,https://youtu.be/fYyDQBG_tYc?t=575
2018,Top 64,91,448,3,MegaRetroMan,Yes,DAS,623827,210.0,614607.0,206.0,396540.0,131.0,,,,,Intentional,18,,Yes,227287.0,,https://youtu.be/fYyDQBG_tYc?t=575
2018,Top 64,92,449,1,Greg V,No,DAS,109247,91.0,,,,,,,,,Natural,15,,Yes,,,https://youtu.be/fYyDQBG_tYc?t=492
2018,Top 64,92,450,1,DivCaste,Yes,DAS,188564,93.0,167761.0,87.0,,,,,,,Intentional,15,,Yes,,,https://youtu.be/fYyDQBG_tYc?t=492
2018,Top 64,92,451,2,Greg V,No,DAS,3420,4.0,,,,,,,,,Natural,18,,Yes,,,https://youtu.be/fYyDQBG_tYc?t=814
2018,Top 64,92,452,2,DivCaste,Yes,DAS,11780,11.0,10260.0,9.0,,,,,,,Intentional,18,,Yes,,,https://youtu.be/fYyDQBG_tYc?t=814
2018,Top 64,93,453,1,Jon Baker,No,DAS,129200,38.0,,,,,,,,,Natural,18,,Yes,,,https://youtu.be/fYyDQBG_tYc?t=1114
2018,Top 64,93,454,1,Gin Morgan,Yes,DAS,155141,47.0,153621.0,45.0,,,,,,,Intentional,18,,Yes,,,https://youtu.be/fYyDQBG_tYc?t=1114
2018,Top 64,93,455,2,Jon Baker,No,DAS,44193,16.0,,,,,,,,,Natural,15,,Yes,,,https://youtu.be/fYyDQBG_tYc?t=1258
2018,Top 64,93,456,2,Gin Morgan,Yes,DAS,73233,26.0,73226.0,26.0,,,,,,,Intentional,15,,Yes,,,https://youtu.be/fYyDQBG_tYc?t=1258
2018,Top 64,94,457,1,Trey Harrison,Yes,DAS,424840,126.0,402400.0,122.0,,,,,,,Intentional,18,,Yes,,,https://youtu.be/fYyDQBG_tYc?t=1226
2018,Top 64,94,458,1,Burke,No,DAS,360240,117.0,,,,,,,,,Natural,18,,Yes,,,https://youtu.be/fYyDQBG_tYc?t=1226
2018,Top 64,94,459,2,Trey Harrison,Yes,DAS,418320,139.0,417520.0,138.0,410320.0,130.0,,,,,Intentional,18,,Yes,8000.0,,https://youtu.be/fYyDQBG_tYc?t=1607
2018,Top 64,94,460,2,Burke,No,DAS,232660,134.0,,,208660.0,130.0,,,,,Natural,18,,Yes,24000.0,,https://youtu.be/fYyDQBG_tYc?t=1607
2018,Top 64,95,461,1,Betastrep,No,DAS,82840,54.0,,,,,,,,,Natural,18,,Yes,,,https://youtu.be/fYyDQBG_tYc?t=1546
2018,Top 64,95,462,1,Patrick Nyffeler,Yes,DAS,234080,66.0,233320.0,65.0,,,,,,,Intentional,18,,Yes,,,https://youtu.be/fYyDQBG_tYc?t=1546
2018,Top 64,95,463,2,Betastrep,No,DAS,328140,142.0,,,320400.0,133.0,,,,,Natural,18,,Yes,7740.0,,https://youtu.be/fYyDQBG_tYc?t=1771
2018,Top 64,95,464,2,Patrick Nyffeler,Yes,DAS,328320,105.0,328320.0,105.0,,,,,,,Natural,18,,Yes,,,https://youtu.be/fYyDQBG_tYc?t=1771
2018,Top 64,96,465,1,Sam Parry,Yes,DAS,45812,27.0,43903.0,25.0,,,,,,,Intentional,18,,Yes,,,https://youtu.be/fYyDQBG_tYc?t=2189
2018,Top 64,96,466,1,Ethan Daniels,No,DAS,38000,21.0,,,,,,,,,Natural,18,,Yes,,,https://youtu.be/fYyDQBG_tYc?t=2189
2018,Top 64,96,467,2,Sam Parry,Yes,DAS,421816,131.0,421816.0,131.0,421016.0,130.0,,,,,Natural,18,,Yes,800.0,,https://youtu.be/fYyDQBG_tYc?t=2282
2018,Top 64,96,468,2,Ethan Daniels,No,DAS,347080,131.0,,,346280.0,130.0,,,,,Natural,18,,Yes,800.0,,https://youtu.be/fYyDQBG_tYc?t=2282
2018,Top 64,97,469,1,Robin Mihara,No,DAS,408236,147.0,,,370600.0,133.0,,,,,Natural,15,,Yes,,,https://youtu.be/fYyDQBG_tYc?t=2314
2018,Top 64,97,470,1,Packie,Yes,DAS,408354,155.0,408354.0,155.0,385774.0,130.0,,,,,Intentional,15,,Yes,,,https://youtu.be/fYyDQBG_tYc?t=2314
2018,Top 64,97,471,2,Robin Mihara,No,DAS,20595,25.0,,,,,,,,,Natural,18,,Yes,,,https://youtu.be/fYyDQBG_tYc?t=2808
2018,Top 64,97,472,2,Packie,Yes,DAS,67260,30.0,64600.0,27.0,,,,,,,Intentional,18,,Yes,,,https://youtu.be/fYyDQBG_tYc?t=2808
2018,Top 32,98,473,1,Koryan,Yes,Tap,51680,15.0,51680.0,15.0,,,,,,,Intentional,18,,Yes,,,https://youtu.be/emynrB4I0Ug?t=960
2018,Top 32,98,474,1,MegaRetroMan,No,DAS,49958,13.0,,,,,,,,,Natural,18,,Yes,,,https://youtu.be/emynrB4I0Ug?t=960
2018,Top 32,98,475,2,Koryan,Yes,Tap,487440,147.0,487440.0,147.0,408920.0,130.0,,,,,Intentional,18,,Yes,78520.0,,https://youtu.be/emynrB4I0Ug?t=1054
2018,Top 32,98,476,2,MegaRetroMan,No,DAS,456814,146.0,,,414056.0,130.0,,,,,Natural,18,,Yes,42758.0,,https://youtu.be/emynrB4I0Ug?t=1054
2018,Top 32,99,477,1,Buco,Yes,DAS,835378,231.0,835378.0,231.0,486118.0,130.0,834178.0,230.0,,,Natural,18,,Yes,348060.0,1200.0,https://youtu.be/KBpUUQ6lGJY?t=2634
2018,Top 32,99,478,1,Eli Markstrom,No,DAS,649176,219.0,,,473436.0,131.0,,,,,Natural,18,,Yes,175740.0,,https://youtu.be/KBpUUQ6lGJY?t=2634
2018,Top 32,99,479,2,Buco,Yes,DAS,509473,159.0,509473.0,159.0,448493.0,130.0,,,,,Intentional,18,,Yes,60980.0,,https://youtu.be/KBpUUQ6lGJY?t=3293
2018,Top 32,99,480,2,Eli Markstrom,No,DAS,505763,136.0,,,500963.0,130.0,,,,,Natural,18,,Yes,4800.0,,https://youtu.be/KBpUUQ6lGJY?t=3293
2018,Top 32,100,481,1,Alex Kerr,Yes,DAS,585840,196.0,585840.0,196.0,500900.0,130.0,,,,,Intentional,18,,Yes,84940.0,,https://youtu.be/emynrB4I0Ug?t=32
2018,Top 32,100,482,1,SQR,No,DAS,582420,130.0,,,582420.0,130.0,,,,,Natural,18,,Yes,0.0,,https://youtu.be/emynrB4I0Ug?t=32
2018,Top 32,100,483,2,Alex Kerr,Yes,DAS,552280,155.0,552280.0,155.0,524840.0,130.0,,,,,Intentional,18,,Yes,27440.0,,https://youtu.be/emynrB4I0Ug?t=541
2018,Top 32,100,484,2,SQR,No,DAS,462991,157.0,,,433991.0,133.0,,,,,Natural,18,,Yes,29000.0,,https://youtu.be/emynrB4I0Ug?t=541
2018,Top 32,101,485,1,Quaid,Yes,DAS,598777,214.0,598777.0,214.0,394817.0,132.0,,,,,Intentional,18,,Yes,203960.0,,https://youtu.be/KBpUUQ6lGJY?t=3096
2018,Top 32,101,486,1,Stacy Schierholz,No,DAS,563652,230.0,,,385012.0,131.0,563652.0,230.0,,,Natural,18,,Yes,178640.0,0.0,https://youtu.be/KBpUUQ6lGJY?t=3096
2018,Top 32,101,487,2,Quaid,Yes,DAS,124298,32.0,124298.0,32.0,,,,,,,Intentional,18,,Yes,,,https://youtu.be/KBpUUQ6lGJY?t=3656
2018,Top 32,101,488,2,Stacy Schierholz,No,DAS,81283,27.0,,,,,,,,,Natural,18,,Yes,,,https://youtu.be/KBpUUQ6lGJY?t=3656
2018,Top 32,102,489,1,Harry Hong,Yes,DAS,485480,137.0,485480.0,137.0,459080.0,130.0,,,,,Intentional,18,,Yes,26400.0,,https://youtu.be/z6BAse-T5qU?t=880
2018,Top 32,102,490,1,Trey Harrison,No,DAS,378980,132.0,,,377380.0,130.0,,,,,Natural,18,,Yes,1600.0,,https://youtu.be/z6BAse-T5qU?t=880
2018,Top 32,102,491,2,Harry Hong,Yes,DAS,376960,98.0,376960.0,98.0,,,,,,,Intentional,18,,Yes,,,https://youtu.be/z6BAse-T5qU?t=1289
2018,Top 32,102,492,2,Trey Harrison,No,DAS,253460,94.0,,,,,,,,,Natural,18,,Yes,,,https://youtu.be/z6BAse-T5qU?t=1289
2018,Top 32,103,493,1,Terry Purcell,Yes,DAS,766722,235.0,766722.0,235.0,485522.0,130.0,762522.0,232.0,,,Natural,18,,Yes,277000.0,4200.0,https://youtu.be/KBpUUQ6lGJY?t=1162
2018,Top 32,103,494,1,Schoolmaster,No,DAS,741328,230.0,,,445088.0,130.0,741328.0,230.0,,,Natural,18,,Yes,296240.0,0.0,https://youtu.be/KBpUUQ6lGJY?t=1162
2018,Top 32,103,495,2,Terry Purcell,Yes,DAS,592510,185.0,592510.0,185.0,467550.0,133.0,,,,,Natural,18,,Yes,124960.0,,https://youtu.be/KBpUUQ6lGJY?t=1782
2018,Top 32,103,496,2,Schoolmaster,No,DAS,515909,211.0,,,350669.0,130.0,,,,,Natural,18,,Yes,165240.0,,https://youtu.be/KBpUUQ6lGJY?t=1782
2018,Top 32,104,497,1,JdMfX_,Yes,Tap,233320,86.0,233320.0,86.0,,,,,,,Intentional,18,,Yes,,,https://youtu.be/z6BAse-T5qU?t=1574
2018,Top 32,104,498,1,Patrick Nyffeler,No,DAS,211660,63.0,,,,,,,,,Natural,18,,Yes,,,https://youtu.be/z6BAse-T5qU?t=1574
2018,Top 32,104,499,2,JdMfX_,Yes,Tap,701620,216.0,701620.0,216.0,422220.0,130.0,,,,,Intentional,18,,Yes,279400.0,,https://youtu.be/z6BAse-T5qU?t=1848
2018,Top 32,104,500,2,Patrick Nyffeler,No,DAS,493280,203.0,,,415260.0,130.0,,,,,Natural,18,,Yes,78020.0,,https://youtu.be/z6BAse-T5qU?t=1848
2018,Top 32,105,501,1,TheMetalBeast,No,DAS,437860,183.0,,,331460.0,131.0,,,,,Natural,18,,Yes,106400.0,,https://youtu.be/KBpUUQ6lGJY?t=1814
2018,Top 32,105,502,1,Jani Herlevi,Yes,DAS,468360,202.0,468360.0,202.0,318160.0,130.0,,,,,Intentional,18,,Yes,150200.0,,https://youtu.be/KBpUUQ6lGJY?t=1814
2018,Top 32,105,503,2,TheMetalBeast,No,DAS,516500,206.0,,,401380.0,130.0,,,,,Natural,18,,Yes,115120.0,,https://youtu.be/KBpUUQ6lGJY?t=2339
2018,Top 32,105,504,2,Jani Herlevi,Yes,DAS,595120,214.0,595120.0,214.0,413100.0,130.0,,,,,Intentional,18,,Yes,182020.0,,https://youtu.be/KBpUUQ6lGJY?t=2339
2018,Top 32,106,505,1,Greentea,Yes,DAS,280820,72.0,280820.0,72.0,,,,,,,Intentional,18,,Yes,,,https://youtu.be/emynrB4I0Ug?t=1493
2018,Top 32,106,506,1,Sam Parry,No,DAS,196189,70.0,,,,,,,,,Natural,18,,Yes,,,https://youtu.be/emynrB4I0Ug?t=1493
2018,Top 32,106,507,2,Greentea,Yes,DAS,182020,70.0,182020.0,70.0,,,,,,,Intentional,18,,Yes,,,https://youtu.be/emynrB4I0Ug?t=1725
2018,Top 32,106,508,2,Sam Parry,No,DAS,179830,66.0,,,,,,,,,Natural,18,,Yes,,,https://youtu.be/emynrB4I0Ug?t=1725
2018,Top 32,107,509,1,Jake Stein,No,DAS,556998,193.0,,,357097.0,130.0,,,,,Natural,18,,Yes,199901.0,,https://youtu.be/ZK55M0yoHbw?t=37
2018,Top 32,107,510,1,Chad,Yes,DAS,565360,188.0,565360.0,188.0,391120.0,130.0,,,,,Intentional,18,,Yes,174240.0,,https://youtu.be/ZK55M0yoHbw?t=37
2018,Top 32,107,511,2,Jake Stein,No,DAS,269626,89.0,,,,,,,,,Natural,18,,Yes,,,https://youtu.be/ZK55M0yoHbw?t=546
2018,Top 32,107,512,2,Chad,Yes,DAS,276260,87.0,276260.0,87.0,,,,,,,Intentional,18,,Yes,,,https://youtu.be/ZK55M0yoHbw?t=546
2018,Top 32,108,513,1,Josh Tolles,Yes,DAS,480080,165.0,480080.0,165.0,416900.0,130.0,,,,,Natural,18,,Yes,63180.0,,https://youtu.be/ZK55M0yoHbw?t=1118
2018,Top 32,108,514,1,Packie,No,DAS,425920,167.0,,,336420.0,130.0,,,,,Natural,18,,Yes,89500.0,,https://youtu.be/ZK55M0yoHbw?t=1118
2018,Top 32,108,515,2,Josh Tolles,No,DAS,452500,176.0,,,381040.0,130.0,,,,,Natural,18,,Yes,71460.0,,https://youtu.be/ZK55M0yoHbw?t=1616
2018,Top 32,108,516,2,Packie,Yes,DAS,483360,146.0,483360.0,146.0,463300.0,131.0,,,,,Natural,18,,Yes,20060.0,,https://youtu.be/ZK55M0yoHbw?t=1616
2018,Top 32,108,517,3,Josh Tolles,Yes,DAS,227398,58.0,227398.0,58.0,,,,,,,Intentional,18,,Yes,,,https://youtu.be/ZK55M0yoHbw?t=2113
2018,Top 32,108,518,3,Packie,No,DAS,97280,47.0,,,,,,,,,Natural,18,,Yes,,,https://youtu.be/ZK55M0yoHbw?t=2113
2018,Top 32,109,519,1,Ben Mullen,No,DAS,411280,132.0,,,409680.0,130.0,,,,,Natural,18,,Yes,1600.0,,https://youtu.be/ZK55M0yoHbw?t=44
2018,Top 32,109,520,1,Mike Winzinek,Yes,DAS,428759,151.0,428759.0,151.0,395556.0,130.0,,,,,Intentional,18,,Yes,33203.0,,https://youtu.be/ZK55M0yoHbw?t=44
2018,Top 32,109,521,2,Ben Mullen,Yes,DAS,497706,145.0,497706.0,145.0,485826.0,133.0,,,,,Intentional,18,,Yes,11880.0,,https://youtu.be/ZK55M0yoHbw?t=463
2018,Top 32,109,522,2,Mike Winzinek,No,DAS,449533,139.0,,,442733.0,131.0,,,,,Natural,18,,Yes,6800.0,,https://youtu.be/ZK55M0yoHbw?t=463
2018,Top 32,109,523,3,Ben Mullen,Yes,DAS,496000,156.0,496000.0,156.0,468580.0,130.0,,,,,Intentional,18,,Yes,27420.0,,https://youtu.be/ZK55M0yoHbw?t=866
2018,Top 32,109,524,3,Mike Winzinek,No,DAS,430519,163.0,,,345163.0,130.0,,,,,Natural,18,,Yes,85356.0,,https://youtu.be/ZK55M0yoHbw?t=866
2018,Top 32,110,525,1,Jonas,Yes,DAS,272080,85.0,272080.0,85.0,,,,,,,Intentional,18,,Yes,,,https://youtu.be/z6BAse-T5qU?t=21
2018,Top 32,110,526,1,DivCaste,No,DAS,155800,86.0,,,,,,,,,Natural,18,,Yes,,,https://youtu.be/z6BAse-T5qU?t=21
2018,Top 32,110,527,2,Jonas,Yes,DAS,552300,197.0,552300.0,197.0,436980.0,132.0,,,,,Intentional,15,,Yes,,,https://youtu.be/z6BAse-T5qU?t=296
2018,Top 32,110,528,2,DivCaste,No,DAS,494547,195.0,,,421467.0,130.0,,,,,Natural,15,,Yes,,,https://youtu.be/z6BAse-T5qU?t=296
2018,Top 32,111,529,1,Chris Brady,No,DAS,257962,109.0,,,,,,,,,Natural,18,,Yes,,,https://youtu.be/KBpUUQ6lGJY?t=28
2018,Top 32,111,530,1,Joey Parker,Yes,DAS,396167,117.0,396167.0,117.0,,,,,,,Intentional,18,,Yes,,,https://youtu.be/KBpUUQ6lGJY?t=28
2018,Top 32,111,531,2,Chris Brady,No,DAS,232460,116.0,,,,,,,,,Natural,18,,Yes,,,https://youtu.be/KBpUUQ6lGJY?t=358
2018,Top 32,111,532,2,Joey Parker,Yes,DAS,316245,123.0,316245.0,123.0,,,,,,,Intentional,18,,Yes,,,https://youtu.be/KBpUUQ6lGJY?t=358
2018,Top 32,112,533,1,Svavar,Yes,DAS,343520,86.0,343520.0,86.0,,,,,,,Intentional,18,,Yes,,,https://youtu.be/KBpUUQ6lGJY?t=862
2018,Top 32,112,534,1,Gin Morgan,No,DAS,192475,78.0,,,,,,,,,Natural,18,,Yes,,,https://youtu.be/KBpUUQ6lGJY?t=862
2018,Top 32,112,535,2,Svavar,Yes,DAS,633240,187.0,633240.0,187.0,461800.0,130.0,,,,,Intentional,18,,Yes,171440.0,,https://youtu.be/KBpUUQ6lGJY?t=1120
2018,Top 32,112,536,2,Gin Morgan,No,DAS,428964,184.0,,,371164.0,130.0,,,,,Natural,18,,Yes,57800.0,,https://youtu.be/KBpUUQ6lGJY?t=1120
2018,Top 32,113,537,1,Jeff Moore,No,DAS,74860,20.0,,,,,,,,,Natural,18,,Yes,,,https://youtu.be/KBpUUQ6lGJY?t=28
2018,Top 32,113,538,1,Frank Westphal,Yes,DAS,105640,30.0,105640.0,30.0,,,,,,,Intentional,18,,Yes,,,https://youtu.be/KBpUUQ6lGJY?t=28
2018,Top 32,113,539,2,Jeff Moore,Yes,DAS,466260,137.0,466260.0,137.0,460660.0,130.0,,,,,Intentional,18,,Yes,5600.0,,https://youtu.be/KBpUUQ6lGJY?t=158
2018,Top 32,113,540,2,Frank Westphal,No,DAS,219373,140.0,,,211333.0,130.0,,,,,Natural,18,,Yes,8040.0,,https://youtu.be/KBpUUQ6lGJY?t=158
2018,Top 32,113,541,3,Jeff Moore,Yes,DAS,505040,169.0,505040.0,169.0,397520.0,130.0,,,,,Intentional,18,,Yes,107520.0,,https://youtu.be/KBpUUQ6lGJY?t=565
2018,Top 32,113,542,3,Frank Westphal,No,DAS,418840,164.0,,,314700.0,132.0,,,,,Natural,18,,Yes,104140.0,,https://youtu.be/KBpUUQ6lGJY?t=565
2018,Top 16,114,543,1,Koryan,Yes,Tap,535000,151.0,535000.0,151.0,467820.0,130.0,,,,,Intentional,18,,Yes,67180.0,,https://youtu.be/YsAbgm_q4z4?t=57
2018,Top 16,114,544,1,Buco,No,DAS,375065,139.0,,,369465.0,133.0,,,,,Natural,18,,Yes,5600.0,,https://youtu.be/YsAbgm_q4z4?t=57
2018,Top 16,114,545,2,Koryan,Yes,Tap,334780,110.0,334780.0,110.0,,,,,,,Intentional,18,,Yes,,,https://youtu.be/YsAbgm_q4z4?t=483
2018,Top 16,114,546,2,Buco,No,DAS,304499,102.0,,,,,,,,,Natural,18,,Yes,,,https://youtu.be/YsAbgm_q4z4?t=483
2018,Top 16,115,547,1,Alex Kerr,No,DAS,542591,173.0,,,432511.0,132.0,,,,,Natural,18,,Yes,110080.0,,https://youtu.be/YsAbgm_q4z4?t=535
2018,Top 16,115,548,1,Quaid,Yes,DAS,628973,184.0,628973.0,184.0,426113.0,132.0,,,,,Intentional,18,,Yes,202860.0,,https://youtu.be/YsAbgm_q4z4?t=535
2018,Top 16,115,549,2,Alex Kerr,No,DAS,736946,231.0,,,432746.0,131.0,736946.0,231.0,,,Natural,18,,Yes,304200.0,0.0,https://youtu.be/YsAbgm_q4z4?t=996
2018,Top 16,115,550,2,Quaid,Yes,DAS,762525,231.0,762525.0,231.0,380760.0,131.0,762520.0,231.0,,,Natural,18,,Yes,381760.0,5.0,https://youtu.be/YsAbgm_q4z4?t=996
2018,Top 16,116,551,1,Harry Hong,Yes,DAS,432870,139.0,432870.0,139.0,402870.0,132.0,,,,,Intentional,18,,Yes,30000.0,,https://youtu.be/NC-d-mVYECY?t=642
2018,Top 16,116,552,1,Terry Purcell,No,DAS,426180,148.0,,,389140.0,131.0,,,,,Natural,18,,Yes,37040.0,,https://youtu.be/NC-d-mVYECY?t=642
2018,Top 16,116,553,2,Harry Hong,No,DAS,741542,211.0,,,486142.0,130.0,,,,,Natural,18,,Yes,255400.0,,https://youtu.be/NC-d-mVYECY?t=1065
2018,Top 16,116,554,2,Terry Purcell,Yes,DAS,744121,229.0,744121.0,229.0,480221.0,130.0,,,,,Natural,18,,Yes,263900.0,,https://youtu.be/NC-d-mVYECY?t=1065
2018,Top 16,116,555,3,Harry Hong,Yes,DAS,598420,190.0,,,429080.0,130.0,,,,,Intentional,18,,Yes,169340.0,,https://youtu.be/NC-d-mVYECY?t=1649
2018,Top 16,116,556,3,Terry Purcell,No,DAS,527001,203.0,,,389481.0,130.0,,,,,Natural,18,,Yes,137520.0,,https://youtu.be/NC-d-mVYECY?t=1649
2018,Top 16,117,557,1,JdMfX_,Yes,Tap,786440,235.0,786440.0,235.0,505460.0,133.0,780440.0,231.0,,,Natural,18,,Yes,274980.0,6000.0,https://youtu.be/dqir7p4pVs8?t=132
2018,Top 16,117,558,1,Jani Herlevi,No,DAS,697220,222.0,,,359700.0,132.0,,,,,Natural,18,,Yes,337520.0,,https://youtu.be/dqir7p4pVs8?t=132
2018,Top 16,117,559,2,JdMfX_,Yes,Tap,567720,161.0,567720.0,161.0,469020.0,130.0,,,,,Intentional,18,,Yes,98700.0,,https://youtu.be/dqir7p4pVs8?t=728
2018,Top 16,117,560,2,Jani Herlevi,No,DAS,430420,153.0,,,386760.0,132.0,,,,,Natural,18,,Yes,43660.0,,https://youtu.be/dqir7p4pVs8?t=728
2018,Top 16,118,561,1,Greentea,Yes,DAS,706220,180.0,706220.0,180.0,584120.0,131.0,,,,,Intentional,18,,Yes,122100.0,,https://youtu.be/NC-d-mVYECY?t=2191
2018,Top 16,118,562,1,Chad,No,DAS,490400,175.0,,,427560.0,130.0,,,,,Natural,18,,Yes,62840.0,,https://youtu.be/NC-d-mVYECY?t=2191
2018,Top 16,118,563,2,Greentea,Yes,DAS,828200,220.0,828200.0,220.0,521080.0,131.0,,,,,Intentional,18,,Yes,307120.0,,https://youtu.be/NC-d-mVYECY?t=2679
2018,Top 16,118,564,2,Chad,No,DAS,643840,212.0,,,489500.0,132.0,,,,,Natural,18,,Yes,154340.0,,https://youtu.be/NC-d-mVYECY?t=2679
2018,Top 16,119,565,1,Josh Tolles,Yes,DAS,677040,198.0,677040.0,198.0,455080.0,130.0,,,,,Intentional,18,,Yes,221960.0,,https://youtu.be/YsAbgm_q4z4?t=996
2018,Top 16,119,566,1,Ben Mullen,No,DAS,648820,187.0,,,473540.0,131.0,,,,,Natural,18,,Yes,175280.0,,https://youtu.be/YsAbgm_q4z4?t=996
2018,Top 16,119,567,2,Josh Tolles,Yes,DAS,566231,148.0,566231.0,148.0,501451.0,130.0,,,,,Intentional,18,,Yes,64780.0,,https://youtu.be/YsAbgm_q4z4?t=1511
2018,Top 16,119,568,2,Ben Mullen,No,DAS,483880,134.0,,,482280.0,132.0,,,,,Natural,18,,Yes,1600.0,,https://youtu.be/YsAbgm_q4z4?t=1511
2018,Top 16,120,569,1,Jonas,Yes,DAS,304000,80.0,304000.0,80.0,,,,,,,Intentional,18,,Yes,,,https://youtu.be/NC-d-mVYECY?t=33
2018,Top 16,120,570,1,Joey Parker,No,DAS,265102,84.0,,,,,,,,,Natural,18,,Yes,,,https://youtu.be/NC-d-mVYECY?t=33
2018,Top 16,120,571,2,Jonas,Yes,DAS,513380,122.0,513380.0,122.0,,,,,,,Intentional,18,,Yes,,,https://youtu.be/NC-d-mVYECY?t=279
2018,Top 16,120,572,2,Joey Parker,No,DAS,458311,134.0,,,454711.0,130.0,,,,,Natural,18,,Yes,3600.0,,https://youtu.be/NC-d-mVYECY?t=279
2018,Top 16,121,573,1,Svavar,Yes,DAS,737160,205.0,737160.0,205.0,519880.0,130.0,,,,,Natural,18,,Yes,217280.0,,https://youtu.be/dqir7p4pVs8?t=132
2018,Top 16,121,574,1,Jeff Moore,No,DAS,679671,212.0,,,466291.0,131.0,,,,,Natural,18,,Yes,213380.0,,https://youtu.be/dqir7p4pVs8?t=132
2018,Top 16,121,575,2,Svavar,Yes,DAS,833680,230.0,833680.0,230.0,465600.0,131.0,833680.0,230.0,,,Natural,18,,Yes,368080.0,0.0,https://youtu.be/dqir7p4pVs8?t=697
2018,Top 16,121,576,2,Jeff Moore,No,DAS,814680,231.0,,,410320.0,130.0,814680.0,231.0,,,Natural,18,,Yes,404360.0,0.0,https://youtu.be/dqir7p4pVs8?t=697
2018,Top 8,122,577,1,Koryan,Yes,Tap,860960,221.0,860960.0,221.0,528120.0,131.0,,,,,Intentional,18,,Yes,332840.0,,https://youtu.be/4NCmRwm0enM?t=215
2018,Top 8,122,578,1,Quaid,No,DAS,679405,214.0,,,445505.0,130.0,,,,,Natural,18,,Yes,233900.0,,https://youtu.be/4NCmRwm0enM?t=215
2018,Top 8,122,579,2,Koryan,Yes,Tap,914880,230.0,914880.0,230.0,581820.0,130.0,914880.0,230.0,,,Natural,18,,Yes,333060.0,0.0,https://youtu.be/4NCmRwm0enM?t=786
2018,Top 8,122,580,2,Quaid,No,DAS,853140,233.0,,,410920.0,133.0,853140.0,233.0,,,Natural,18,,Yes,442220.0,0.0,https://youtu.be/4NCmRwm0enM?t=786
2018,Top 8,123,581,1,Harry Hong,No,DAS,712940,182.0,,,588680.0,132.0,,,,,Natural,18,,Yes,124260.0,,https://youtu.be/4NCmRwm0enM?t=215
2018,Top 8,123,582,1,JdMfX_,Yes,Tap,803700,193.0,803700.0,193.0,500880.0,130.0,,,,,Intentional,18,,Yes,302820.0,,https://youtu.be/4NCmRwm0enM?t=215
2018,Top 8,123,583,2,Harry Hong,Yes,DAS,99180,25.0,99180.0,25.0,,,,,,,Intentional,18,,Yes,,,https://youtu.be/4NCmRwm0enM?t=719
2018,Top 8,123,584,2,JdMfX_,No,Tap,53960,18.0,,,,,,,,,Natural,18,,Yes,,,https://youtu.be/4NCmRwm0enM?t=719
2018,Top 8,123,585,3,Harry Hong,No,DAS,118940,38.0,,,,,,,,,Natural,18,,Yes,,,https://youtu.be/4NCmRwm0enM?t=843
2018,Top 8,123,586,3,JdMfX_,Yes,Tap,194560,46.0,194560.0,46.0,,,,,,,Intentional,18,,Yes,,,https://youtu.be/4NCmRwm0enM?t=843
2018,Top 8,124,587,1,Greentea,Yes,DAS,868160,221.0,868160.0,221.0,548400.0,131.0,,,,,Intentional,18,,Yes,319760.0,,https://youtu.be/u0x3qpO2iC4?t=249
2018,Top 8,124,588,1,Josh Tolles,No,DAS,752875,214.0,,,454315.0,133.0,,,,,Natural,18,,Yes,298560.0,,https://youtu.be/u0x3qpO2iC4?t=249
2018,Top 8,124,589,2,Greentea,Yes,DAS,635800,211.0,635800.0,211.0,394500.0,133.0,,,,,Intentional,18,,Yes,241300.0,,https://youtu.be/u0x3qpO2iC4?t=823
2018,Top 8,124,590,2,Josh Tolles,No,DAS,631230,208.0,,,299410.0,132.0,,,,,Natural,18,,Yes,331820.0,,https://youtu.be/u0x3qpO2iC4?t=823
2018,Top 8,125,591,1,Jonas,Yes,DAS,493640,159.0,493640.0,159.0,397960.0,130.0,,,,,Intentional,18,,Yes,95680.0,,https://youtu.be/u0x3qpO2iC4?t=249
2018,Top 8,125,592,1,Svavar,No,DAS,477680,141.0,,,449600.0,132.0,,,,,Natural,18,,Yes,28080.0,,https://youtu.be/u0x3qpO2iC4?t=249
2018,Top 8,125,593,2,Jonas,Yes,DAS,740760,179.0,740760.0,179.0,578800.0,132.0,,,,,Intentional,18,,Yes,161960.0,,https://youtu.be/u0x3qpO2iC4?t=691
2018,Top 8,125,594,2,Svavar,No,DAS,587080,175.0,,,508500.0,133.0,,,,,Natural,18,,Yes,78580.0,,https://youtu.be/u0x3qpO2iC4?t=691
2018,Semis,126,595,1,Koryan,Yes,Tap,466320,130.0,466320.0,130.0,466320.0,130.0,,,,,Intentional,18,,Yes,0.0,,https://youtu.be/0xjQeMC1Vsc?t=184
2018,Semis,126,596,1,JdMfX_,No,Tap,364800,126.0,,,,,,,,,Natural,18,,Yes,,,https://youtu.be/0xjQeMC1Vsc?t=184
2018,Semis,126,597,2,Koryan,No,Tap,558960,142.0,,,522920.0,130.0,,,,,Natural,18,,Yes,36040.0,,https://youtu.be/0xjQeMC1Vsc?t=563
2018,Semis,126,598,2,JdMfX_,Yes,Tap,563500,152.0,563500.0,152.0,539320.0,130.0,,,,,Intentional,18,,Yes,24180.0,,https://youtu.be/0xjQeMC1Vsc?t=563
2018,Semis,126,599,3,Koryan,No,Tap,721220,200.0,,,564360.0,131.0,,,,,Natural,18,,Yes,156860.0,,https://youtu.be/0xjQeMC1Vsc?t=1004
2018,Semis,126,600,3,JdMfX_,Yes,Tap,797800,208.0,797800.0,208.0,449640.0,131.0,,,,,Intentional,18,,Yes,348160.0,,https://youtu.be/0xjQeMC1Vsc?t=1004
2018,Semis,127,601,1,Greentea,No,DAS,861880,233.0,,,505460.0,132.0,858880.0,231.0,,,Natural,18,,Yes,353420.0,3000.0,https://youtu.be/YNZsCJkrt8U?t=190
2018,Semis,127,602,1,Jonas,Yes,DAS,884420,229.0,884420.0,229.0,499760.0,130.0,,,,,Natural,18,,Yes,384660.0,,https://youtu.be/YNZsCJkrt8U?t=190
2018,Semis,127,603,2,Greentea,Yes,DAS,598140,178.0,598140.0,178.0,437100.0,131.0,,,,,Intentional,18,,Yes,161040.0,,https://youtu.be/YNZsCJkrt8U?t=784
2018,Semis,127,604,2,Jonas,No,DAS,568740,173.0,,,479240.0,130.0,,,,,Natural,18,,Yes,89500.0,,https://youtu.be/YNZsCJkrt8U?t=784
2018,Semis,127,605,3,Greentea,No,DAS,892800,235.0,,,426800.0,133.0,887480.0,231.0,,,Natural,18,,Yes,460680.0,5320.0,https://youtu.be/YNZsCJkrt8U?t=1268
2018,Semis,127,606,3,Jonas,Yes,DAS,927420,230.0,927420.0,230.0,511920.0,130.0,927420.0,230.0,,,Natural,18,,Yes,415500.0,0.0,https://youtu.be/YNZsCJkrt8U?t=1268
2018,Finals,128,607,1,JdMfX_,Yes,Tap,732260,194.0,732260.0,194.0,504180.0,130.0,,,,,Intentional,18,,Yes,228080.0,,https://youtu.be/L_UPHsGR6fM?t=37
2018,Finals,128,608,1,Jonas,No,DAS,634700,184.0,,,460240.0,131.0,,,,,Natural,18,,Yes,174460.0,,https://youtu.be/L_UPHsGR6fM?t=37
2018,Finals,128,609,2,JdMfX_,Yes,Tap,915680,214.0,915680.0,214.0,510640.0,130.0,,,,,Natural,18,,Yes,405040.0,,https://youtu.be/L_UPHsGR6fM?t=532
2018,Finals,128,610,2,Jonas,No,DAS,844300,222.0,,,474660.0,130.0,,,,,Natural,18,,Yes,369640.0,,https://youtu.be/L_UPHsGR6fM?t=532
2018,Finals,128,611,3,JdMfX_,Yes,Tap,934880,232.0,934880.0,232.0,502040.0,130.0,932480.0,230.0,,,Intentional,18,,Yes,430440.0,2400.0,https://youtu.be/L_UPHsGR6fM?t=1115
2018,Finals,128,612,3,Jonas,No,DAS,915800,209.0,,,562820.0,130.0,,,,,Natural,18,,Yes,352980.0,,https://youtu.be/L_UPHsGR6fM?t=1115
2019,Top 64,129,613,1,Stacy Schierholz,Yes,DAS,567801,187.0,567801.0,187.0,430735.0,130.0,,,,,Natural,18,,Yes,137066.0,,https://youtu.be/MTSuQXgtuik?t=871
2019,Top 64,129,614,1,Chris Brady,No,DAS,510265,171.0,,,424545.0,130.0,,,,,Natural,18,,Yes,85720.0,,https://youtu.be/MTSuQXgtuik?t=871
2019,Top 64,129,615,2,Stacy Schierholz,No,DAS,594923,231.0,,,387783.0,131.0,593723.0,230.0,,,Natural,18,,Yes,205940.0,1200.0,https://youtu.be/MTSuQXgtuik?t=1347
2019,Top 64,129,616,2,Chris Brady,Yes,DAS,686159,233.0,686159.0,233.0,404419.0,130.0,686159.0,233.0,,,Natural,18,,Yes,281740.0,0.0,https://youtu.be/MTSuQXgtuik?t=1347
2019,Top 64,129,617,3,Stacy Schierholz,No,DAS,232744,70.0,,,,,,,,,Natural,18,,Yes,,,https://youtu.be/MTSuQXgtuik?t=1915
2019,Top 64,129,618,3,Chris Brady,Yes,DAS,262195,79.0,262195.0,79.0,,,,,,,Intentional,18,,Yes,,,https://youtu.be/MTSuQXgtuik?t=1915
2019,Top 64,130,619,1,Schoolmaster,Yes,DAS,48651,12.0,48651.0,12.0,,,,,,,Intentional,18,,Yes,,,https://youtu.be/it-0AakelCg?t=1020
2019,Top 64,130,620,1,LouieSkouie,No,DAS,3907,5.0,,,,,,,,,Natural,18,,Yes,,,https://youtu.be/it-0AakelCg?t=1020
2019,Top 64,130,621,2,Schoolmaster,Yes,DAS,406880,130.0,406880.0,130.0,406880.0,130.0,,,,,Natural,18,,Yes,0.0,,https://youtu.be/it-0AakelCg?t=1093
2019,Top 64,130,622,2,LouieSkouie,No,DAS,363238,158.0,,,334319.0,130.0,,,,,Natural,18,,Yes,28919.0,,https://youtu.be/it-0AakelCg?t=1093
2019,Top 64,131,623,1,SQR,Yes,DAS,353945,98.0,353945.0,98.0,,,,,,,Intentional,18,,Yes,,,https://youtu.be/uweqiQKdVGc?t=12
2019,Top 64,131,624,1,Ethan Daniels,No,DAS,262200,92.0,,,,,,,,,Natural,18,,Yes,,,https://youtu.be/uweqiQKdVGc?t=12
2019,Top 64,131,625,2,SQR,Yes,DAS,471600,136.0,471600.0,136.0,463200.0,130.0,,,,,Natural,18,,Yes,8400.0,,https://youtu.be/uweqiQKdVGc?t=308
2019,Top 64,131,626,2,Ethan Daniels,No,DAS,458400,173.0,,,344720.0,130.0,,,,,Natural,18,,Yes,113680.0,,https://youtu.be/uweqiQKdVGc?t=308
2019,Top 64,132,627,1,Sharky,Yes,DAS,169296,62.0,169296.0,62.0,,,,,,,Intentional,18,,Yes,,,https://youtu.be/hdpX0UG9Ets?t=15
2019,Top 64,132,628,1,MicroBlizz,No,DAS,150480,56.0,,,,,,,,,Natural,18,,Yes,,,https://youtu.be/hdpX0UG9Ets?t=15
2019,Top 64,132,629,2,Sharky,No,DAS,493670,146.0,,,482170.0,133.0,,,,,Natural,18,,Yes,11500.0,,https://youtu.be/hdpX0UG9Ets?t=224
2019,Top 64,132,630,2,MicroBlizz,Yes,DAS,522260,148.0,522260.0,148.0,485940.0,131.0,,,,,Intentional,18,,Yes,36320.0,,https://youtu.be/hdpX0UG9Ets?t=224
2019,Top 64,132,631,3,Sharky,No,DAS,359314,120.0,,,,,,,,,Natural,18,,Yes,,,https://youtu.be/hdpX0UG9Ets?t=678
2019,Top 64,132,632,3,MicroBlizz,Yes,DAS,406600,121.0,406600.0,121.0,,,,,,,Intentional,18,,Yes,,,https://youtu.be/hdpX0UG9Ets?t=678
2019,Top 64,133,633,1,Alex Kerr,No,DAS,514572,160.0,,,483472.0,131.0,,,,,Natural,18,,Yes,31100.0,,https://youtu.be/it-0AakelCg?t=14
2019,Top 64,133,634,1,Reed Hanson,Yes,DAS,533225,182.0,533225.0,182.0,403245.0,130.0,,,,,Intentional,18,,Yes,129980.0,,https://youtu.be/it-0AakelCg?t=14
2019,Top 64,133,635,2,Alex Kerr,Yes,DAS,160360,45.0,160360.0,45.0,,,,,,,Intentional,18,,Yes,,,https://youtu.be/it-0AakelCg?t=480
2019,Top 64,133,636,2,Reed Hanson,No,DAS,91595,40.0,,,,,,,,,Natural,18,,Yes,,,https://youtu.be/it-0AakelCg?t=480
2019,Top 64,133,637,3,Alex Kerr,No,DAS,303620,97.0,,,,,,,,,Natural,18,,Yes,,,https://youtu.be/it-0AakelCg?t=640
2019,Top 64,133,638,3,Reed Hanson,Yes,DAS,319240,106.0,319240.0,106.0,,,,,,,Intentional,18,,Yes,,,https://youtu.be/it-0AakelCg?t=640
2019,Top 64,134,639,1,Joey Parker,No,DAS,694741,199.0,,,483958.0,130.0,,,,,Natural,18,,Yes,210783.0,,https://youtu.be/it-0AakelCg?t=1612
2019,Top 64,134,640,1,Trey Harrison,Yes,DAS,696932,204.0,696932.0,204.0,448092.0,132.0,,,,,Intentional,18,,Yes,248840.0,,https://youtu.be/it-0AakelCg?t=1612
2019,Top 64,134,641,2,Joey Parker,No,DAS,51239,31.0,,,,,,,,,Natural,18,,Yes,,,https://youtu.be/it-0AakelCg?t=2128
2019,Top 64,134,642,2,Trey Harrison,Yes,DAS,148580,38.0,148580.0,38.0,,,,,,,Intentional,18,,Yes,,,https://youtu.be/it-0AakelCg?t=2128
2019,Top 64,135,643,1,Jake Stein,Yes,DAS,371182,146.0,371182.0,146.0,354456.0,131.0,,,,,Intentional,18,,Yes,16726.0,,https://youtu.be/MTSuQXgtuik?t=69
2019,Top 64,135,644,1,Eris,No,DAS,369360,120.0,,,,,,,,,Natural,18,,Yes,,,https://youtu.be/MTSuQXgtuik?t=69
2019,Top 64,135,645,2,Jake Stein,Yes,DAS,209565,64.0,209565.0,64.0,,,,,,,Intentional,18,,Yes,,,https://youtu.be/MTSuQXgtuik?t=462
2019,Top 64,135,646,2,Eris,No,DAS,104120,51.0,,,,,,,,,Natural,18,,Yes,,,https://youtu.be/MTSuQXgtuik?t=462
2019,Top 64,136,647,1,Marq,Yes,Tap,256880,95.0,256880.0,95.0,,,,,,,Intentional,18,,Yes,,,https://youtu.be/uweqiQKdVGc?t=1642
2019,Top 64,136,648,1,DivCaste,No,DAS,239400,69.0,,,,,,,,,Natural,18,,Yes,,,https://youtu.be/uweqiQKdVGc?t=1642
2019,Top 64,136,649,2,Marq,Yes,Tap,103740,47.0,103740.0,47.0,,,,,,,Intentional,18,,Yes,,,https://youtu.be/uweqiQKdVGc?t=1934
2019,Top 64,136,650,2,DivCaste,No,DAS,99560,26.0,,,,,,,,,Natural,18,,Yes,,,https://youtu.be/uweqiQKdVGc?t=1934
2019,Top 64,137,651,1,Frank Westphal,No,DAS,391580,198.0,,,308280.0,131.0,,,,,Natural,18,,Yes,83300.0,,https://youtu.be/1OgHAtA_110?t=13
2019,Top 64,137,652,1,Robin Mihara,Yes,DAS,444609,167.0,444609.0,167.0,365633.0,131.0,,,,,Natural,18,,Yes,78976.0,,https://youtu.be/1OgHAtA_110?t=13
2019,Top 64,137,653,2,Frank Westphal,No,DAS,388371,168.0,,,304871.0,131.0,,,,,Natural,15,,Yes,,,https://youtu.be/1OgHAtA_110?t=569
2019,Top 64,137,654,2,Robin Mihara,Yes,DAS,390483,164.0,390483.0,164.0,331603.0,130.0,,,,,Intentional,15,,Yes,,,https://youtu.be/1OgHAtA_110?t=569
2019,Top 64,138,655,1,Quaid,Yes,DAS,583451,153.0,583451.0,153.0,498391.0,130.0,,,,,Intentional,18,,Yes,85060.0,,https://youtu.be/MTSuQXgtuik?t=1065
2019,Top 64,138,656,1,JazzThief81,No,DAS,489380,142.0,,,478860.0,130.0,,,,,Natural,18,,Yes,10520.0,,https://youtu.be/MTSuQXgtuik?t=1065
2019,Top 64,138,657,2,Quaid,Yes,DAS,532506,132.0,532506.0,132.0,530906.0,130.0,,,,,Intentional,18,,Yes,1600.0,,https://youtu.be/MTSuQXgtuik?t=1489
2019,Top 64,138,658,2,JazzThief81,No,DAS,264480,124.0,,,,,,,,,Natural,18,,Yes,,,https://youtu.be/MTSuQXgtuik?t=1489
2019,Top 64,139,659,1,BeastinShen,Yes,DAS,493980,151.0,493980.0,151.0,430600.0,130.0,,,,,Intentional,18,,Yes,63380.0,,https://youtu.be/1OgHAtA_110?t=1077
2019,Top 64,139,660,1,Keith Wong,No,DAS,485711,139.0,,,478911.0,131.0,,,,,Natural,18,,Yes,6800.0,,https://youtu.be/1OgHAtA_110?t=1077
2019,Top 64,139,661,2,BeastinShen,No,DAS,480500,150.0,,,458760.0,130.0,,,,,Natural,18,,Yes,21740.0,,https://youtu.be/1OgHAtA_110?t=1509
2019,Top 64,139,662,2,Keith Wong,Yes,DAS,520746,156.0,520746.0,156.0,452646.0,133.0,,,,,Intentional,18,,Yes,68100.0,,https://youtu.be/1OgHAtA_110?t=1509
2019,Top 64,139,663,3,BeastinShen,No,DAS,338140,135.0,,,333740.0,130.0,,,,,Natural,18,,Yes,4400.0,,https://youtu.be/1OgHAtA_110?t=1979
2019,Top 64,139,664,3,Keith Wong,Yes,DAS,417940,141.0,417940.0,141.0,407840.0,130.0,,,,,Intentional,18,,Yes,10100.0,,https://youtu.be/1OgHAtA_110?t=1979
2019,Top 64,140,665,1,Paul Yeo,No,DAS,102220,29.0,,,,,,,,,Natural,18,,Yes,,,https://youtu.be/it-0AakelCg?t=2424
2019,Top 64,140,666,1,Packie,Yes,DAS,127327,36.0,127327.0,36.0,,,,,,,Intentional,18,,Yes,,,https://youtu.be/it-0AakelCg?t=2424
2019,Top 64,140,667,2,Paul Yeo,Yes,DAS,275120,101.0,275120.0,101.0,,,,,,,Intentional,18,,Yes,,,https://youtu.be/it-0AakelCg?t=2549
2019,Top 64,140,668,2,Packie,No,DAS,263901,95.0,,,,,,,,,Natural,18,,Yes,,,https://youtu.be/it-0AakelCg?t=2549
2019,Top 64,140,669,3,Paul Yeo,Yes,DAS,452960,127.0,452960.0,127.0,,,,,,,Intentional,18,,Yes,,,https://youtu.be/it-0AakelCg?t=2867
2019,Top 64,140,670,3,Packie,No,DAS,394096,116.0,,,,,,,,,Natural,18,,Yes,,,https://youtu.be/it-0AakelCg?t=2867
2019,Top 64,141,671,1,MegaRetroMan,Yes,DAS,587347,152.0,587347.0,152.0,542392.0,130.0,,,,,Natural,18,,Yes,44955.0,,https://youtu.be/MTSuQXgtuik?t=69
2019,Top 64,141,672,1,Michael G,No,DAS,479021,153.0,,,410341.0,130.0,,,,,Natural,18,,Yes,68680.0,,https://youtu.be/MTSuQXgtuik?t=69
2019,Top 64,141,673,2,MegaRetroMan,Yes,DAS,472370,147.0,472370.0,147.0,453400.0,130.0,,,,,Natural,18,,Yes,18970.0,,https://youtu.be/MTSuQXgtuik?t=498
2019,Top 64,141,674,2,Michael G,No,DAS,469302,173.0,,,372962.0,130.0,,,,,Natural,18,,Yes,96340.0,,https://youtu.be/MTSuQXgtuik?t=498
2019,Top 64,142,675,1,Svavar,Yes,DAS,478660,139.0,478660.0,139.0,467460.0,130.0,,,,,Intentional,18,,Yes,11200.0,,https://youtu.be/uweqiQKdVGc?t=777
2019,Top 64,142,676,1,Ilaria,No,DAS,442240,131.0,,,442240.0,131.0,,,,,Natural,18,,Yes,0.0,,https://youtu.be/uweqiQKdVGc?t=777
2019,Top 64,142,677,2,Svavar,Yes,DAS,510100,156.0,510100.0,156.0,437060.0,130.0,,,,,Intentional,18,,Yes,73040.0,,https://youtu.be/uweqiQKdVGc?t=1223
2019,Top 64,142,678,2,Ilaria,No,DAS,401020,155.0,,,380440.0,133.0,,,,,Natural,18,,Yes,20580.0,,https://youtu.be/uweqiQKdVGc?t=1223
2019,Top 64,143,679,1,Matt Martin,Yes,DAS,475800,130.0,475800.0,130.0,475800.0,130.0,,,,,Intentional,18,,Yes,0.0,,https://youtu.be/it-0AakelCg?t=1476
2019,Top 64,143,680,1,Muunas,No,DAS,402420,121.0,,,,,,,,,Natural,18,,Yes,,,https://youtu.be/it-0AakelCg?t=1476
2019,Top 64,143,681,2,Matt Martin,No,DAS,416860,179.0,,,282100.0,132.0,,,,,Natural,15,,Yes,,,https://youtu.be/it-0AakelCg?t=1862
2019,Top 64,143,682,2,Muunas,Yes,DAS,423051,153.0,423051.0,153.0,401391.0,130.0,,,,,Natural,15,,Yes,,,https://youtu.be/it-0AakelCg?t=1862
2019,Top 64,143,683,3,Matt Martin,Yes,DAS,456580,148.0,456580.0,148.0,440520.0,131.0,,,,,Intentional,18,,Yes,16060.0,,https://youtu.be/it-0AakelCg?t=2392
2019,Top 64,143,684,3,Muunas,No,DAS,401680,143.0,,,391840.0,133.0,,,,,Natural,18,,Yes,9840.0,,https://youtu.be/it-0AakelCg?t=2392
2019,Top 64,144,685,1,NESCardinality,No,Tap,136800,48.0,,,,,,,,,Natural,18,,Yes,,,https://youtu.be/it-0AakelCg?t=308
2019,Top 64,144,686,1,adudeabides,Yes,DAS,158405,60.0,158405.0,60.0,,,,,,,Intentional,18,,Yes,,,https://youtu.be/it-0AakelCg?t=308
2019,Top 64,144,687,2,NESCardinality,Yes,Tap,534260,151.0,534260.0,151.0,469740.0,131.0,,,,,Intentional,18,,Yes,64520.0,,https://youtu.be/it-0AakelCg?t=502
2019,Top 64,144,688,2,adudeabides,No,DAS,386851,148.0,,,348631.0,130.0,,,,,Natural,18,,Yes,38220.0,,https://youtu.be/it-0AakelCg?t=502
2019,Top 64,144,689,3,NESCardinality,No,Tap,87020,35.0,,,,,,,,,Natural,18,,Yes,,,https://youtu.be/it-0AakelCg?t=926
2019,Top 64,144,690,3,adudeabides,Yes,DAS,100277,42.0,100277.0,42.0,,,,,,,Intentional,18,,Yes,,,https://youtu.be/it-0AakelCg?t=926
2019,Top 32,145,691,1,JdMfX_,Yes,DAS,224960,52.0,224960.0,52.0,,,,,,,Intentional,18,,Yes,,,https://youtu.be/ZYItfzv94rg?t=1241
2019,Top 32,145,692,1,Chris Brady,No,DAS,181267,49.0,,,,,,,,,Natural,18,,Yes,,,https://youtu.be/ZYItfzv94rg?t=1241
2019,Top 32,145,693,2,JdMfX_,Yes,DAS,482020,133.0,482020.0,133.0,479620.0,130.0,,,,,Intentional,18,,Yes,2400.0,,https://youtu.be/ZYItfzv94rg?t=1410
2019,Top 32,145,694,2,Chris Brady,No,DAS,349290,141.0,,,340010.0,131.0,,,,,Natural,18,,Yes,9280.0,,https://youtu.be/ZYItfzv94rg?t=1410
2019,Top 32,146,695,1,Ben Mullen,Yes,DAS,585540,154.0,585540.0,154.0,539280.0,132.0,,,,,Intentional,18,,Yes,46260.0,,https://youtu.be/ZYItfzv94rg?t=40
2019,Top 32,146,696,1,Schoolmaster,No,DAS,493787,147.0,,,480667.0,132.0,,,,,Natural,18,,Yes,13120.0,,https://youtu.be/ZYItfzv94rg?t=40
2019,Top 32,146,697,2,Ben Mullen,No,DAS,425980,110.0,,,,,,,,,Natural,18,,Yes,,,https://youtu.be/ZYItfzv94rg?t=717
2019,Top 32,146,698,2,Schoolmaster,Yes,DAS,432288,132.0,432288.0,132.0,431488.0,131.0,,,,,Intentional,18,,Yes,800.0,,https://youtu.be/ZYItfzv94rg?t=717
2019,Top 32,146,699,3,Ben Mullen,Yes,DAS,507040,156.0,507040.0,156.0,459480.0,132.0,,,,,Intentional,18,,Yes,47560.0,,https://youtu.be/ZYItfzv94rg?t=1066
2019,Top 32,146,700,3,Schoolmaster,No,DAS,479511,153.0,,,452471.0,131.0,,,,,Natural,18,,Yes,27040.0,,https://youtu.be/ZYItfzv94rg?t=1066
2019,Top 32,147,701,1,Greentea,Yes,DAS,620160,198.0,620160.0,198.0,464420.0,133.0,,,,,Intentional,18,,Yes,155740.0,,https://youtu.be/QQrUY4vZGUs?t=32
2019,Top 32,147,702,1,SQR,No,DAS,518769,191.0,,,364249.0,131.0,,,,,Natural,18,,Yes,154520.0,,https://youtu.be/QQrUY4vZGUs?t=32
2019,Top 32,147,703,2,Greentea,Yes,DAS,703100,227.0,703100.0,227.0,485300.0,130.0,,,,,Intentional,18,,Yes,217800.0,,https://youtu.be/QQrUY4vZGUs?t=546
2019,Top 32,147,704,2,SQR,No,DAS,698112,206.0,,,560252.0,131.0,,,,,Natural,18,,Yes,137860.0,,https://youtu.be/QQrUY4vZGUs?t=546
2019,Top 32,148,705,1,Jeff Moore,No,DAS,507447,196.0,,,368267.0,130.0,,,,,Natural,18,,Yes,139180.0,,https://youtu.be/ZbjMK_N5U4M?t=470
2019,Top 32,148,706,1,MicroBlizz,Yes,DAS,509220,182.0,509220.0,182.0,403600.0,130.0,,,,,Natural,18,,Yes,105620.0,,https://youtu.be/ZbjMK_N5U4M?t=470
2019,Top 32,148,707,2,Jeff Moore,Yes,DAS,273608,70.0,273608.0,70.0,,,,,,,Intentional,18,,Yes,,,https://youtu.be/ZbjMK_N5U4M?t=1010
2019,Top 32,148,708,2,MicroBlizz,No,DAS,267140,60.0,,,,,,,,,Natural,18,,Yes,,,https://youtu.be/ZbjMK_N5U4M?t=1010
2019,Top 32,148,709,3,Jeff Moore,No,DAS,459760,138.0,,,454160.0,131.0,,,,,Natural,18,,Yes,5600.0,,https://youtu.be/ZbjMK_N5U4M?t=1249
2019,Top 32,148,710,3,MicroBlizz,Yes,DAS,497860,147.0,497860.0,147.0,482320.0,130.0,,,,,Intentional,18,,Yes,15540.0,,https://youtu.be/ZbjMK_N5U4M?t=1249
2019,Top 32,149,711,1,DanQZ,Yes,Tap,240920,102.0,240920.0,102.0,,,,,,,Intentional,18,,Yes,,,https://youtu.be/Jn3os5Lt3UE?t=1045
2019,Top 32,149,712,1,Reed Hanson,No,DAS,205961,93.0,,,,,,,,,Natural,18,,Yes,,,https://youtu.be/Jn3os5Lt3UE?t=1045
2019,Top 32,149,713,2,DanQZ,No,Tap,83220,30.0,,,,,,,,,Natural,18,,Yes,,,https://youtu.be/Jn3os5Lt3UE?t=1334
2019,Top 32,149,714,2,Reed Hanson,Yes,DAS,84743,50.0,84743.0,50.0,,,,,,,Intentional,18,,Yes,,,https://youtu.be/Jn3os5Lt3UE?t=1334
2019,Top 32,149,715,3,DanQZ,Yes,Tap,27740,10.0,27740.0,10.0,,,,,,,Intentional,18,,Yes,,,https://youtu.be/Jn3os5Lt3UE?t=1503
2019,Top 32,149,716,3,Reed Hanson,No,DAS,4940,6.0,,,,,,,,,Natural,18,,Yes,,,https://youtu.be/Jn3os5Lt3UE?t=1503
2019,Top 32,150,717,1,Chad,Yes,DAS,282720,79.0,282720.0,79.0,,,,,,,Intentional,18,,Yes,,,https://youtu.be/ZbjMK_N5U4M?t=48
2019,Top 32,150,718,1,Trey Harrison,No,DAS,217360,73.0,,,,,,,,,Natural,18,,Yes,,,https://youtu.be/ZbjMK_N5U4M?t=48
2019,Top 32,150,719,2,Chad,Yes,DAS,61560,23.0,,,,,,,,,Intentional,18,,Yes,,,https://youtu.be/ZbjMK_N5U4M?t=287
2019,Top 32,150,720,2,Trey Harrison,No,DAS,50920,14.0,,,,,,,,,Natural,18,,Yes,,,https://youtu.be/ZbjMK_N5U4M?t=287
2019,Top 32,151,721,1,Josh Tolles,Yes,DAS,582860,158.0,582860.0,158.0,489360.0,131.0,,,,,Intentional,18,,Yes,93500.0,,https://youtu.be/QgbwpmRgS0E?t=1640
2019,Top 32,151,722,1,Jake Stein,No,DAS,464534,157.0,,,430306.0,132.0,,,,,Natural,18,,Yes,34228.0,,https://youtu.be/QgbwpmRgS0E?t=1640
2019,Top 32,151,723,2,Josh Tolles,Yes,DAS,543620,229.0,543620.0,229.0,325700.0,130.0,,,,,Intentional,18,,Yes,217920.0,,https://youtu.be/QgbwpmRgS0E?t=2083
2019,Top 32,151,724,2,Jake Stein,No,DAS,534891,156.0,,,512214.0,131.0,,,,,Natural,18,,Yes,22677.0,,https://youtu.be/QgbwpmRgS0E?t=2083
2019,Top 32,152,725,1,Scottobozo,Yes,DAS,426775,128.0,426775.0,128.0,,,,,,,Intentional,18,,Yes,,,https://youtu.be/6j1XiJzqxsQ?t=958
2019,Top 32,152,726,1,Marq,No,Tap,321100,121.0,,,,,,,,,Natural,18,,Yes,,,https://youtu.be/6j1XiJzqxsQ?t=958
2019,Top 32,152,727,2,Scottobozo,No,DAS,272104,85.0,,,,,,,,,Natural,18,,Yes,,,https://youtu.be/6j1XiJzqxsQ?t=1335
2019,Top 32,152,728,2,Marq,Yes,Tap,383040,97.0,383040.0,97.0,,,,,,,Intentional,18,,Yes,,,https://youtu.be/6j1XiJzqxsQ?t=1335
2019,Top 32,152,729,3,Scottobozo,No,DAS,411560,122.0,,,,,,,,,Natural,18,,Yes,,,https://youtu.be/6j1XiJzqxsQ?t=1620
2019,Top 32,152,730,3,Marq,Yes,Tap,424720,154.0,424720.0,154.0,378920.0,133.0,,,,,Intentional,18,,Yes,45800.0,,https://youtu.be/6j1XiJzqxsQ?t=1620
2019,Top 32,153,731,1,Koryan,Yes,Tap,488260,151.0,488260.0,151.0,429460.0,132.0,,,,,Intentional,18,,Yes,58800.0,,https://youtu.be/6j1XiJzqxsQ?t=32
2019,Top 32,153,732,1,Robin Mihara,No,DAS,405508,146.0,,,390028.0,132.0,,,,,Natural,18,,Yes,15480.0,,https://youtu.be/6j1XiJzqxsQ?t=32
2019,Top 32,153,733,2,Koryan,Yes,Tap,763600,198.0,763600.0,198.0,540800.0,130.0,,,,,Intentional,18,,Yes,222800.0,,https://youtu.be/6j1XiJzqxsQ?t=453
2019,Top 32,153,734,2,Robin Mihara,No,DAS,592736,198.0,,,423810.0,132.0,,,,,Natural,18,,Yes,168926.0,,https://youtu.be/6j1XiJzqxsQ?t=453
2019,Top 32,154,735,1,Jani Herlevi,No,DAS,543929,232.0,,,297960.0,130.0,543920.0,232.0,,,Natural,18,,Yes,245960.0,9.0,https://youtu.be/QQrUY4vZGUs?t=43
2019,Top 32,154,736,1,Quaid,Yes,DAS,735929,231.0,735929.0,231.0,407909.0,132.0,734729.0,230.0,,,Natural,18,,Yes,326820.0,1200.0,https://youtu.be/QQrUY4vZGUs?t=43
2019,Top 32,154,737,2,Jani Herlevi,Yes,DAS,556000,171.0,556000.0,171.0,466740.0,130.0,,,,,Intentional,18,,Yes,89260.0,,https://youtu.be/QQrUY4vZGUs?t=638
2019,Top 32,154,738,2,Quaid,No,DAS,446651,153.0,,,401051.0,130.0,,,,,Natural,18,,Yes,45600.0,,https://youtu.be/QQrUY4vZGUs?t=638
2019,Top 32,154,739,3,Jani Herlevi,Yes,DAS,660400,180.0,660400.0,180.0,535080.0,130.0,,,,,Intentional,18,,Yes,125320.0,,https://youtu.be/QQrUY4vZGUs?t=1087
2019,Top 32,154,740,3,Quaid,No,DAS,557990,172.0,,,472890.0,130.0,,,,,Natural,18,,Yes,85100.0,,https://youtu.be/QQrUY4vZGUs?t=1087
2019,Top 32,155,741,1,Terry Purcell,Yes,DAS,714306,224.0,714306.0,224.0,390126.0,130.0,,,,,Intentional,18,,Yes,324180.0,,https://youtu.be/Jn3os5Lt3UE?t=48
2019,Top 32,155,742,1,Keith Wong,No,DAS,645020,203.0,,,490640.0,133.0,,,,,Natural,18,,Yes,154380.0,,https://youtu.be/Jn3os5Lt3UE?t=48
2019,Top 32,155,743,2,Terry Purcell,No,DAS,151271,41.0,,,,,,,,,Natural,18,,Yes,,,https://youtu.be/Jn3os5Lt3UE?t=593
2019,Top 32,155,744,2,Keith Wong,Yes,DAS,174430,42.0,174430.0,42.0,,,,,,,Intentional,18,,Yes,,,https://youtu.be/Jn3os5Lt3UE?t=593
2019,Top 32,155,745,3,Terry Purcell,Yes,DAS,98053,24.0,98053.0,24.0,,,,,,,Intentional,18,,Yes,,,https://youtu.be/Jn3os5Lt3UE?t=752
2019,Top 32,155,746,3,Keith Wong,No,DAS,13300,16.0,,,,,,,,,Natural,18,,Yes,,,https://youtu.be/Jn3os5Lt3UE?t=752
2019,Top 32,156,747,1,brodindamp,No,DAS,650160,160.0,,,579180.0,132.0,,,,,Natural,18,,Yes,70980.0,,https://youtu.be/ZYItfzv94rg?t=40
2019,Top 32,156,748,1,Paul Yeo,Yes,DAS,654260,172.0,654260.0,172.0,548780.0,131.0,,,,,Intentional,18,,Yes,105480.0,,https://youtu.be/ZYItfzv94rg?t=40
2019,Top 32,156,749,2,brodindamp,Yes,DAS,75240,21.0,75240.0,21.0,,,,,,,Intentional,18,,Yes,,,https://youtu.be/ZYItfzv94rg?t=508
2019,Top 32,156,750,2,Paul Yeo,No,DAS,30400,13.0,,,,,,,,,Natural,18,,Yes,,,https://youtu.be/ZYItfzv94rg?t=508
2019,Top 32,156,751,3,brodindamp,Yes,DAS,610768,170.0,610768.0,170.0,516848.0,130.0,,,,,Intentional,18,,Yes,93920.0,,https://youtu.be/ZYItfzv94rg?t=582
2019,Top 32,156,752,3,Paul Yeo,No,DAS,586920,161.0,,,465540.0,130.0,,,,,Natural,18,,Yes,121380.0,,https://youtu.be/ZYItfzv94rg?t=582
2019,Top 32,157,753,1,Jonas,Yes,DAS,627800,211.0,627800.0,211.0,510060.0,131.0,,,,,Intentional,18,,Yes,117740.0,,https://youtu.be/Q5c-zPaKh8Y?t=96
2019,Top 32,157,754,1,MegaRetroMan,No,DAS,624545,156.0,,,549921.0,130.0,,,,,Natural,18,,Yes,74624.0,,https://youtu.be/Q5c-zPaKh8Y?t=96
2019,Top 32,157,755,2,Jonas,No,DAS,143260,52.0,,,,,,,,,Natural,18,,Yes,,,https://youtu.be/Q5c-zPaKh8Y?t=652
2019,Top 32,157,756,2,MegaRetroMan,Yes,DAS,197795,67.0,197795.0,67.0,,,,,,,Intentional,18,,Yes,,,https://youtu.be/Q5c-zPaKh8Y?t=652
2019,Top 32,157,757,3,Jonas,No,DAS,210900,62.0,,,,,,,,,Natural,18,,Yes,,,https://youtu.be/Q5c-zPaKh8Y?t=856
2019,Top 32,157,758,3,MegaRetroMan,Yes,DAS,213480,104.0,213480.0,104.0,,,,,,,Intentional,18,,Yes,,,https://youtu.be/Q5c-zPaKh8Y?t=856
2019,Top 32,158,759,1,Batfoy,Yes,DAS,577580,149.0,577580.0,149.0,539660.0,131.0,,,,,Intentional,18,,Yes,37920.0,,https://youtu.be/Jn3os5Lt3UE?t=100
2019,Top 32,158,760,1,Svavar,No,DAS,541240,150.0,,,459840.0,130.0,,,,,Natural,18,,Yes,81400.0,,https://youtu.be/Jn3os5Lt3UE?t=100
2019,Top 32,158,761,2,Batfoy,No,DAS,793600,232.0,,,483040.0,131.0,791200.0,230.0,,,Natural,18,,Yes,308160.0,2400.0,https://youtu.be/Jn3os5Lt3UE?t=525
2019,Top 32,158,762,2,Svavar,Yes,DAS,816380,231.0,816380.0,231.0,425700.0,130.0,815180.0,230.0,,,Natural,18,,Yes,389480.0,1200.0,https://youtu.be/Jn3os5Lt3UE?t=525
2019,Top 32,158,763,3,Batfoy,Yes,DAS,662020,188.0,662020.0,188.0,484600.0,130.0,,,,,Intentional,18,,Yes,177420.0,,https://youtu.be/Jn3os5Lt3UE?t=1119
2019,Top 32,158,764,3,Svavar,No,DAS,598440,179.0,,,505060.0,130.0,,,,,Natural,18,,Yes,93380.0,,https://youtu.be/Jn3os5Lt3UE?t=1119
2019,Top 32,159,765,1,Harry Hong,Yes,DAS,520981,142.0,520981.0,142.0,510841.0,131.0,,,,,Natural,18,,Yes,10140.0,,https://youtu.be/QgbwpmRgS0E?t=48
2019,Top 32,159,766,1,Matt Martin,No,DAS,519120,139.0,,,489120.0,132.0,,,,,Natural,18,,Yes,30000.0,,https://youtu.be/QgbwpmRgS0E?t=48
2019,Top 32,159,767,2,Harry Hong,No,DAS,664061,167.0,,,601281.0,131.0,,,,,Natural,18,,Yes,62780.0,,https://youtu.be/QgbwpmRgS0E?t=599
2019,Top 32,159,768,2,Matt Martin,Yes,DAS,687520,198.0,687520.0,198.0,523320.0,132.0,,,,,Intentional,18,,Yes,164200.0,,https://youtu.be/QgbwpmRgS0E?t=599
2019,Top 32,159,769,3,Harry Hong,No,DAS,673514,193.0,,,491414.0,132.0,,,,,Natural,18,,Yes,182100.0,,https://youtu.be/QgbwpmRgS0E?t=1126
2019,Top 32,159,770,3,Matt Martin,Yes,DAS,687020,187.0,687020.0,187.0,494680.0,130.0,,,,,Intentional,18,,Yes,192340.0,,https://youtu.be/QgbwpmRgS0E?t=1126
2019,Top 32,160,771,1,Buco,Yes,DAS,564804,173.0,564804.0,173.0,423464.0,130.0,,,,,Intentional,18,,Yes,141340.0,,https://youtu.be/Q5c-zPaKh8Y?t=96
2019,Top 32,160,772,1,adudeabides,No,DAS,471950,164.0,,,436430.0,130.0,,,,,Natural,18,,Yes,35520.0,,https://youtu.be/Q5c-zPaKh8Y?t=96
2019,Top 32,160,773,2,Buco,Yes,DAS,459095,173.0,459095.0,173.0,336695.0,130.0,,,,,Intentional,18,,Yes,122400.0,,https://youtu.be/Q5c-zPaKh8Y?t=550
2019,Top 32,160,774,2,adudeabides,No,DAS,383280,167.0,,,345940.0,131.0,,,,,Natural,18,,Yes,37340.0,,https://youtu.be/Q5c-zPaKh8Y?t=550
2019,Top 16,161,775,1,JdMfX_,Yes,Tap,711000,177.0,711000.0,177.0,523320.0,133.0,,,,,Intentional,18,,Yes,187680.0,,https://youtu.be/s8ZGKtYEJfs?t=32
2019,Top 16,161,776,1,Ben Mullen,No,DAS,482400,167.0,,,428320.0,131.0,,,,,Natural,18,,Yes,54080.0,,https://youtu.be/s8ZGKtYEJfs?t=32
2019,Top 16,161,777,2,JdMfX_,Yes,Tap,690400,181.0,690400.0,181.0,499420.0,131.0,,,,,Intentional,18,,Yes,190980.0,,https://youtu.be/s8ZGKtYEJfs?t=502
2019,Top 16,161,778,2,Ben Mullen,No,DAS,681269,168.0,,,558269.0,130.0,,,,,Natural,18,,Yes,123000.0,,https://youtu.be/s8ZGKtYEJfs?t=502
2019,Top 16,162,779,1,Greentea,Yes,DAS,875540,230.0,875540.0,230.0,597780.0,130.0,875540.0,230.0,,,Natural,18,,Yes,277760.0,0.0,https://youtu.be/U-mhtE7AMAw?t=31
2019,Top 16,162,780,1,MicroBlizz,No,DAS,815140,233.0,,,526360.0,131.0,813940.0,232.0,,,Natural,18,,Yes,287580.0,1200.0,https://youtu.be/U-mhtE7AMAw?t=31
2019,Top 16,162,781,2,Greentea,Yes,DAS,532680,144.0,532680.0,144.0,517660.0,131.0,,,,,Intentional,18,,Yes,15020.0,,https://youtu.be/U-mhtE7AMAw?t=615
2019,Top 16,162,782,2,MicroBlizz,No,DAS,416320,145.0,,,402460.0,130.0,,,,,Natural,18,,Yes,13860.0,,https://youtu.be/U-mhtE7AMAw?t=615
2019,Top 16,163,783,1,DanQZ,Yes,Tap,708800,218.0,708800.0,218.0,430600.0,130.0,,,,,Intentional,18,,Yes,278200.0,,https://youtu.be/DcREWsRzeCU?t=20
2019,Top 16,163,784,1,Chad,No,DAS,690000,207.0,,,440600.0,131.0,,,,,Natural,18,,Yes,249400.0,,https://youtu.be/DcREWsRzeCU?t=20
2019,Top 16,163,785,2,DanQZ,Yes,Tap,758300,199.0,758300.0,199.0,471640.0,132.0,,,,,Intentional,18,,Yes,286660.0,,https://youtu.be/DcREWsRzeCU?t=567
2019,Top 16,163,786,2,Chad,No,DAS,593460,189.0,,,432100.0,130.0,,,,,Natural,18,,Yes,161360.0,,https://youtu.be/DcREWsRzeCU?t=567
2019,Top 16,164,787,1,Josh Tolles,Yes,DAS,317300,91.0,317300.0,91.0,,,,,,,Intentional,18,,Yes,,,https://youtu.be/uHO-okVnIeU?t=126
2019,Top 16,164,788,1,Marq,No,Tap,237500,86.0,,,,,,,,,Natural,18,,Yes,,,https://youtu.be/uHO-okVnIeU?t=126
2019,Top 16,164,789,2,Josh Tolles,Yes,DAS,488080,183.0,488080.0,183.0,358000.0,130.0,,,,,Intentional,18,,Yes,130080.0,,https://youtu.be/uHO-okVnIeU?t=396
2019,Top 16,164,790,2,Marq,No,Tap,388840,170.0,,,306340.0,132.0,,,,,Natural,18,,Yes,82500.0,,https://youtu.be/uHO-okVnIeU?t=396
2019,Top 16,165,791,1,Koryan,Yes,Tap,603120,146.0,603120.0,146.0,581840.0,130.0,,,,,Intentional,18,,Yes,21280.0,,https://youtu.be/uHO-okVnIeU?t=126
2019,Top 16,165,792,1,Jani Herlevi,No,DAS,472980,138.0,,,468980.0,133.0,,,,,Natural,18,,Yes,4000.0,,https://youtu.be/uHO-okVnIeU?t=126
2019,Top 16,165,793,2,Koryan,Yes,Tap,613820,190.0,613820.0,190.0,509120.0,131.0,,,,,Intentional,18,,Yes,104700.0,,https://youtu.be/uHO-okVnIeU?t=547
2019,Top 16,165,794,2,Jani Herlevi,No,DAS,609980,136.0,,,601580.0,130.0,,,,,Natural,18,,Yes,8400.0,,https://youtu.be/uHO-okVnIeU?t=547
2019,Top 16,166,795,1,Terry Purcell,Yes,DAS,566902,176.0,566902.0,176.0,429242.0,132.0,,,,,Intentional,18,,Yes,137660.0,,https://youtu.be/DcREWsRzeCU?t=142
2019,Top 16,166,796,1,brodindamp,No,DAS,501920,163.0,,,429840.0,133.0,,,,,Natural,18,,Yes,72080.0,,https://youtu.be/DcREWsRzeCU?t=142
2019,Top 16,166,797,2,Terry Purcell,Yes,DAS,770890,226.0,770890.0,226.0,450090.0,130.0,,,,,Intentional,18,,Yes,320800.0,,https://youtu.be/DcREWsRzeCU?t=609
2019,Top 16,166,798,2,brodindamp,No,DAS,651601,215.0,,,481501.0,130.0,,,,,Natural,18,,Yes,170100.0,,https://youtu.be/DcREWsRzeCU?t=609
2019,Top 16,167,799,1,MegaRetroMan,No,DAS,728117,188.0,,,543325.0,130.0,,,,,Natural,18,,Yes,184792.0,,https://youtu.be/s8ZGKtYEJfs?t=457
2019,Top 16,167,800,1,Batfoy,Yes,DAS,737740,198.0,737740.0,198.0,465560.0,131.0,,,,,Intentional,18,,Yes,272180.0,,https://youtu.be/s8ZGKtYEJfs?t=457
2019,Top 16,167,801,2,MegaRetroMan,No,DAS,261977,75.0,,,,,,,,,Natural,18,,Yes,,,https://youtu.be/s8ZGKtYEJfs?t=972
2019,Top 16,167,802,2,Batfoy,Yes,DAS,263372,89.0,263372.0,89.0,,,,,,,Intentional,18,,Yes,,,https://youtu.be/s8ZGKtYEJfs?t=972
2019,Top 16,168,803,1,Matt Martin,Yes,DAS,42180,19.0,42180.0,19.0,,,,,,,Intentional,18,,Yes,,,https://youtu.be/U-mhtE7AMAw?t=1038
2019,Top 16,168,804,1,Buco,No,DAS,26600,8.0,,,,,,,,,Natural,18,,Yes,,,https://youtu.be/U-mhtE7AMAw?t=1038
2019,Top 16,168,805,2,Matt Martin,No,DAS,71820,36.0,,,,,,,,,Natural,18,,Yes,,,https://youtu.be/U-mhtE7AMAw?t=1123
2019,Top 16,168,806,2,Buco,Yes,DAS,157371,45.0,157371.0,45.0,,,,,,,Intentional,18,,Yes,,,https://youtu.be/U-mhtE7AMAw?t=1123
2019,Top 16,168,807,3,Matt Martin,Yes,DAS,446520,147.0,446520.0,147.0,406260.0,130.0,,,,,Intentional,18,,Yes,40260.0,,https://youtu.be/U-mhtE7AMAw?t=1287
2019,Top 16,168,808,3,Buco,No,DAS,433952,135.0,,,429552.0,130.0,,,,,Natural,18,,Yes,4400.0,,https://youtu.be/U-mhtE7AMAw?t=1287
2019,Top 8,169,809,1,JdMfX_,No,Tap,873880,237.0,,,468600.0,133.0,866680.0,232.0,,,Natural,18,,Yes,398080.0,7200.0,https://youtu.be/5sxMqLjTv6k?t=38
2019,Top 8,169,810,1,Greentea,Yes,DAS,910040,231.0,910040.0,231.0,468840.0,130.0,910040.0,231.0,,,Natural,18,,Yes,441200.0,0.0,https://youtu.be/5sxMqLjTv6k?t=38
2019,Top 8,169,811,2,JdMfX_,Yes,Tap,1023100,218.0,1023100.0,218.0,639980.0,133.0,,,,,Intentional,18,,Yes,383120.0,,https://youtu.be/5sxMqLjTv6k?t=620
2019,Top 8,169,812,2,Greentea,No,DAS,776080,212.0,,,500520.0,130.0,,,,,Natural,18,,Yes,275560.0,,https://youtu.be/5sxMqLjTv6k?t=620
2019,Top 8,169,813,3,JdMfX_,Yes,Tap,1050440,229.0,1050440.0,229.0,514580.0,130.0,,,,,Natural,18,,Yes,535860.0,,https://youtu.be/5sxMqLjTv6k?t=1172
2019,Top 8,169,814,3,Greentea,No,DAS,1004380,225.0,,,598560.0,130.0,,,,,Natural,18,,Yes,405820.0,,https://youtu.be/5sxMqLjTv6k?t=1172
2019,Top 8,169,815,4,JdMfX_,Yes,Tap,370120,109.0,370120.0,109.0,,,,,,,Intentional,18,,Yes,,,https://youtu.be/5sxMqLjTv6k?t=1749
2019,Top 8,169,816,4,Greentea,No,DAS,369740,95.0,,,,,,,,,Natural,18,,Yes,,,https://youtu.be/5sxMqLjTv6k?t=1749
2019,Top 8,170,817,1,DanQZ,Yes,Tap,469420,153.0,469420.0,153.0,383900.0,130.0,,,,,Intentional,18,,Yes,85520.0,,https://youtu.be/-SrzndQdjqs?t=77
2019,Top 8,170,818,1,Josh Tolles,No,DAS,443160,143.0,,,431340.0,130.0,,,,,Natural,18,,Yes,11820.0,,https://youtu.be/-SrzndQdjqs?t=77
2019,Top 8,170,819,2,DanQZ,Yes,Tap,373540,117.0,373540.0,117.0,,,,,,,Intentional,18,,Yes,,,https://youtu.be/-SrzndQdjqs?t=483
2019,Top 8,170,820,2,Josh Tolles,No,DAS,310594,108.0,,,,,,,,,Natural,18,,Yes,,,https://youtu.be/-SrzndQdjqs?t=483
2019,Top 8,170,821,3,DanQZ,No,Tap,150480,60.0,,,,,,,,,Natural,18,,Yes,,,https://youtu.be/-SrzndQdjqs?t=811
2019,Top 8,170,822,3,Josh Tolles,Yes,DAS,240724,74.0,240724.0,74.0,,,,,,,Intentional,18,,Yes,,,https://youtu.be/-SrzndQdjqs?t=811
2019,Top 8,170,823,4,DanQZ,No,Tap,685840,205.0,,,486080.0,130.0,,,,,Natural,18,,Yes,199760.0,,https://youtu.be/-SrzndQdjqs?t=1037
2019,Top 8,170,824,4,Josh Tolles,Yes,DAS,733214,208.0,733214.0,208.0,492074.0,132.0,,,,,Natural,18,,Yes,241140.0,,https://youtu.be/-SrzndQdjqs?t=1037
2019,Top 8,170,825,5,DanQZ,Yes,Tap,603740,169.0,603740.0,169.0,502800.0,132.0,,,,,Intentional,18,,Yes,100940.0,,https://youtu.be/-SrzndQdjqs?t=1560
2019,Top 8,170,826,5,Josh Tolles,No,DAS,478844,167.0,,,373624.0,130.0,,,,,Natural,18,,Yes,105220.0,,https://youtu.be/-SrzndQdjqs?t=1560
2019,Top 8,171,827,1,Koryan,Yes,Tap,67260,34.0,67260.0,34.0,,,,,,,Intentional,18,,Yes,,,https://youtu.be/IA0AyV_UXZY?t=160
2019,Top 8,171,828,1,Terry Purcell,No,DAS,49940,26.0,,,,,,,,,Natural,18,,Yes,,,https://youtu.be/IA0AyV_UXZY?t=160
2019,Top 8,171,829,2,Koryan,Yes,Tap,288800,63.0,288800.0,63.0,,,,,,,Intentional,18,,Yes,,,https://youtu.be/IA0AyV_UXZY?t=290
2019,Top 8,171,830,2,Terry Purcell,No,DAS,261820,57.0,,,,,,,,,Natural,18,,Yes,,,https://youtu.be/IA0AyV_UXZY?t=290
2019,Top 8,171,831,3,Koryan,Yes,Tap,522120,129.0,522120.0,129.0,,,,,,,Intentional,18,,Yes,,,https://youtu.be/IA0AyV_UXZY?t=508
2019,Top 8,171,832,3,Terry Purcell,No,DAS,517964,126.0,,,,,,,,,Natural,18,,Yes,,,https://youtu.be/IA0AyV_UXZY?t=508
2019,Top 8,172,833,1,Batfoy,No,DAS,433620,138.0,,,426420.0,130.0,,,,,Natural,18,,Yes,7200.0,,https://youtu.be/IA0AyV_UXZY?t=160
2019,Top 8,172,834,1,Matt Martin,Yes,DAS,456920,144.0,456920.0,144.0,423620.0,131.0,,,,,Natural,18,,Yes,33300.0,,https://youtu.be/IA0AyV_UXZY?t=160
2019,Top 8,172,835,2,Batfoy,Yes,DAS,713280,201.0,713280.0,201.0,500500.0,130.0,,,,,Intentional,18,,Yes,212780.0,,https://youtu.be/IA0AyV_UXZY?t=568
2019,Top 8,172,836,2,Matt Martin,No,DAS,712520,182.0,,,486820.0,130.0,,,,,Natural,18,,Yes,225700.0,,https://youtu.be/IA0AyV_UXZY?t=568
2019,Top 8,172,837,3,Batfoy,No,DAS,821520,233.0,,,370800.0,130.0,821520.0,233.0,,,Natural,18,,Yes,450720.0,0.0,https://youtu.be/IA0AyV_UXZY?t=1084
2019,Top 8,172,838,3,Matt Martin,Yes,DAS,835385,230.0,835385.0,230.0,529025.0,133.0,835385.0,230.0,,,Natural,18,,Yes,306360.0,0.0,https://youtu.be/IA0AyV_UXZY?t=1084
2019,Top 8,172,839,4,Batfoy,Yes,DAS,798880,230.0,798880.0,230.0,487580.0,130.0,798880.0,230.0,,,Natural,18,,Yes,311300.0,0.0,https://youtu.be/IA0AyV_UXZY?t=1684
2019,Top 8,172,840,4,Matt Martin,No,DAS,696665,215.0,,,434445.0,131.0,,,,,Natural,18,,Yes,262220.0,,https://youtu.be/IA0AyV_UXZY?t=1684
2019,Top 8,172,841,5,Batfoy,Yes,DAS,366320,89.0,366320.0,89.0,,,,,,,Intentional,18,,Yes,,,https://youtu.be/IA0AyV_UXZY?t=2235
2019,Top 8,172,842,5,Matt Martin,No,DAS,209380,85.0,,,,,,,,,Natural,18,,Yes,,,https://youtu.be/IA0AyV_UXZY?t=2235
2019,Semis,173,843,1,JdMfX_,Yes,Tap,259540,51.0,259540.0,51.0,,,,,,,Intentional,18,,Yes,,,https://youtu.be/diytQOZbSec?t=93
2019,Semis,173,844,1,DanQZ,No,Tap,175560,47.0,,,,,,,,,Natural,18,,Yes,,,https://youtu.be/diytQOZbSec?t=93
2019,Semis,173,845,2,JdMfX_,Yes,Tap,753960,192.0,753960.0,192.0,601220.0,133.0,,,,,Natural,18,,Yes,152740.0,,https://youtu.be/diytQOZbSec?t=287
2019,Semis,173,846,2,DanQZ,No,Tap,638200,192.0,,,449220.0,132.0,,,,,Natural,18,,Yes,188980.0,,https://youtu.be/diytQOZbSec?t=287
2019,Semis,173,847,3,JdMfX_,No,Tap,705160,167.0,,,584120.0,132.0,,,,,Natural,18,,Yes,121040.0,,https://youtu.be/diytQOZbSec?t=821
2019,Semis,173,848,3,DanQZ,Yes,Tap,714080,211.0,714080.0,211.0,467820.0,130.0,,,,,Intentional,18,,Yes,246260.0,,https://youtu.be/diytQOZbSec?t=821
2019,Semis,173,849,4,JdMfX_,Yes,Tap,105260,51.0,105260.0,51.0,,,,,,,Intentional,18,,Yes,,,https://youtu.be/diytQOZbSec?t=1357
2019,Semis,173,850,4,DanQZ,No,Tap,104120,32.0,,,,,,,,,Natural,18,,Yes,,,https://youtu.be/diytQOZbSec?t=1357
2019,Semis,174,851,1,Koryan,Yes,Tap,937360,233.0,937360.0,233.0,489100.0,130.0,934960.0,231.0,,,Natural,18,,Yes,445860.0,2400.0,https://youtu.be/UneIsOIIEwk?t=86
2019,Semis,174,852,1,Batfoy,No,DAS,659080,229.0,,,424149.0,131.0,,,,,Natural,18,,Yes,234931.0,,https://youtu.be/UneIsOIIEwk?t=86
2019,Semis,174,853,2,Koryan,No,Tap,722200,187.0,,,594740.0,130.0,,,,,Natural,18,,Yes,127460.0,,https://youtu.be/UneIsOIIEwk?t=668
2019,Semis,174,854,2,Batfoy,Yes,DAS,735480,205.0,735480.0,205.0,482320.0,131.0,,,,,Intentional,18,,Yes,253160.0,,https://youtu.be/UneIsOIIEwk?t=668
2019,Semis,174,855,3,Koryan,Yes,Tap,871540,236.0,871540.0,236.0,439720.0,130.0,858340.0,230.0,,,Natural,18,,Yes,418620.0,13200.0,https://youtu.be/UneIsOIIEwk?t=1207
2019,Semis,174,856,3,Batfoy,No,DAS,667720,218.0,,,427940.0,130.0,,,,,Natural,18,,Yes,239780.0,,https://youtu.be/UneIsOIIEwk?t=1207
2019,Semis,174,857,4,Koryan,Yes,Tap,652140,165.0,652140.0,165.0,614800.0,130.0,,,,,Intentional,18,,Yes,37340.0,,https://youtu.be/UneIsOIIEwk?t=1812
2019,Semis,174,858,4,Batfoy,No,DAS,565640,158.0,,,518760.0,132.0,,,,,Natural,18,,Yes,46880.0,,https://youtu.be/UneIsOIIEwk?t=1812
2019,Finals,175,859,1,JdMfX_,No,Tap,599380,168.0,,,540800.0,130.0,,,,,Natural,18,,Yes,58580.0,,https://youtu.be/nfo8hmIcoDQ?t=128
2019,Finals,175,860,1,Koryan,Yes,Tap,680520,172.0,680520.0,172.0,554460.0,130.0,,,,,Intentional,18,,Yes,126060.0,,https://youtu.be/nfo8hmIcoDQ?t=128
2019,Finals,175,861,2,JdMfX_,Yes,Tap,595960,157.0,595960.0,157.0,504700.0,132.0,,,,,Intentional,18,,Yes,91260.0,,https://youtu.be/nfo8hmIcoDQ?t=594
2019,Finals,175,862,2,Koryan,No,Tap,585920,139.0,,,557120.0,130.0,,,,,Natural,18,,Yes,28800.0,,https://youtu.be/nfo8hmIcoDQ?t=594
2019,Finals,175,863,3,JdMfX_,Yes,Tap,628020,138.0,628020.0,138.0,617220.0,130.0,,,,,Intentional,18,,Yes,10800.0,,https://youtu.be/nfo8hmIcoDQ?t=1030
2019,Finals,175,864,3,Koryan,No,Tap,558020,132.0,,,556420.0,130.0,,,,,Natural,18,,Yes,1600.0,,https://youtu.be/nfo8hmIcoDQ?t=1030
2019,Finals,175,865,4,JdMfX_,No,Tap,853102,194.0,,,596302.0,131.0,,,,,Natural,18,,Yes,256800.0,,https://youtu.be/nfo8hmIcoDQ?t=1453
2019,Finals,175,866,4,Koryan,Yes,Tap,854054,214.0,854054.0,214.0,517294.0,130.0,,,,,Intentional,18,,Yes,336760.0,,https://youtu.be/nfo8hmIcoDQ?t=1453
2019,Finals,175,867,5,JdMfX_,Yes,Tap,229953,81.0,229953.0,81.0,,,,,,,Intentional,18,,Yes,,,https://youtu.be/nfo8hmIcoDQ?t=2014
2019,Finals,175,868,5,Koryan,No,Tap,212425,64.0,,,,,,,,,Natural,18,,Yes,,,https://youtu.be/nfo8hmIcoDQ?t=2014
2020,WQ,176,869,1,JdMfX_,Yes,Tap,280061,56.0,280061.0,56.0,,,,,,,Intentional,18,,No,,,https://youtu.be/0tJQVf9GyHI?t=27
2020,WQ,176,870,1,Moodeuce,No,DAS,175180,47.0,,,,,,,,,Natural,18,,No,,,https://youtu.be/0tJQVf9GyHI?t=27
2020,WQ,176,871,2,JdMfX_,Yes,Tap,314261,74.0,314261.0,74.0,,,,,,,Intentional,18,,No,,,https://youtu.be/0tJQVf9GyHI?t=246
2020,WQ,176,872,2,Moodeuce,No,DAS,175560,67.0,,,,,,,,,Natural,18,,No,,,https://youtu.be/0tJQVf9GyHI?t=246
2020,WQ,176,873,3,JdMfX_,Yes,Tap,589820,161.0,589820.0,161.0,448720.0,130.0,,,,,Intentional,18,,No,141100.0,,https://youtu.be/0tJQVf9GyHI?t=542
2020,WQ,176,874,3,Moodeuce,No,DAS,416580,145.0,,,382320.0,130.0,,,,,Natural,18,,No,34260.0,,https://youtu.be/0tJQVf9GyHI?t=542
2020,WQ,177,875,1,Jeff Moore,Yes,DAS,610320,138.0,610320.0,138.0,603120.0,130.0,,,,,Natural,18,,No,7200.0,,https://youtu.be/0tJQVf9GyHI?t=27
2020,WQ,177,876,1,Pokenerd,No,Tap,524740,145.0,,,492540.0,133.0,,,,,Natural,18,,No,32200.0,,https://youtu.be/0tJQVf9GyHI?t=27
2020,WQ,177,877,2,Jeff Moore,Yes,DAS,780780,183.0,780780.0,183.0,541560.0,131.0,,,,,Intentional,18,,No,239220.0,,https://youtu.be/0tJQVf9GyHI?t=483
2020,WQ,177,878,2,Pokenerd,No,Tap,644090,164.0,,,548030.0,133.0,,,,,Natural,18,,No,96060.0,,https://youtu.be/0tJQVf9GyHI?t=483
2020,WQ,177,879,3,Jeff Moore,No,DAS,730791,195.0,,,525611.0,131.0,,,,,Natural,18,,No,205180.0,,https://youtu.be/0tJQVf9GyHI?t=1010
2020,WQ,177,880,3,Pokenerd,Yes,Tap,916602,232.0,861542.0,211.0,508202.0,130.0,914202.0,230.0,,,Natural,18,,No,406000.0,2400.0,https://youtu.be/0tJQVf9GyHI?t=1010
2020,WQ,177,881,4,Jeff Moore,Yes,DAS,601823,150.0,574063.0,143.0,520323.0,130.0,,,,,Intentional,18,,No,81500.0,,https://youtu.be/0tJQVf9GyHI?t=1601
2020,WQ,177,882,4,Pokenerd,No,Tap,427120,124.0,,,,,,,,,Natural,18,,No,,,https://youtu.be/0tJQVf9GyHI?t=1601
2020,WS,178,883,1,JdMfX_,Yes,Tap,702620,150.0,702620.0,150.0,598180.0,130.0,,,,,Intentional,18,,No,104440.0,,https://youtu.be/0tJQVf9GyHI?t=1988
2020,WS,178,884,1,Jeff Moore,No,DAS,458791,147.0,,,423251.0,130.0,,,,,Natural,18,,No,35540.0,,https://youtu.be/0tJQVf9GyHI?t=1988
2020,WS,178,885,2,JdMfX_,Yes,Tap,719420,169.0,719420.0,169.0,527500.0,131.0,,,,,Intentional,18,,No,191920.0,,https://youtu.be/0tJQVf9GyHI?t=2398
2020,WS,178,886,2,Jeff Moore,No,DAS,547610,162.0,,,493290.0,130.0,,,,,Natural,18,,No,54320.0,,https://youtu.be/0tJQVf9GyHI?t=2398
2020,WS,178,887,3,JdMfX_,Yes,Tap,622120,133.0,622120.0,133.0,622120.0,133.0,,,,,Intentional,18,,No,0.0,,https://youtu.be/0tJQVf9GyHI?t=2853
2020,WS,178,888,3,Jeff Moore,No,DAS,389792,143.0,,,378832.0,131.0,,,,,Natural,18,,No,10960.0,,https://youtu.be/0tJQVf9GyHI?t=2853
2020,LQ,179,889,1,Moodeuce,No,DAS,469480,162.0,,,414640.0,132.0,,,,,Natural,18,,No,54840.0,,https://youtu.be/0tJQVf9GyHI?t=1988
2020,LQ,179,890,1,Pokenerd,Yes,Tap,581135,172.0,581135.0,172.0,451875.0,131.0,,,,,Intentional,18,,No,129260.0,,https://youtu.be/0tJQVf9GyHI?t=1988
2020,LQ,179,891,2,Moodeuce,No,DAS,263340,84.0,,,,,,,,,Natural,18,,No,,,https://youtu.be/0tJQVf9GyHI?t=2450
2020,LQ,179,892,2,Pokenerd,Yes,Tap,343140,96.0,343140.0,96.0,,,,,,,Intentional,18,,No,,,https://youtu.be/0tJQVf9GyHI?t=2450
2020,LQ,179,893,3,Moodeuce,Yes,DAS,464740,128.0,464740.0,128.0,,,,,,,Intentional,18,,No,,,https://youtu.be/0tJQVf9GyHI?t=2755
2020,LQ,179,894,3,Pokenerd,No,Tap,430160,119.0,,,,,,,,,Natural,18,,No,,,https://youtu.be/0tJQVf9GyHI?t=2755
2020,LQ,179,895,4,Moodeuce,Yes,DAS,366320,104.0,366320.0,104.0,,,,,,,Intentional,18,,No,,,https://youtu.be/0tJQVf9GyHI?t=3275
2020,LQ,179,896,4,Pokenerd,No,Tap,202559,106.0,,,,,,,,,Natural,18,,No,,,https://youtu.be/0tJQVf9GyHI?t=3275
2020,LQ,179,897,5,Moodeuce,No,DAS,423360,144.0,,,412740.0,132.0,,,,,Natural,18,,No,10620.0,,https://youtu.be/0tJQVf9GyHI?t=3588
2020,LQ,179,898,5,Pokenerd,Yes,Tap,471228,168.0,471228.0,168.0,391528.0,132.0,,,,,Intentional,18,,No,79700.0,,https://youtu.be/0tJQVf9GyHI?t=3588
2020,WQ,180,899,1,berenyi_kft,No,Tap,687860,218.0,,,465980.0,131.0,,,,,Natural,18,,No,221880.0,,https://youtu.be/9uMB-bc1eCw?t=27
2020,WQ,180,900,1,Alex_H,Yes,DAS,783240,209.0,783240.0,209.0,519140.0,132.0,,,,,Intentional,18,,No,264100.0,,https://youtu.be/9uMB-bc1eCw?t=27
2020,WQ,180,901,2,berenyi_kft,Yes,Tap,539740,152.0,539740.0,152.0,434780.0,131.0,,,,,Intentional,18,,No,104960.0,,https://youtu.be/9uMB-bc1eCw?t=636
2020,WQ,180,902,2,Alex_H,No,DAS,423620,138.0,,,396020.0,130.0,,,,,Natural,18,,No,27600.0,,https://youtu.be/9uMB-bc1eCw?t=636
2020,WQ,180,903,3,berenyi_kft,Yes,Tap,548960,147.0,548960.0,147.0,467820.0,130.0,,,,,Intentional,18,,No,81140.0,,https://youtu.be/9uMB-bc1eCw?t=1045
2020,WQ,180,904,3,Alex_H,No,DAS,461800,143.0,,,410080.0,132.0,,,,,Natural,18,,No,51720.0,,https://youtu.be/9uMB-bc1eCw?t=1045
2020,WQ,180,905,4,berenyi_kft,Yes,Tap,521580,140.0,521580.0,140.0,493540.0,131.0,,,,,Intentional,18,,No,28040.0,,https://youtu.be/9uMB-bc1eCw?t=1503
2020,WQ,180,906,4,Alex_H,No,DAS,416920,135.0,,,410120.0,131.0,,,,,Natural,18,,No,6800.0,,https://youtu.be/9uMB-bc1eCw?t=1503
2020,WQ,181,907,1,jerpi,Yes,Tap,1065400,235.0,1065400.0,235.0,563600.0,133.0,1063000.0,233.0,,,Natural,18,,No,499400.0,2400.0,https://youtu.be/9uMB-bc1eCw?t=27
2020,WQ,181,908,1,Benjy,No,Tap,922960,229.0,,,484600.0,130.0,,,,,Natural,18,,No,438360.0,,https://youtu.be/9uMB-bc1eCw?t=27
2020,WQ,181,909,2,jerpi,Yes,Tap,510800,140.0,510800.0,140.0,481560.0,130.0,,,,,Intentional,18,,No,29240.0,,https://youtu.be/9uMB-bc1eCw?t=636
2020,WQ,181,910,2,Benjy,No,Tap,465500,127.0,,,,,,,,,Natural,18,,No,,,https://youtu.be/9uMB-bc1eCw?t=636
2020,WQ,181,911,3,jerpi,Yes,Tap,758420,177.0,722420.0,166.0,598220.0,130.0,,,,,Intentional,18,,No,160200.0,,https://youtu.be/9uMB-bc1eCw?t=1091
2020,WQ,181,912,3,Benjy,No,Tap,530460,151.0,,,469780.0,131.0,,,,,Natural,18,,No,60680.0,,https://youtu.be/9uMB-bc1eCw?t=1091
2020,WS,182,913,1,berenyi_kft,Yes,Tap,304000,83.0,304000.0,83.0,,,,,,,Intentional,18,,No,,,https://youtu.be/9uMB-bc1eCw?t=1888
2020,WS,182,914,1,jerpi,No,Tap,262580,59.0,,,,,,,,,Natural,18,,No,,,https://youtu.be/9uMB-bc1eCw?t=1888
2020,WS,182,915,2,berenyi_kft,No,Tap,479260,154.0,,,350420.0,132.0,,,,,Natural,18,,No,128840.0,,https://youtu.be/9uMB-bc1eCw?t=2187
2020,WS,182,916,2,jerpi,Yes,Tap,629640,167.0,629640.0,167.0,523680.0,130.0,,,,,Intentional,18,,No,105960.0,,https://youtu.be/9uMB-bc1eCw?t=2187
2020,WS,182,917,3,berenyi_kft,Yes,Tap,666609,188.0,666609.0,188.0,519560.0,131.0,,,,,Intentional,18,,No,147049.0,,https://youtu.be/9uMB-bc1eCw?t=2629
2020,WS,182,918,3,jerpi,No,Tap,664160,152.0,,,598560.0,130.0,,,,,Natural,18,,No,65600.0,,https://youtu.be/9uMB-bc1eCw?t=2629
2020,WS,182,919,4,berenyi_kft,No,Tap,643120,165.0,,,521460.0,130.0,,,,,Natural,18,,No,121660.0,,https://youtu.be/9uMB-bc1eCw?t=3132
2020,WS,182,920,4,jerpi,Yes,Tap,751380,182.0,751380.0,182.0,540800.0,130.0,,,,,Intentional,18,,No,210580.0,,https://youtu.be/9uMB-bc1eCw?t=3132
2020,WS,182,921,5,berenyi_kft,Yes,Tap,379240,112.0,379240.0,112.0,,,,,,,Intentional,18,,No,,,https://youtu.be/9uMB-bc1eCw?t=3614
2020,WS,182,922,5,jerpi,No,Tap,306660,97.0,,,,,,,,,Natural,18,,No,,,https://youtu.be/9uMB-bc1eCw?t=3614
2020,LQ,183,923,1,Alex_H,No,DAS,154720,44.0,,,,,,,,,Natural,18,,No,,,https://youtu.be/9uMB-bc1eCw?t=1888
2020,LQ,183,924,1,Benjy,Yes,Tap,199120,53.0,199120.0,53.0,,,,,,,Intentional,18,,No,,,https://youtu.be/9uMB-bc1eCw?t=1888
2020,LQ,183,925,2,Alex_H,No,DAS,53217,17.0,,,,,,,,,Natural,18,,No,,,https://youtu.be/9uMB-bc1eCw?t=2092
2020,LQ,183,926,2,Benjy,Yes,Tap,82840,26.0,82840.0,26.0,,,,,,,Intentional,18,,No,,,https://youtu.be/9uMB-bc1eCw?t=2092
2020,LQ,183,927,3,Alex_H,No,DAS,52820,16.0,,,,,,,,,Natural,18,,No,,,https://youtu.be/9uMB-bc1eCw?t=2203
2020,LQ,183,928,3,Benjy,Yes,Tap,118180,25.0,118180.0,25.0,,,,,,,Intentional,18,,No,,,https://youtu.be/9uMB-bc1eCw?t=2203
2020,LQ,184,929,1,jerpi,Yes,Tap,871720,200.0,871720.0,200.0,573460.0,130.0,,,,,Intentional,18,,No,298260.0,,https://youtu.be/up7UJGV-IcU?t=31
2020,LQ,184,930,1,Pokenerd,No,Tap,710880,194.0,,,541940.0,131.0,,,,,Natural,18,,No,168940.0,,https://youtu.be/up7UJGV-IcU?t=31
2020,LQ,184,931,2,jerpi,Yes,Tap,489020,202.0,489020.0,202.0,369460.0,131.0,,,,,Intentional,18,,No,119560.0,,https://youtu.be/up7UJGV-IcU?t=555
2020,LQ,184,932,2,Pokenerd,No,Tap,487570,133.0,,,484770.0,130.0,,,,,Natural,18,,No,2800.0,,https://youtu.be/up7UJGV-IcU?t=555
2020,LQ,184,933,3,jerpi,No,Tap,302100,78.0,,,,,,,,,Natural,18,,No,,,https://youtu.be/up7UJGV-IcU?t=1097
2020,LQ,184,934,3,Pokenerd,Yes,Tap,321780,102.0,321780.0,102.0,,,,,,,Intentional,18,,No,,,https://youtu.be/up7UJGV-IcU?t=1097
2020,LQ,184,935,4,jerpi,Yes,Tap,520271,130.0,587011.0,171.0,520271.0,130.0,,,,,Intentional,18,,No,0.0,,https://youtu.be/up7UJGV-IcU?t=1402
2020,LQ,184,936,4,Pokenerd,No,Tap,413517,130.0,,,413517.0,130.0,,,,,Natural,18,,No,0.0,,https://youtu.be/up7UJGV-IcU?t=1402
2020,LQ,185,937,1,Jeff Moore,No,DAS,514243,145.0,,,477723.0,132.0,,,,,Natural,18,,No,36520.0,,https://youtu.be/up7UJGV-IcU?t=31
2020,LQ,185,938,1,Benjy,Yes,Tap,607660,154.0,607660.0,154.0,541940.0,132.0,,,,,Intentional,18,,No,65720.0,,https://youtu.be/up7UJGV-IcU?t=31
2020,LQ,185,939,2,Jeff Moore,No,DAS,609515,190.0,,,480895.0,133.0,,,,,Natural,18,,No,128620.0,,https://youtu.be/up7UJGV-IcU?t=488
2020,LQ,185,940,2,Benjy,Yes,Tap,709200,187.0,709200.0,187.0,515320.0,130.0,,,,,Intentional,18,,No,193880.0,,https://youtu.be/up7UJGV-IcU?t=488
2020,LQ,185,941,3,Jeff Moore,No,DAS,914324,234.0,,,502404.0,130.0,911324.0,232.0,,,Natural,18,,No,408920.0,3000.0,https://youtu.be/up7UJGV-IcU?t=1011
2020,LQ,185,942,3,Benjy,Yes,Tap,1019740,237.0,1019740.0,237.0,546500.0,132.0,1014940.0,233.0,,,Natural,18,,No,468440.0,4800.0,https://youtu.be/up7UJGV-IcU?t=1011
2020,WF,186,943,1,JdMfX_,Yes,Tap,701880,164.0,701880.0,164.0,561320.0,131.0,,,,,Intentional,18,,No,140560.0,,https://youtu.be/eHycycW4Enw?t=36
2020,WF,186,944,1,berenyi_kft,No,Tap,625540,168.0,,,431740.0,130.0,,,,,Natural,18,,No,193800.0,,https://youtu.be/eHycycW4Enw?t=36
2020,WF,186,945,2,JdMfX_,No,Tap,614582,155.0,,,566260.0,130.0,,,,,Natural,18,,No,48322.0,,https://youtu.be/eHycycW4Enw?t=540
2020,WF,186,946,2,berenyi_kft,Yes,Tap,713800,169.0,713800.0,169.0,561700.0,132.0,,,,,Intentional,18,,No,152100.0,,https://youtu.be/eHycycW4Enw?t=540
2020,WF,186,947,3,JdMfX_,Yes,Tap,940440,214.0,940440.0,214.0,557140.0,130.0,,,,,Intentional,18,,No,383300.0,,https://youtu.be/eHycycW4Enw?t=1057
2020,WF,186,948,3,berenyi_kft,No,Tap,705380,211.0,,,437800.0,130.0,,,,,Natural,18,,No,267580.0,,https://youtu.be/eHycycW4Enw?t=1057
2020,WF,186,949,4,JdMfX_,No,Tap,896680,234.0,,,557900.0,130.0,887680.0,231.0,,,Natural,18,,No,329780.0,9000.0,https://youtu.be/eHycycW4Enw?t=1636
2020,WF,186,950,4,berenyi_kft,Yes,Tap,1019640,231.0,1019640.0,231.0,525220.0,131.0,1019640.0,231.0,,,Natural,18,,No,494420.0,0.0,https://youtu.be/eHycycW4Enw?t=1636
2020,WF,186,951,5,JdMfX_,Yes,Tap,533200,157.0,533200.0,157.0,400940.0,130.0,,,,,Intentional,18,,No,132260.0,,https://youtu.be/eHycycW4Enw?t=2312
2020,WF,186,952,5,berenyi_kft,No,Tap,446980,146.0,,,410440.0,130.0,,,,,Natural,18,,No,36540.0,,https://youtu.be/eHycycW4Enw?t=2312
2020,LS,187,953,1,jerpi,Yes,Tap,448780,92.0,448780.0,92.0,,,,,,,Intentional,18,,No,,,https://youtu.be/eHycycW4Enw?t=36
2020,LS,187,954,1,Benjy,No,Tap,285000,86.0,,,,,,,,,Natural,18,,No,,,https://youtu.be/eHycycW4Enw?t=36
2020,LS,187,955,2,jerpi,No,Tap,219260,72.0,,,,,,,,,Natural,18,,No,,,https://youtu.be/eHycycW4Enw?t=336
2020,LS,187,956,2,Benjy,Yes,Tap,289940,69.0,289940.0,69.0,,,,,,,Intentional,18,,No,,,https://youtu.be/eHycycW4Enw?t=336
2020,LS,187,957,3,jerpi,Yes,Tap,743866,181.0,743866.0,181.0,522946.0,131.0,,,,,Intentional,18,,No,220920.0,,https://youtu.be/eHycycW4Enw?t=579
2020,LS,187,958,3,Benjy,No,Tap,602160,170.0,,,449840.0,130.0,,,,,Natural,18,,No,152320.0,,https://youtu.be/eHycycW4Enw?t=579
2020,LS,187,959,4,jerpi,No,Tap,537860,133.0,,,535460.0,130.0,,,,,Natural,18,,No,2400.0,,https://youtu.be/eHycycW4Enw?t=1057
2020,LS,187,960,4,Benjy,Yes,Tap,575500,144.0,575500.0,144.0,520660.0,130.0,,,,,Intentional,18,,No,54840.0,,https://youtu.be/eHycycW4Enw?t=1057
2020,LS,187,961,5,jerpi,Yes,Tap,678351,174.0,678351.0,174.0,543471.0,133.0,,,,,Intentional,18,,No,134880.0,,https://youtu.be/eHycycW4Enw?t=1487
2020,LS,187,962,5,Benjy,No,Tap,525200,160.0,,,468600.0,131.0,,,,,Natural,18,,No,56600.0,,https://youtu.be/eHycycW4Enw?t=1487
2020,LF,188,963,1,berenyi_kft,Yes,Tap,1133720,233.0,1133720.0,233.0,624020.0,133.0,1133720.0,233.0,,,Natural,18,,No,509700.0,0.0,https://youtu.be/msnwTA3-8MI?t=32
2020,LF,188,964,1,jerpi,No,Tap,1086560,230.0,,,543840.0,133.0,1086560.0,230.0,,,Natural,18,,No,542720.0,0.0,https://youtu.be/msnwTA3-8MI?t=32
2020,LF,188,965,2,berenyi_kft,Yes,Tap,990940,231.0,837160.0,207.0,525980.0,131.0,990940.0,231.0,,,Natural,18,,No,464960.0,0.0,https://youtu.be/msnwTA3-8MI?t=654
2020,LF,188,966,2,jerpi,No,Tap,836100,187.0,,,564740.0,131.0,,,,,Natural,18,,No,271360.0,,https://youtu.be/msnwTA3-8MI?t=654
2020,LF,188,967,3,berenyi_kft,Yes,Tap,822280,220.0,820000.0,218.0,544220.0,130.0,,,,,Natural,18,,No,278060.0,,https://youtu.be/msnwTA3-8MI?t=1245
2020,LF,188,968,3,jerpi,No,Tap,809880,203.0,,,510380.0,130.0,,,,,Natural,18,,No,299500.0,,https://youtu.be/msnwTA3-8MI?t=1245
2020,GF,189,969,1,JdMfX_,Yes,Tap,739960,161.0,739960.0,161.0,581080.0,132.0,,,,,Intentional,18,,No,158880.0,,https://youtu.be/HDOgvHH_IR4?t=20
2020,GF,189,970,1,berenyi_kft,No,Tap,614240,155.0,,,550680.0,133.0,,,,,Natural,18,,No,63560.0,,https://youtu.be/HDOgvHH_IR4?t=20
2020,GF,189,971,2,JdMfX_,Yes,Tap,1126080,232.0,1126080.0,232.0,657460.0,130.0,1123680.0,230.0,,,Natural,18,,No,466220.0,2400.0,https://youtu.be/HDOgvHH_IR4?t=534
2020,GF,189,972,2,berenyi_kft,No,Tap,1076300,226.0,,,601980.0,130.0,,,,,Natural,18,,No,474320.0,,https://youtu.be/HDOgvHH_IR4?t=534
2020,GF,189,973,3,JdMfX_,No,Tap,808200,195.0,,,526360.0,130.0,,,,,Natural,18,,No,281840.0,,https://youtu.be/HDOgvHH_IR4?t=1193
2020,GF,189,974,3,berenyi_kft,Yes,Tap,1128720,233.0,945380.0,205.0,542740.0,130.0,1128720.0,233.0,,,Natural,18,,No,585980.0,0.0,https://youtu.be/HDOgvHH_IR4?t=1193
2020,GF,189,975,4,JdMfX_,Yes,Tap,389880,71.0,389880.0,71.0,,,,,,,Intentional,18,,No,,,https://youtu.be/HDOgvHH_IR4?t=1834
2020,GF,189,976,4,berenyi_kft,No,Tap,286520,64.0,,,,,,,,,Natural,18,,No,,,https://youtu.be/HDOgvHH_IR4?t=1834
2020,WQ,190,977,1,e_flat7,Yes,Tap,1103780,239.0,1103780.0,239.0,481880.0,130.0,1065380.0,233.0,,,Intentional,18,,No,583500.0,38400.0,https://youtu.be/_qnVSjYNrNM?t=31
2020,WQ,190,978,1,Tugi,No,DAS,781134,214.0,,,420334.0,130.0,,,,,Natural,18,,No,360800.0,,https://youtu.be/_qnVSjYNrNM?t=31
2020,WQ,190,979,2,e_flat7,No,Tap,523480,148.0,,,486460.0,131.0,,,,,Natural,18,,No,37020.0,,https://youtu.be/_qnVSjYNrNM?t=597
2020,WQ,190,980,2,Tugi,Yes,DAS,525124,160.0,525124.0,160.0,447324.0,130.0,,,,,Natural,18,,No,77800.0,,https://youtu.be/_qnVSjYNrNM?t=597
2020,WQ,190,981,3,e_flat7,Yes,Tap,940200,240.0,940200.0,240.0,540020.0,130.0,923360.0,231.0,,,Natural,18,,No,383340.0,16840.0,https://youtu.be/_qnVSjYNrNM?t=1052
2020,WQ,190,982,3,Tugi,No,DAS,656362,216.0,,,385422.0,130.0,,,,,Natural,18,,No,270940.0,,https://youtu.be/_qnVSjYNrNM?t=1052
2020,WQ,190,983,4,e_flat7,Yes,Tap,607080,151.0,607080.0,151.0,519880.0,130.0,,,,,Intentional,18,,No,87200.0,,https://youtu.be/_qnVSjYNrNM?t=1638
2020,WQ,190,984,4,Tugi,No,DAS,548200,137.0,,,521800.0,130.0,,,,,Natural,18,,No,26400.0,,https://youtu.be/_qnVSjYNrNM?t=1638
2020,WQ,191,985,1,Paul Yeo,Yes,Tap,187720,53.0,187720.0,53.0,,,,,,,Intentional,18,,No,,,https://youtu.be/_qnVSjYNrNM?t=31
2020,WQ,191,986,1,Sidnev,No,Tap,149721,40.0,,,,,,,,,Natural,18,,No,,,https://youtu.be/_qnVSjYNrNM?t=31
2020,WQ,191,987,2,Paul Yeo,Yes,Tap,975860,229.0,822320.0,204.0,501260.0,130.0,,,,,Natural,18,,No,474600.0,,https://youtu.be/_qnVSjYNrNM?t=218
2020,WQ,191,988,2,Sidnev,No,Tap,666561,189.0,,,508881.0,133.0,,,,,Natural,18,,No,157680.0,,https://youtu.be/_qnVSjYNrNM?t=218
2020,WQ,191,989,3,Paul Yeo,No,Tap,519460,186.0,,,407280.0,131.0,,,,,Natural,18,,No,112180.0,,https://youtu.be/_qnVSjYNrNM?t=833
2020,WQ,191,990,3,Sidnev,Yes,Tap,668161,190.0,668161.0,190.0,423001.0,133.0,,,,,Intentional,18,,No,245160.0,,https://youtu.be/_qnVSjYNrNM?t=833
2020,WQ,191,991,4,Paul Yeo,No,Tap,528020,200.0,,,334120.0,131.0,,,,,Natural,18,,No,193900.0,,https://youtu.be/_qnVSjYNrNM?t=1352
2020,WQ,191,992,4,Sidnev,Yes,Tap,618601,143.0,618601.0,143.0,584181.0,133.0,,,,,Natural,18,,No,34420.0,,https://youtu.be/_qnVSjYNrNM?t=1352
2020,WQ,191,993,5,Paul Yeo,Yes,Tap,465120,128.0,465120.0,128.0,,,,,,,Intentional,18,,No,,,https://youtu.be/_qnVSjYNrNM?t=1876
2020,WQ,191,994,5,Sidnev,No,Tap,393301,114.0,,,,,,,,,Natural,18,,No,,,https://youtu.be/_qnVSjYNrNM?t=1876
2020,WS,192,995,1,e_flat7,No,Tap,27740,10.0,,,,,,,,,Natural,18,,No,,,https://youtu.be/_qnVSjYNrNM?t=2258
2020,WS,192,996,1,Paul Yeo,Yes,Tap,99560,22.0,99560.0,22.0,,,,,,,Intentional,18,,No,,,https://youtu.be/_qnVSjYNrNM?t=2258
2020,WS,192,997,2,e_flat7,No,Tap,685860,151.0,,,640740.0,133.0,,,,,Natural,18,,No,45120.0,,https://youtu.be/_qnVSjYNrNM?t=2361
2020,WS,192,998,2,Paul Yeo,Yes,Tap,694060,220.0,694060.0,220.0,510400.0,133.0,,,,,Intentional,18,,No,183660.0,,https://youtu.be/_qnVSjYNrNM?t=2361
2020,WS,192,999,3,e_flat7,Yes,Tap,810580,191.0,810580.0,191.0,585260.0,132.0,,,,,Natural,18,,No,225320.0,,https://youtu.be/_qnVSjYNrNM?t=3109
2020,WS,192,1000,3,Paul Yeo,No,Tap,699400,231.0,,,430220.0,133.0,699400.0,231.0,,,Natural,18,,No,269180.0,0.0,https://youtu.be/_qnVSjYNrNM?t=3109
2020,WS,192,1001,4,e_flat7,No,Tap,50160,33.0,,,,,,,,,Natural,18,,No,,,https://youtu.be/_qnVSjYNrNM?t=3714
2020,WS,192,1002,4,Paul Yeo,Yes,Tap,195700,47.0,195700.0,47.0,,,,,,,Intentional,18,,No,,,https://youtu.be/_qnVSjYNrNM?t=3714
2020,LQ,193,1003,1,Tugi,No,DAS,738105,192.0,,,524845.0,130.0,,,,,Natural,18,,No,213260.0,,https://youtu.be/_qnVSjYNrNM?t=2258
2020,LQ,193,1004,1,Sidnev,Yes,Tap,798001,203.0,798001.0,203.0,509261.0,130.0,,,,,Intentional,18,,No,288740.0,,https://youtu.be/_qnVSjYNrNM?t=2258
2020,LQ,193,1005,2,Tugi,No,DAS,468311,177.0,,,345531.0,130.0,,,,,Natural,18,,No,122780.0,,https://youtu.be/_qnVSjYNrNM?t=2956
2020,LQ,193,1006,2,Sidnev,Yes,Tap,551581,198.0,551581.0,198.0,354641.0,130.0,,,,,Intentional,18,,No,196940.0,,https://youtu.be/_qnVSjYNrNM?t=2956
2020,LQ,193,1007,3,Tugi,Yes,DAS,815511,233.0,769351.0,225.0,434331.0,132.0,806511.0,230.0,,,Natural,18,,No,372180.0,9000.0,https://youtu.be/_qnVSjYNrNM?t=3451
2020,LQ,193,1008,3,Sidnev,No,Tap,769001,176.0,,,560181.0,131.0,,,,,Natural,18,,No,208820.0,,https://youtu.be/_qnVSjYNrNM?t=3451
2020,LQ,193,1009,4,Tugi,Yes,DAS,712280,227.0,712280.0,227.0,448840.0,133.0,,,,,Intentional,18,,No,263440.0,,https://youtu.be/_qnVSjYNrNM?t=4036
2020,LQ,193,1010,4,Sidnev,No,Tap,697401,177.0,,,518421.0,131.0,,,,,Natural,18,,No,178980.0,,https://youtu.be/_qnVSjYNrNM?t=4036
2020,LQ,193,1011,5,Tugi,Yes,DAS,471683,141.0,471683.0,141.0,441603.0,130.0,,,,,Intentional,18,,No,30080.0,,https://youtu.be/_qnVSjYNrNM?t=4629
2020,LQ,193,1012,5,Sidnev,No,Tap,335341,137.0,,,330141.0,131.0,,,,,Natural,18,,No,5200.0,,https://youtu.be/_qnVSjYNrNM?t=4629
2020,WQ,194,1013,1,Nenu,Yes,Tap,1066880,237.0,954720.0,220.0,528260.0,131.0,1061480.0,233.0,,,Natural,18,,No,533220.0,5400.0,https://youtu.be/ps2dPD1NSSI?t=51
2020,WQ,194,1014,1,Josh Tolles,No,DAS,788440,206.0,,,527860.0,130.0,,,,,Natural,18,,No,260580.0,,https://youtu.be/ps2dPD1NSSI?t=51
2020,WQ,194,1015,2,Nenu,Yes,Tap,401540,167.0,401540.0,167.0,318880.0,130.0,,,,,Intentional,18,,No,82660.0,,https://youtu.be/ps2dPD1NSSI?t=653
2020,WQ,194,1016,2,Josh Tolles,No,DAS,397819,112.0,,,,,,,,,Natural,18,,No,,,https://youtu.be/ps2dPD1NSSI?t=653
2020,WQ,194,1017,3,Nenu,Yes,Tap,288800,85.0,288800.0,85.0,,,,,,,Intentional,18,,No,,,https://youtu.be/ps2dPD1NSSI?t=1105
2020,WQ,194,1018,3,Josh Tolles,No,DAS,283183,71.0,,,,,,,,,Natural,18,,No,,,https://youtu.be/ps2dPD1NSSI?t=1105
2020,WQ,195,1019,1,Opaux,No,Tap,624962,177.0,,,487282.0,133.0,,,,,Natural,18,,No,137680.0,,https://youtu.be/ps2dPD1NSSI?t=51
2020,WQ,195,1020,1,Sharky,Yes,DAS,667858,208.0,667858.0,208.0,508227.0,133.0,,,,,Intentional,18,,No,159631.0,,https://youtu.be/ps2dPD1NSSI?t=51
2020,WQ,195,1021,2,Opaux,Yes,Tap,765200,202.0,765200.0,202.0,578780.0,130.0,,,,,Natural,18,,No,186420.0,,https://youtu.be/ps2dPD1NSSI?t=653
2020,WQ,195,1022,2,Sharky,No,DAS,718345,228.0,,,384906.0,130.0,,,,,Natural,18,,No,333439.0,,https://youtu.be/ps2dPD1NSSI?t=653
2020,WQ,195,1023,3,Opaux,No,Tap,729490,214.0,,,426850.0,130.0,,,,,Natural,18,,No,302640.0,,https://youtu.be/ps2dPD1NSSI?t=1285
2020,WQ,195,1024,3,Sharky,Yes,DAS,944943,233.0,944943.0,233.0,497926.0,130.0,942543.0,231.0,,,Natural,18,,No,444617.0,2400.0,https://youtu.be/ps2dPD1NSSI?t=1285
2020,WQ,195,1025,4,Opaux,No,Tap,745079,214.0,,,465959.0,130.0,,,,,Natural,18,,No,279120.0,,https://youtu.be/ps2dPD1NSSI?t=1884
2020,WQ,195,1026,4,Sharky,Yes,DAS,787629,224.0,787629.0,224.0,501184.0,130.0,,,,,Natural,18,,No,286445.0,,https://youtu.be/ps2dPD1NSSI?t=1884
2020,WS,196,1027,1,Nenu,Yes,Tap,1049440,232.0,1013480.0,228.0,598940.0,130.0,1049440.0,232.0,,,Natural,18,,No,450500.0,0.0,https://youtu.be/ps2dPD1NSSI?t=2482
2020,WS,196,1028,1,Sharky,No,DAS,913471,231.0,,,520518.0,131.0,913741.0,231.0,,,Natural,18,,No,393223.0,-270.0,https://youtu.be/ps2dPD1NSSI?t=2482
2020,WS,196,1029,2,Nenu,Yes,Tap,684240,176.0,684240.0,176.0,541800.0,132.0,,,,,Intentional,18,,No,142440.0,,https://youtu.be/ps2dPD1NSSI?t=3072
2020,WS,196,1030,2,Sharky,No,DAS,542735,178.0,,,381770.0,130.0,,,,,Natural,18,,No,160965.0,,https://youtu.be/ps2dPD1NSSI?t=3072
2020,WS,196,1031,3,Nenu,No,Tap,801540,222.0,,,525980.0,131.0,,,,,Natural,18,,No,275560.0,,https://youtu.be/ps2dPD1NSSI?t=3555
2020,WS,196,1032,3,Sharky,Yes,DAS,918596,233.0,918596.0,233.0,520494.0,131.0,914996.0,230.0,,,Natural,18,,No,394502.0,3600.0,https://youtu.be/ps2dPD1NSSI?t=3555
2020,WS,196,1033,4,Nenu,No,Tap,739580,222.0,,,428320.0,133.0,,,,,Natural,18,,No,311260.0,,https://youtu.be/ps2dPD1NSSI?t=4188
2020,WS,196,1034,4,Sharky,Yes,DAS,746441,225.0,746441.0,225.0,482375.0,130.0,,,,,Natural,18,,No,264066.0,,https://youtu.be/ps2dPD1NSSI?t=4188
2020,WS,196,1035,5,Nenu,No,Tap,518820,132.0,,,517220.0,130.0,,,,,Natural,18,,No,1600.0,,https://youtu.be/ps2dPD1NSSI?t=4812
2020,WS,196,1036,5,Sharky,Yes,DAS,643577,155.0,643577.0,155.0,556777.0,130.0,,,,,Intentional,18,,No,86800.0,,https://youtu.be/ps2dPD1NSSI?t=4812
2020,LQ,197,1037,1,Josh Tolles,No,DAS,103231,29.0,,,,,,,,,Natural,18,,No,,,https://youtu.be/ps2dPD1NSSI?t=4002
2020,LQ,197,1038,1,Opaux,Yes,Tap,190000,41.0,190000.0,41.0,,,,,,,Intentional,18,,No,,,https://youtu.be/ps2dPD1NSSI?t=4002
2020,LQ,197,1039,2,Josh Tolles,No,DAS,754351,210.0,,,435531.0,130.0,,,,,Natural,18,,No,318820.0,,https://youtu.be/ps2dPD1NSSI?t=4595
2020,LQ,197,1040,2,Opaux,Yes,Tap,1006751,233.0,932351.0,222.0,582611.0,133.0,1003151.0,230.0,,,Natural,18,,No,420540.0,3600.0,https://youtu.be/ps2dPD1NSSI?t=4595
2020,LQ,197,1041,3,Josh Tolles,No,DAS,637545,204.0,,,437385.0,130.0,,,,,Natural,18,,No,200160.0,,https://youtu.be/ps2dPD1NSSI?t=5250
2020,LQ,197,1042,3,Opaux,Yes,Tap,772827,206.0,772827.0,206.0,514207.0,130.0,,,,,Intentional,18,,No,258620.0,,https://youtu.be/ps2dPD1NSSI?t=5250
2020,LQ,198,1043,1,Nenu,Yes,Tap,247000,62.0,247000.0,62.0,,,,,,,Intentional,18,,No,,,https://youtu.be/1zfondCKGrM?t=34
2020,LQ,198,1044,1,Tugi,No,DAS,177843,50.0,,,,,,,,,Natural,18,,No,,,https://youtu.be/1zfondCKGrM?t=34
2020,LQ,198,1045,2,Nenu,No,Tap,900860,233.0,,,491400.0,130.0,897860.0,231.0,,,Natural,18,,No,406460.0,3000.0,https://youtu.be/1zfondCKGrM?t=243
2020,LQ,198,1046,2,Tugi,Yes,DAS,909780,227.0,909780.0,227.0,538520.0,131.0,,,,,Natural,18,,No,371260.0,,https://youtu.be/1zfondCKGrM?t=243
2020,LQ,198,1047,3,Nenu,Yes,Tap,220400,50.0,220400.0,50.0,,,,,,,Intentional,18,,No,,,https://youtu.be/1zfondCKGrM?t=828
2020,LQ,198,1048,3,Tugi,No,DAS,137943,41.0,,,,,,,,,Natural,18,,No,,,https://youtu.be/1zfondCKGrM?t=828
2020,LQ,198,1049,4,Nenu,Yes,Tap,784060,233.0,784060.0,233.0,487980.0,131.0,779860.0,230.0,,,Natural,18,,No,291880.0,4200.0,https://youtu.be/1zfondCKGrM?t=1002
2020,LQ,198,1050,4,Tugi,No,DAS,712028,215.0,,,408988.0,131.0,,,,,Natural,18,,No,303040.0,,https://youtu.be/1zfondCKGrM?t=1002
2020,LQ,199,1051,1,e_flat7,No,Tap,979940,231.0,,,539280.0,132.0,979940.0,231.0,,,Natural,18,,No,440660.0,0.0,https://youtu.be/1zfondCKGrM?t=34
2020,LQ,199,1052,1,Opaux,Yes,Tap,1025020,235.0,1025020.0,235.0,522180.0,131.0,1022620.0,233.0,,,Natural,18,,No,500440.0,2400.0,https://youtu.be/1zfondCKGrM?t=34
2020,LQ,199,1053,2,e_flat7,No,Tap,1031840,226.0,,,563220.0,132.0,,,,,Natural,18,,No,468620.0,,https://youtu.be/1zfondCKGrM?t=633
2020,LQ,199,1054,2,Opaux,Yes,Tap,1051581,239.0,1051581.0,239.0,480781.0,132.0,1038381.0,233.0,,,Natural,18,,No,557600.0,13200.0,https://youtu.be/1zfondCKGrM?t=633
2020,LQ,199,1055,3,e_flat7,No,Tap,658180,178.0,,,386520.0,130.0,,,,,Natural,18,,No,271660.0,,https://youtu.be/1zfondCKGrM?t=1303
2020,LQ,199,1056,3,Opaux,Yes,Tap,692960,186.0,,,472440.0,130.0,,,,,Intentional,18,,No,220520.0,,https://youtu.be/1zfondCKGrM?t=1303
2020,WF,200,1057,1,Paul Yeo,No,Tap,575220,194.0,,,389180.0,132.0,,,,,Natural,18,,No,186040.0,,https://youtu.be/UXxDS0e0X_4?t=36
2020,WF,200,1058,1,Sharky,Yes,DAS,759025,202.0,759025.0,202.0,462445.0,130.0,,,,,Natural,18,,No,296580.0,,https://youtu.be/UXxDS0e0X_4?t=36
2020,WF,200,1059,2,Paul Yeo,Yes,Tap,461120,141.0,461120.0,141.0,430980.0,130.0,,,,,Intentional,18,,No,30140.0,,https://youtu.be/UXxDS0e0X_4?t=570
2020,WF,200,1060,2,Sharky,No,DAS,433965,131.0,,,433965.0,131.0,,,,,Natural,18,,No,0.0,,https://youtu.be/UXxDS0e0X_4?t=570
2020,WF,200,1061,3,Paul Yeo,No,Tap,457880,187.0,,,327860.0,132.0,,,,,Natural,18,,No,130020.0,,https://youtu.be/UXxDS0e0X_4?t=983
2020,WF,200,1062,3,Sharky,Yes,DAS,748835,209.0,748835.0,209.0,477095.0,132.0,,,,,Natural,18,,No,271740.0,,https://youtu.be/UXxDS0e0X_4?t=983
2020,WF,200,1063,4,Paul Yeo,Yes,Tap,693500,165.0,693500.0,165.0,597420.0,132.0,,,,,Intentional,18,,No,96080.0,,https://youtu.be/UXxDS0e0X_4?t=1559
2020,WF,200,1064,4,Sharky,No,DAS,495752,159.0,,,421514.0,130.0,,,,,Natural,18,,No,74238.0,,https://youtu.be/UXxDS0e0X_4?t=1559
2020,WF,200,1065,5,Paul Yeo,No,Tap,822980,232.0,,,556360.0,130.0,822980.0,232.0,,,Natural,18,,No,266620.0,0.0,https://youtu.be/UXxDS0e0X_4?t=2020
2020,WF,200,1066,5,Sharky,Yes,DAS,891684,231.0,891684.0,231.0,517184.0,131.0,891684.0,231.0,,,Natural,18,,No,374500.0,0.0,https://youtu.be/UXxDS0e0X_4?t=2020
2020,LS,201,1067,1,Nenu,No,Tap,281960,83.0,,,,,,,,,Natural,18,,No,,,https://youtu.be/UXxDS0e0X_4?t=36
2020,LS,201,1068,1,Opaux,Yes,Tap,361042,95.0,361042.0,95.0,,,,,,,Intentional,18,,No,,,https://youtu.be/UXxDS0e0X_4?t=36
2020,LS,201,1069,2,Nenu,Yes,Tap,838180,232.0,838180.0,232.0,447700.0,130.0,838180.0,232.0,,,Natural,18,,No,390480.0,0.0,https://youtu.be/UXxDS0e0X_4?t=313
2020,LS,201,1070,2,Opaux,No,Tap,762524,229.0,,,410944.0,131.0,,,,,Natural,18,,No,351580.0,,https://youtu.be/UXxDS0e0X_4?t=313
2020,LS,201,1071,3,Nenu,Yes,Tap,928660,232.0,892660.0,228.0,447740.0,130.0,928660.0,232.0,,,Natural,18,,No,480920.0,0.0,https://youtu.be/UXxDS0e0X_4?t=914
2020,LS,201,1072,3,Opaux,No,Tap,821916,202.0,,,557556.0,131.0,,,,,Natural,18,,No,264360.0,,https://youtu.be/UXxDS0e0X_4?t=914
2020,LS,201,1073,4,Nenu,Yes,Tap,1044560,233.0,1044560.0,233.0,537040.0,131.0,1044560.0,233.0,,,Natural,18,,No,507520.0,0.0,https://youtu.be/UXxDS0e0X_4?t=1525
2020,LS,201,1074,4,Opaux,No,Tap,1041879,235.0,,,485379.0,130.0,1030479.0,230.0,,,Natural,18,,No,545100.0,11400.0,https://youtu.be/UXxDS0e0X_4?t=1525
2020,LF,202,1075,1,Paul Yeo,No,Tap,801420,212.0,,,529760.0,130.0,,,,,Natural,18,,No,271660.0,,https://youtu.be/PU_H-YCDIHI?t=28
2020,LF,202,1076,1,Nenu,Yes,Tap,863980,233.0,827980.0,229.0,415260.0,132.0,863980.0,233.0,,,Intentional,18,,No,448720.0,0.0,https://youtu.be/PU_H-YCDIHI?t=28
2020,LF,202,1077,2,Paul Yeo,No,Tap,136040,47.0,,,,,,,,,Natural,18,,No,,,https://youtu.be/PU_H-YCDIHI?t=611
2020,LF,202,1078,2,Nenu,Yes,Tap,220780,56.0,220780.0,56.0,,,,,,,Intentional,18,,No,,,https://youtu.be/PU_H-YCDIHI?t=611
2020,LF,202,1079,3,Paul Yeo,No,Tap,753360,222.0,,,464040.0,133.0,,,,,Natural,18,,No,289320.0,,https://youtu.be/PU_H-YCDIHI?t=802
2020,LF,202,1080,3,Nenu,Yes,Tap,985800,233.0,751505.0,183.0,483800.0,131.0,,,,,Natural,18,,No,,,https://youtu.be/PU_H-YCDIHI?t=802
2020,GF,203,1081,1,Sharky,Yes,DAS,751505,183.0,751505.0,183.0,601220.0,132.0,,,,,Natural,18,,No,150285.0,,https://youtu.be/OPTDIR34WkM?t=30
2020,GF,203,1082,1,Nenu,No,Tap,588980,166.0,,,491640.0,131.0,,,,,Natural,18,,No,97340.0,,https://youtu.be/OPTDIR34WkM?t=30
2020,GF,203,1083,2,Sharky,No,DAS,809699,215.0,,,445618.0,130.0,,,,,Natural,18,,No,364081.0,,https://youtu.be/OPTDIR34WkM?t=512
2020,GF,203,1084,2,Nenu,Yes,Tap,1026080,233.0,947740.0,219.0,579160.0,130.0,1026080.0,233.0,,,Natural,18,,No,446920.0,0.0,https://youtu.be/OPTDIR34WkM?t=512
2020,GF,203,1085,3,Sharky,No,DAS,853190,232.0,,,481362.0,131.0,851990.0,231.0,,,Natural,18,,No,370628.0,1200.0,https://youtu.be/OPTDIR34WkM?t=1059
2020,GF,203,1086,3,Nenu,Yes,Tap,972280,227.0,972280.0,227.0,579560.0,130.0,,,,,Natural,18,,No,392720.0,,https://youtu.be/OPTDIR34WkM?t=1059
2020,GF,203,1087,4,Sharky,No,DAS,311613,134.0,,,308013.0,130.0,,,,,Natural,18,,No,3600.0,,https://youtu.be/OPTDIR34WkM?t=1661
2020,GF,203,1088,4,Nenu,Yes,Tap,544540,128.0,544540.0,128.0,,,,,,,Intentional,18,,No,,,https://youtu.be/OPTDIR34WkM?t=1661
2020,GFBR,204,1089,1,Sharky,No,DAS,736230,201.0,,,452880.0,131.0,,,,,Natural,18,,No,283350.0,,https://youtu.be/OPTDIR34WkM?t=2080
2020,GFBR,204,1090,1,Nenu,Yes,Tap,780200,201.0,780200.0,201.0,521209.0,133.0,,,,,Intentional,18,,No,258991.0,,https://youtu.be/OPTDIR34WkM?t=2080
2020,GFBR,204,1091,2,Sharky,No,DAS,441357,150.0,,,423977.0,130.0,,,,,Natural,18,,No,17380.0,,https://youtu.be/OPTDIR34WkM?t=2592
2020,GFBR,204,1092,2,Nenu,Yes,Tap,608680,153.0,608680.0,153.0,523700.0,132.0,,,,,Intentional,18,,No,84980.0,,https://youtu.be/OPTDIR34WkM?t=2592
2020,GFBR,204,1093,3,Sharky,No,DAS,456447,142.0,,,442710.0,130.0,,,,,Natural,18,,No,13737.0,,https://youtu.be/OPTDIR34WkM?t=3060
2020,GFBR,204,1094,3,Nenu,Yes,Tap,467440,139.0,467440.0,139.0,459840.0,130.0,,,,,Intentional,18,,No,7600.0,,https://youtu.be/OPTDIR34WkM?t=3060
2020,WQ,205,1095,1,dogplayingtetris,Yes,Tap,1011620,221.0,1011620.0,221.0,564740.0,132.0,,,,,Intentional,18,,No,446880.0,,https://youtu.be/iIpWIKykEXI?t=32
2020,WQ,205,1096,1,Marq,No,Tap,791580,216.0,,,426420.0,130.0,,,,,Natural,18,,No,365160.0,,https://youtu.be/iIpWIKykEXI?t=32
2020,WQ,205,1097,2,dogplayingtetris,Yes,Tap,637160,156.0,637160.0,156.0,542680.0,130.0,,,,,Intentional,18,,No,94480.0,,https://youtu.be/iIpWIKykEXI?t=612
2020,WQ,205,1098,2,Marq,No,Tap,548860,154.0,,,505460.0,132.0,,,,,Natural,18,,No,43400.0,,https://youtu.be/iIpWIKykEXI?t=612
2020,WQ,205,1099,3,dogplayingtetris,Yes,Tap,1111660,236.0,979940.0,205.0,658840.0,132.0,1104460.0,230.0,,,Natural,18,,No,445620.0,7200.0,https://youtu.be/iIpWIKykEXI?t=1051
2020,WQ,205,1100,3,Marq,No,Tap,812440,197.0,,,576180.0,131.0,,,,,Natural,18,,No,236260.0,,https://youtu.be/iIpWIKykEXI?t=1051
2020,WQ,206,1101,1,Pepe,Yes,DAS,394240,136.0,394240.0,136.0,368640.0,130.0,,,,,Intentional,18,,No,25600.0,,https://youtu.be/iIpWIKykEXI?t=32
2020,WQ,206,1102,1,Nolan,No,Tap,377340,103.0,,,,,,,,,Natural,18,,No,,,https://youtu.be/iIpWIKykEXI?t=32
2020,WQ,206,1103,2,Pepe,Yes,DAS,452420,134.0,452420.0,134.0,449220.0,130.0,,,,,Natural,18,,No,3200.0,,https://youtu.be/iIpWIKykEXI?t=432
2020,WQ,206,1104,2,Nolan,No,Tap,409244,156.0,,,361224.0,130.0,,,,,Natural,18,,No,48020.0,,https://youtu.be/iIpWIKykEXI?t=432
2020,WQ,206,1105,3,Pepe,Yes,DAS,682800,186.0,682800.0,186.0,537380.0,131.0,,,,,Intentional,18,,No,145420.0,,https://youtu.be/iIpWIKykEXI?t=868
2020,WQ,206,1106,3,Nolan,No,Tap,622655,184.0,,,451995.0,131.0,,,,,Natural,18,,No,170660.0,,https://youtu.be/iIpWIKykEXI?t=868
2020,WS,207,1107,1,dogplayingtetris,Yes,Tap,1022320,233.0,1022320.0,233.0,488720.0,130.0,1022320.0,233.0,,,Natural,18,,No,533600.0,0.0,https://youtu.be/iIpWIKykEXI?t=1641
2020,WS,207,1108,1,Pepe,No,DAS,903640,233.0,,,506600.0,132.0,903640.0,233.0,,,Natural,18,,No,397040.0,0.0,https://youtu.be/iIpWIKykEXI?t=1641
2020,WS,207,1109,2,dogplayingtetris,Yes,Tap,1002240,219.0,968640.0,215.0,616440.0,132.0,,,,,Intentional,18,,No,385800.0,,https://youtu.be/iIpWIKykEXI?t=2234
2020,WS,207,1110,2,Pepe,No,DAS,870420,206.0,,,581840.0,133.0,,,,,Natural,18,,No,288580.0,,https://youtu.be/iIpWIKykEXI?t=2234
2020,WS,207,1111,3,dogplayingtetris,Yes,Tap,565900,150.0,565900.0,150.0,529780.0,133.0,,,,,Intentional,18,,No,36120.0,,https://youtu.be/iIpWIKykEXI?t=2802
2020,WS,207,1112,3,Pepe,No,DAS,434620,140.0,,,408180.0,133.0,,,,,Natural,18,,No,26440.0,,https://youtu.be/iIpWIKykEXI?t=2802
2020,LQ,208,1113,1,Marq,Yes,Tap,558220,146.0,558220.0,146.0,543840.0,130.0,,,,,Intentional,18,,No,14380.0,,https://youtu.be/iIpWIKykEXI?t=1641
2020,LQ,208,1114,1,Nolan,No,Tap,533845,142.0,,,525325.0,132.0,,,,,Natural,18,,No,8520.0,,https://youtu.be/iIpWIKykEXI?t=1641
2020,LQ,208,1115,2,Marq,Yes,Tap,541382,132.0,539382.0,130.0,539382.0,130.0,,,,,Natural,18,,No,2000.0,,https://youtu.be/iIpWIKykEXI?t=2051
2020,LQ,208,1116,2,Nolan,No,Tap,410331,125.0,,,,,,,,,Natural,18,,No,,,https://youtu.be/iIpWIKykEXI?t=2051
2020,LQ,208,1117,3,Marq,Yes,Tap,121600,29.0,121600.0,29.0,,,,,,,Intentional,18,,No,,,https://youtu.be/iIpWIKykEXI?t=2430
2020,LQ,208,1118,3,Nolan,No,Tap,25262,22.0,,,,,,,,,Natural,18,,No,,,https://youtu.be/iIpWIKykEXI?t=2430
2020,WQ,209,1119,1,Koryan,Yes,Tap,428260,108.0,428260.0,108.0,,,,,,,Intentional,18,,No,,,https://youtu.be/H_N25TLJ68Y?t=33
2020,WQ,209,1120,1,Reed Hanson,No,DAS,369908,104.0,,,,,,,,,Natural,18,,No,,,https://youtu.be/H_N25TLJ68Y?t=33
2020,WQ,209,1121,2,Koryan,No,Tap,498800,155.0,,,433300.0,131.0,,,,,Natural,18,,No,65500.0,,https://youtu.be/H_N25TLJ68Y?t=386
2020,WQ,209,1122,2,Reed Hanson,Yes,DAS,508310,150.0,508310.0,150.0,464270.0,130.0,,,,,Natural,18,,No,44040.0,,https://youtu.be/H_N25TLJ68Y?t=386
2020,WQ,209,1123,3,Koryan,Yes,Tap,830700,230.0,830700.0,230.0,469740.0,130.0,830700.0,230.0,,,Natural,18,,No,360960.0,0.0,https://youtu.be/H_N25TLJ68Y?t=852
2020,WQ,209,1124,3,Reed Hanson,No,DAS,782613,230.0,,,466233.0,131.0,782613.0,230.0,,,Natural,18,,No,316380.0,0.0,https://youtu.be/H_N25TLJ68Y?t=852
2020,WQ,209,1125,4,Koryan,Yes,Tap,442120,138.0,442120.0,138.0,432120.0,131.0,,,,,Natural,18,,No,10000.0,,https://youtu.be/H_N25TLJ68Y?t=1462
2020,WQ,209,1126,4,Reed Hanson,No,DAS,425558,135.0,,,417958.0,130.0,,,,,Natural,18,,No,7600.0,,https://youtu.be/H_N25TLJ68Y?t=1462
2020,WQ,210,1127,1,Nerdzzzzz,No,Tap,237120,71.0,,,,,,,,,Natural,18,,No,,,https://youtu.be/H_N25TLJ68Y?t=33
2020,WQ,210,1128,1,Terry Purcell,Yes,DAS,321499,79.0,321499.0,79.0,,,,,,,Intentional,18,,No,,,https://youtu.be/H_N25TLJ68Y?t=33
2020,WQ,210,1129,2,Nerdzzzzz,No,Tap,545080,192.0,,,416920.0,132.0,,,,,Natural,18,,No,128160.0,,https://youtu.be/H_N25TLJ68Y?t=306
2020,WQ,210,1130,2,Terry Purcell,Yes,DAS,607506,222.0,607506.0,222.0,352326.0,130.0,,,,,Intentional,18,,No,255180.0,,https://youtu.be/H_N25TLJ68Y?t=306
2020,WQ,210,1131,3,Nerdzzzzz,Yes,Tap,457520,123.0,457520.0,123.0,,,,,,,Natural,18,,No,,,https://youtu.be/H_N25TLJ68Y?t=852
2020,WQ,210,1132,3,Terry Purcell,No,DAS,425752,145.0,,,413512.0,130.0,,,,,Natural,18,,No,12240.0,,https://youtu.be/H_N25TLJ68Y?t=852
2020,WQ,210,1133,4,Nerdzzzzz,Yes,Tap,860820,234.0,860820.0,234.0,502080.0,130.0,858420.0,232.0,,,Natural,18,,No,356340.0,2400.0,https://youtu.be/H_N25TLJ68Y?t=1435
2020,WQ,210,1134,4,Terry Purcell,No,DAS,845620,232.0,,,560560.0,131.0,845620.0,232.0,,,Natural,18,,No,285060.0,0.0,https://youtu.be/H_N25TLJ68Y?t=1435
2020,WQ,210,1135,5,Nerdzzzzz,Yes,Tap,649580,187.0,649580.0,187.0,476940.0,130.0,,,,,Intentional,18,,No,172640.0,,https://youtu.be/H_N25TLJ68Y?t=2067
2020,WQ,210,1136,5,Terry Purcell,No,DAS,610640,179.0,,,422240.0,130.0,,,,,Natural,18,,No,188400.0,,https://youtu.be/H_N25TLJ68Y?t=2067
2020,WS,211,1137,1,Koryan,No,Tap,971620,230.0,,,555980.0,130.0,971620.0,230.0,,,Natural,18,,No,415640.0,0.0,https://youtu.be/H_N25TLJ68Y?t=2572
2020,WS,211,1138,1,Nerdzzzzz,Yes,Tap,1006180,233.0,1006180.0,233.0,540800.0,131.0,1006180.0,233.0,,,Natural,18,,No,465380.0,0.0,https://youtu.be/H_N25TLJ68Y?t=2572
2020,WS,211,1139,2,Koryan,Yes,Tap,307040,65.0,307040.0,65.0,,,,,,,Intentional,18,,No,,,https://youtu.be/H_N25TLJ68Y?t=3191
2020,WS,211,1140,2,Nerdzzzzz,No,Tap,240920,56.0,,,,,,,,,Natural,18,,No,,,https://youtu.be/H_N25TLJ68Y?t=3191
2020,WS,211,1141,3,Koryan,Yes,Tap,882500,225.0,778180.0,212.0,424560.0,131.0,,,,,Intentional,18,,No,457940.0,,https://youtu.be/H_N25TLJ68Y?t=3416
2020,WS,211,1142,3,Nerdzzzzz,No,Tap,865340,200.0,,,597040.0,131.0,,,,,Natural,18,,No,268300.0,,https://youtu.be/H_N25TLJ68Y?t=3416
2020,WS,211,1143,4,Koryan,Yes,Tap,729660,170.0,729660.0,170.0,578840.0,131.0,,,,,Intentional,18,,No,150820.0,,https://youtu.be/H_N25TLJ68Y?t=3994
2020,WS,211,1144,4,Nerdzzzzz,No,Tap,519120,159.0,,,449640.0,130.0,,,,,Natural,18,,No,69480.0,,https://youtu.be/H_N25TLJ68Y?t=3994
2020,LQ,212,1145,1,Reed Hanson,No,DAS,434643,167.0,,,358443.0,131.0,,,,,Natural,18,,No,76200.0,,https://youtu.be/H_N25TLJ68Y?t=2572
2020,LQ,212,1146,1,Terry Purcell,Yes,DAS,471581,139.0,471581.0,139.0,465581.0,132.0,,,,,Natural,18,,No,6000.0,,https://youtu.be/H_N25TLJ68Y?t=2572
2020,LQ,212,1147,2,Reed Hanson,No,DAS,174754,64.0,,,,,,,,,Natural,18,,No,,,https://youtu.be/H_N25TLJ68Y?t=3025
2020,LQ,212,1148,2,Terry Purcell,Yes,DAS,183920,74.0,183920.0,74.0,,,,,,,Intentional,18,,No,,,https://youtu.be/H_N25TLJ68Y?t=3025
2020,LQ,212,1149,3,Reed Hanson,No,DAS,343222,135.0,,,339222.0,130.0,,,,,Natural,18,,No,4000.0,,https://youtu.be/H_N25TLJ68Y?t=3265
2020,LQ,212,1150,3,Terry Purcell,Yes,DAS,568508,143.0,568508.0,143.0,557548.0,130.0,,,,,Intentional,18,,No,10960.0,,https://youtu.be/H_N25TLJ68Y?t=3265
2020,LQ,213,1151,1,Nerdzzzzz,Yes,Tap,537000,150.0,537000.0,150.0,498280.0,131.0,,,,,Intentional,18,,No,38720.0,,https://youtu.be/2bqa0L8eF1U?t=33
2020,LQ,213,1152,1,Marq,No,Tap,455200,144.0,,,422600.0,130.0,,,,,Natural,18,,No,32600.0,,https://youtu.be/2bqa0L8eF1U?t=33
2020,LQ,213,1153,2,Nerdzzzzz,Yes,Tap,448860,140.0,448860.0,140.0,415760.0,130.0,,,,,Intentional,18,,No,33100.0,,https://youtu.be/2bqa0L8eF1U?t=451
2020,LQ,213,1154,2,Marq,No,Tap,381140,122.0,,,,,,,,,Natural,18,,No,,,https://youtu.be/2bqa0L8eF1U?t=451
2020,LQ,213,1155,3,Nerdzzzzz,Yes,Tap,736760,193.0,736760.0,193.0,460240.0,130.0,,,,,Natural,18,,No,276520.0,,https://youtu.be/2bqa0L8eF1U?t=846
2020,LQ,213,1156,3,Marq,No,Tap,685520,236.0,,,296500.0,131.0,681920.0,233.0,,,Natural,18,,No,385420.0,3600.0,https://youtu.be/2bqa0L8eF1U?t=846
2020,LQ,214,1157,1,Pepe,Yes,DAS,690900,169.0,690900.0,169.0,565880.0,133.0,,,,,Intentional,18,,No,125020.0,,https://youtu.be/2bqa0L8eF1U?t=451
2020,LQ,214,1158,1,Terry Purcell,No,DAS,616692,160.0,,,542712.0,131.0,,,,,Natural,18,,No,73980.0,,https://youtu.be/2bqa0L8eF1U?t=451
2020,LQ,214,1159,2,Pepe,Yes,DAS,411920,98.0,411920.0,98.0,,,,,,,Intentional,18,,No,,,https://youtu.be/2bqa0L8eF1U?t=889
2020,LQ,214,1160,2,Terry Purcell,No,DAS,349980,94.0,,,,,,,,,Natural,18,,No,,,https://youtu.be/2bqa0L8eF1U?t=889
2020,LQ,214,1161,3,Pepe,Yes,DAS,57380,18.0,57380.0,18.0,,,,,,,Intentional,18,,No,,,https://youtu.be/2bqa0L8eF1U?t=1209
2020,LQ,214,1162,3,Terry Purcell,No,DAS,27753,10.0,,,,,,,,,Natural,18,,No,,,https://youtu.be/2bqa0L8eF1U?t=1209
2020,WF,215,1163,1,dogplayingtetris,No,Tap,585440,163.0,,,442040.0,130.0,,,,,Natural,18,,No,143400.0,,https://youtu.be/k8XIx379nvg?t=32
2020,WF,215,1164,1,Koryan,Yes,Tap,604140,184.0,604140.0,184.0,411220.0,133.0,,,,,Intentional,18,,No,192920.0,,https://youtu.be/k8XIx379nvg?t=32
2020,WF,215,1165,2,dogplayingtetris,Yes,Tap,1174580,233.0,1174580.0,233.0,522560.0,130.0,1174580.0,233.0,,,Natural,18,,No,652020.0,0.0,https://youtu.be/k8XIx379nvg?t=510
2020,WF,215,1166,2,Koryan,No,Tap,1011400,231.0,,,508500.0,130.0,1011400.0,231.0,,,Natural,18,,No,502900.0,0.0,https://youtu.be/k8XIx379nvg?t=510
2020,WF,215,1167,3,dogplayingtetris,Yes,Tap,987980,232.0,987980.0,232.0,543820.0,130.0,985580.0,230.0,,,Natural,18,,No,441760.0,2400.0,https://youtu.be/k8XIx379nvg?t=1119
2020,WF,215,1168,3,Koryan,No,Tap,858820,230.0,,,524460.0,132.0,858820.0,230.0,,,Natural,18,,No,334360.0,0.0,https://youtu.be/k8XIx379nvg?t=1119
2020,WF,215,1169,4,dogplayingtetris,Yes,Tap,1090140,239.0,1090140.0,239.0,575760.0,131.0,1072740.0,230.0,,,Natural,18,,No,496980.0,17400.0,https://youtu.be/k8XIx379nvg?t=1765
2020,WF,215,1170,4,Koryan,No,Tap,939760,226.0,,,487980.0,132.0,,,,,Natural,18,,No,451780.0,,https://youtu.be/k8XIx379nvg?t=1765
2020,LS,216,1171,1,Nerdzzzzz,No,Tap,232560,70.0,,,,,,,,,Natural,18,,No,,,https://youtu.be/k8XIx379nvg?t=32
2020,LS,216,1172,1,Pepe,Yes,DAS,296400,75.0,296400.0,75.0,,,,,,,Intentional,18,,No,,,https://youtu.be/k8XIx379nvg?t=32
2020,LS,216,1173,2,Nerdzzzzz,No,Tap,545200,138.0,,,540800.0,133.0,,,,,Natural,18,,No,4400.0,,https://youtu.be/k8XIx379nvg?t=269
2020,LS,216,1174,2,Pepe,Yes,DAS,547520,205.0,547520.0,205.0,445400.0,130.0,,,,,Intentional,18,,No,102120.0,,https://youtu.be/k8XIx379nvg?t=269
2020,LS,216,1175,3,Nerdzzzzz,Yes,Tap,231831,45.0,231831.0,45.0,,,,,,,Intentional,18,,No,,,https://youtu.be/k8XIx379nvg?t=805
2020,LS,216,1176,3,Pepe,No,DAS,67640,35.0,,,,,,,,,Natural,18,,No,,,https://youtu.be/k8XIx379nvg?t=805
2020,LS,216,1177,4,Nerdzzzzz,Yes,Tap,615060,162.0,615060.0,162.0,520640.0,130.0,,,,,Intentional,18,,No,94420.0,,https://youtu.be/k8XIx379nvg?t=957
2020,LS,216,1178,4,Pepe,No,DAS,496940,142.0,,,486820.0,130.0,,,,,Natural,18,,No,10120.0,,https://youtu.be/k8XIx379nvg?t=957
2020,LS,216,1179,5,Nerdzzzzz,No,Tap,529800,149.0,,,450020.0,131.0,,,,,Natural,18,,No,79780.0,,https://youtu.be/k8XIx379nvg?t=1378
2020,LS,216,1180,5,Pepe,Yes,DAS,533740,215.0,533740.0,215.0,388800.0,132.0,,,,,Intentional,18,,No,144940.0,,https://youtu.be/k8XIx379nvg?t=1378
2020,LF,217,1181,1,Koryan,Yes,Tap,709020,187.0,709020.0,187.0,505460.0,130.0,,,,,Intentional,18,,No,203560.0,,https://youtu.be/g-THFt5gp1Y?t=32
2020,LF,217,1182,1,Pepe,No,DAS,543720,173.0,,,410460.0,133.0,,,,,Natural,18,,No,133260.0,,https://youtu.be/g-THFt5gp1Y?t=32
2020,LF,217,1183,2,Koryan,No,Tap,543460,133.0,,,543460.0,133.0,,,,,Natural,18,,No,0.0,,https://youtu.be/g-THFt5gp1Y?t=554
2020,LF,217,1184,2,Pepe,Yes,DAS,543560,198.0,543560.0,198.0,463660.0,130.0,,,,,Intentional,18,,No,79900.0,,https://youtu.be/g-THFt5gp1Y?t=554
2020,LF,217,1185,3,Koryan,Yes,Tap,838401,194.0,838401.0,194.0,581081.0,131.0,,,,,Intentional,18,,No,257320.0,,https://youtu.be/g-THFt5gp1Y?t=1139
2020,LF,217,1186,3,Pepe,No,DAS,518840,174.0,,,336020.0,131.0,,,,,Natural,18,,No,182820.0,,https://youtu.be/g-THFt5gp1Y?t=1139
2020,LF,217,1187,4,Koryan,Yes,Tap,671901,165.0,671901.0,165.0,525981.0,132.0,,,,,Intentional,18,,No,145920.0,,https://youtu.be/g-THFt5gp1Y?t=1665
2020,LF,217,1188,4,Pepe,No,DAS,534580,154.0,,,489880.0,132.0,,,,,Natural,18,,No,44700.0,,https://youtu.be/g-THFt5gp1Y?t=1665
2020,GF,218,1189,1,dogplayingtetris,Yes,Tap,1069500,229.0,1069500.0,229.0,549540.0,133.0,,,,,Natural,18,,No,519960.0,,https://youtu.be/YnwHl_KBflY?t=32
2020,GF,218,1190,1,Koryan,No,Tap,989760,236.0,,,578780.0,130.0,986160.0,233.0,,,Natural,18,,No,407380.0,3600.0,https://youtu.be/YnwHl_KBflY?t=32
2020,GF,218,1191,2,dogplayingtetris,Yes,Tap,1150960,241.0,1150960.0,241.0,568160.0,132.0,1138880.0,231.0,,,Natural,18,,No,570720.0,12080.0,https://youtu.be/YnwHl_KBflY?t=657
2020,GF,218,1192,2,Koryan,No,Tap,1150541,234.0,,,617921.0,130.0,1149341.0,233.0,,,Natural,18,,No,531420.0,1200.0,https://youtu.be/YnwHl_KBflY?t=657
2020,GF,218,1193,3,dogplayingtetris,Yes,Tap,1118700,233.0,1118700.0,233.0,599320.0,130.0,1118700.0,233.0,,,Natural,18,,No,519380.0,0.0,https://youtu.be/YnwHl_KBflY?t=1386
2020,GF,218,1194,3,Koryan,No,Tap,1117101,238.0,,,560941.0,133.0,1105701.0,233.0,,,Natural,18,,No,544760.0,11400.0,https://youtu.be/YnwHl_KBflY?t=1386
2020,WQ,219,1195,1,DaAsiann,Yes,Tap,202549,73.0,202549.0,73.0,,,,,,,Intentional,18,,No,,,https://youtu.be/aSFraTjNRp4?t=24
2020,WQ,219,1196,1,Anomalous,No,Tap,201425,55.0,,,,,,,,,Natural,18,,No,,,https://youtu.be/aSFraTjNRp4?t=24
2020,WQ,219,1197,2,DaAsiann,Yes,Tap,490661,113.0,490661.0,113.0,,,,,,,Intentional,18,,No,,,https://youtu.be/aSFraTjNRp4?t=249
2020,WQ,219,1198,2,Anomalous,No,Tap,347070,97.0,,,,,,,,,Natural,18,,No,,,https://youtu.be/aSFraTjNRp4?t=249
2020,WQ,219,1199,3,DaAsiann,Yes,Tap,640180,188.0,604180.0,179.0,530220.0,130.0,,,,,Intentional,18,,No,109960.0,,https://youtu.be/aSFraTjNRp4?t=587
2020,WQ,219,1200,3,Anomalous,No,Tap,602181,164.0,,,524481.0,131.0,,,,,Natural,18,,No,77700.0,,https://youtu.be/aSFraTjNRp4?t=587
2020,WQ,220,1201,1,Quaid,No,DAS,101854,29.0,,,,,,,,,Natural,18,,No,,,https://youtu.be/aSFraTjNRp4?t=24
2020,WQ,220,1202,1,CheeZ,Yes,Tap,146300,36.0,146300.0,36.0,,,,,,,Intentional,18,,No,,,https://youtu.be/aSFraTjNRp4?t=24
2020,WQ,220,1203,2,Quaid,No,DAS,156220,48.0,,,,,,,,,Natural,18,,No,,,https://youtu.be/aSFraTjNRp4?t=184
2020,WQ,220,1204,2,CheeZ,Yes,Tap,202183,57.0,202183.0,57.0,,,,,,,Intentional,18,,No,,,https://youtu.be/aSFraTjNRp4?t=184
2020,WQ,220,1205,3,Quaid,Yes,DAS,236422,65.0,236422.0,65.0,,,,,,,Intentional,18,,No,,,https://youtu.be/aSFraTjNRp4?t=396
2020,WQ,220,1206,3,CheeZ,No,Tap,220400,55.0,,,,,,,,,Natural,18,,No,,,https://youtu.be/aSFraTjNRp4?t=396
2020,WQ,220,1207,4,Quaid,No,DAS,614312,199.0,,,420072.0,133.0,,,,,Natural,18,,No,194240.0,,https://youtu.be/aSFraTjNRp4?t=618
2020,WQ,220,1208,4,CheeZ,Yes,Tap,824020,207.0,824020.0,207.0,568520.0,130.0,,,,,Intentional,18,,No,255500.0,,https://youtu.be/aSFraTjNRp4?t=618
2020,WS,221,1209,1,DaAsiann,No,Tap,116280,46.0,,,,,,,,,Natural,18,,No,,,https://youtu.be/aSFraTjNRp4?t=1216
2020,WS,221,1210,1,CheeZ,Yes,Tap,208240,56.0,208240.0,56.0,,,,,,,Intentional,18,,No,,,https://youtu.be/aSFraTjNRp4?t=1216
2020,WS,221,1211,2,DaAsiann,No,Tap,310100,108.0,,,,,,,,,Natural,18,,No,,,https://youtu.be/aSFraTjNRp4?t=1412
2020,WS,221,1212,2,CheeZ,Yes,Tap,497420,106.0,497420.0,106.0,,,,,,,Intentional,18,,No,,,https://youtu.be/aSFraTjNRp4?t=1412
2020,WS,221,1213,3,DaAsiann,No,Tap,724159,232.0,,,485719.0,131.0,724159.0,232.0,,,Natural,18,,No,238440.0,0.0,https://youtu.be/aSFraTjNRp4?t=1734
2020,WS,221,1214,3,CheeZ,Yes,Tap,854120,232.0,854120.0,232.0,480760.0,130.0,850520.0,230.0,,,Natural,18,,No,369760.0,3600.0,https://youtu.be/aSFraTjNRp4?t=1734
2020,LQ,222,1215,1,Anomalous,Yes,Tap,344425,101.0,344425.0,101.0,,,,,,,Intentional,18,,No,,,https://youtu.be/aSFraTjNRp4?t=1179
2020,LQ,222,1216,1,Quaid,No,DAS,295701,94.0,,,,,,,,,Natural,18,,No,,,https://youtu.be/aSFraTjNRp4?t=1179
2020,LQ,222,1217,2,Anomalous,No,Tap,31951,32.0,,,,,,,,,Natural,18,,No,,,https://youtu.be/aSFraTjNRp4?t=1512
2020,LQ,222,1218,2,Quaid,Yes,DAS,153558,40.0,153558.0,40.0,,,,,,,Intentional,18,,No,,,https://youtu.be/aSFraTjNRp4?t=1512
2020,LQ,222,1219,3,Anomalous,No,Tap,368875,148.0,,,349515.0,130.0,,,,,Natural,18,,No,19360.0,,https://youtu.be/aSFraTjNRp4?t=1668
2020,LQ,222,1220,3,Quaid,Yes,DAS,625916,163.0,625916.0,163.0,543196.0,131.0,,,,,Intentional,18,,No,82720.0,,https://youtu.be/aSFraTjNRp4?t=1668
2020,LQ,222,1221,4,Anomalous,No,Tap,85154,32.0,,,,,,,,,Natural,18,,No,,,https://youtu.be/aSFraTjNRp4?t=2120
2020,LQ,222,1222,4,Quaid,Yes,DAS,153179,40.0,153179.0,40.0,,,,,,,Intentional,18,,No,,,https://youtu.be/aSFraTjNRp4?t=2120
2020,WQ,223,1223,1,doge,Yes,Tap,936740,233.0,936740.0,233.0,519520.0,130.0,936740.0,233.0,,,Natural,18,,No,417220.0,0.0,https://youtu.be/iwINFtiA4FE?t=97
2020,WQ,223,1224,1,Eren,No,Tap,843400,225.0,,,429460.0,131.0,,,,,Natural,18,,No,413940.0,,https://youtu.be/iwINFtiA4FE?t=97
2020,WQ,223,1225,2,doge,Yes,Tap,623652,160.0,623652.0,160.0,503992.0,130.0,,,,,Natural,18,,No,119660.0,,https://youtu.be/iwINFtiA4FE?t=688
2020,WQ,223,1226,2,Eren,No,Tap,507220,157.0,,,461040.0,130.0,,,,,Natural,18,,No,46180.0,,https://youtu.be/iwINFtiA4FE?t=688
2020,WQ,223,1227,3,doge,Yes,Tap,520884,148.0,520884.0,148.0,442804.0,132.0,,,,,Intentional,18,,No,78080.0,,https://youtu.be/iwINFtiA4FE?t=1157
2020,WQ,223,1228,3,Eren,No,Tap,347320,127.0,,,,,,,,,Natural,18,,No,,,https://youtu.be/iwINFtiA4FE?t=1157
2020,WQ,224,1229,1,Fractal,Yes,Tap,608460,199.0,608460.0,199.0,462560.0,131.0,,,,,Intentional,18,,No,145900.0,,https://youtu.be/iwINFtiA4FE?t=35
2020,WQ,224,1230,1,Scottobozo,No,DAS,604480,165.0,,,461380.0,130.0,,,,,Natural,18,,No,143100.0,,https://youtu.be/iwINFtiA4FE?t=35
2020,WQ,224,1231,2,Fractal,No,Tap,192280,58.0,,,,,,,,,Natural,18,,No,,,https://youtu.be/iwINFtiA4FE?t=545
2020,WQ,224,1232,2,Scottobozo,Yes,DAS,349608,90.0,349608.0,90.0,,,,,,,Intentional,18,,No,,,https://youtu.be/iwINFtiA4FE?t=545
2020,WQ,224,1233,3,Fractal,No,Tap,726220,213.0,,,457440.0,132.0,,,,,Natural,18,,No,268780.0,,https://youtu.be/iwINFtiA4FE?t=820
2020,WQ,224,1234,3,Scottobozo,Yes,DAS,754241,209.0,754241.0,209.0,518741.0,130.0,,,,,Natural,18,,No,235500.0,,https://youtu.be/iwINFtiA4FE?t=820
2020,WQ,224,1235,4,Fractal,Yes,Tap,688300,168.0,688300.0,168.0,558260.0,130.0,,,,,Intentional,18,,No,130040.0,,https://youtu.be/iwINFtiA4FE?t=1391
2020,WQ,224,1236,4,Scottobozo,No,DAS,478822,154.0,,,408802.0,130.0,,,,,Natural,18,,No,70020.0,,https://youtu.be/iwINFtiA4FE?t=1391
2020,WQ,224,1237,5,Fractal,Yes,Tap,1080340,236.0,1080340.0,236.0,556360.0,130.0,1068940.0,231.0,,,Natural,18,,No,512580.0,11400.0,https://youtu.be/iwINFtiA4FE?t=1845
2020,WQ,224,1238,5,Scottobozo,No,DAS,847082,232.0,,,410882.0,131.0,847082.0,232.0,,,Natural,18,,No,436200.0,0.0,https://youtu.be/iwINFtiA4FE?t=1845
2020,WS,225,1239,1,doge,No,Tap,982243,240.0,,,452323.0,130.0,973203.0,233.0,,,Natural,18,,No,520880.0,9040.0,https://youtu.be/iwINFtiA4FE?t=2484
2020,WS,225,1240,1,Fractal,Yes,Tap,1028240,230.0,1028240.0,230.0,578800.0,130.0,1028240.0,230.0,,,Natural,18,,No,449440.0,0.0,https://youtu.be/iwINFtiA4FE?t=2484
2020,WS,225,1241,2,doge,No,Tap,826100,189.0,,,601220.0,132.0,,,,,Natural,18,,No,224880.0,,https://youtu.be/iwINFtiA4FE?t=3116
2020,WS,225,1242,2,Fractal,Yes,Tap,919080,209.0,919080.0,209.0,489120.0,133.0,,,,,Intentional,18,,No,429960.0,,https://youtu.be/iwINFtiA4FE?t=3116
2020,WS,225,1243,3,doge,No,Tap,861300,231.0,,,506960.0,130.0,861300.0,231.0,,,Natural,18,,No,354340.0,0.0,https://youtu.be/iwINFtiA4FE?t=3660
2020,WS,225,1244,3,Fractal,Yes,Tap,952740,228.0,952740.0,228.0,582600.0,133.0,,,,,Natural,18,,No,370140.0,,https://youtu.be/iwINFtiA4FE?t=3660
2020,LQ,226,1245,1,Eren,No,Tap,567580,175.0,,,454160.0,131.0,,,,,Natural,18,,No,113420.0,,https://youtu.be/iwINFtiA4FE?t=2469
2020,LQ,226,1246,1,Scottobozo,Yes,DAS,675161,189.0,675161.0,189.0,483041.0,131.0,,,,,Intentional,18,,No,192120.0,,https://youtu.be/iwINFtiA4FE?t=2469
2020,LQ,226,1247,2,Eren,No,Tap,699000,195.0,,,461380.0,130.0,,,,,Natural,18,,No,237620.0,,https://youtu.be/iwINFtiA4FE?t=2989
2020,LQ,226,1248,2,Scottobozo,Yes,DAS,700401,214.0,699281.0,213.0,484941.0,130.0,,,,,Natural,18,,No,215460.0,,https://youtu.be/iwINFtiA4FE?t=2989
2020,LQ,226,1249,3,Eren,Yes,Tap,613840,179.0,613840.0,179.0,449980.0,132.0,,,,,Intentional,18,,No,163860.0,,https://youtu.be/iwINFtiA4FE?t=3555
2020,LQ,226,1250,3,Scottobozo,No,DAS,565961,156.0,,,522181.0,132.0,,,,,Natural,18,,No,43780.0,,https://youtu.be/iwINFtiA4FE?t=3555
2020,LQ,226,1251,4,Eren,No,Tap,766360,233.0,,,348140.0,132.0,765160.0,232.0,,,Natural,18,,No,417020.0,1200.0,https://youtu.be/iwINFtiA4FE?t=4039
2020,LQ,226,1252,4,Scottobozo,Yes,DAS,776721,235.0,776721.0,235.0,449981.0,131.0,776721.0,231.0,,,Natural,18,,No,326740.0,0.0,https://youtu.be/iwINFtiA4FE?t=4039
2020,LQ,227,1253,1,doge,No,Tap,110960,40.0,,,,,,,,,Natural,18,,No,,,https://youtu.be/IuXZJXLJNz8?t=31
2020,LQ,227,1254,1,Quaid,Yes,DAS,259230,54.0,259230.0,54.0,,,,,,,Intentional,18,,No,,,https://youtu.be/IuXZJXLJNz8?t=31
2020,LQ,227,1255,2,doge,Yes,Tap,522186,144.0,522186.0,144.0,485966.0,130.0,,,,,Intentional,18,,No,36220.0,,https://youtu.be/IuXZJXLJNz8?t=217
2020,LQ,227,1256,2,Quaid,No,DAS,445100,132.0,,,443100.0,130.0,,,,,Natural,18,,No,2000.0,,https://youtu.be/IuXZJXLJNz8?t=217
2020,LQ,227,1257,3,doge,No,Tap,412491,132.0,,,410491.0,130.0,,,,,Natural,18,,No,2000.0,,https://youtu.be/IuXZJXLJNz8?t=626
2020,LQ,227,1258,3,Quaid,Yes,DAS,447945,143.0,447945.0,143.0,415945.0,131.0,,,,,Intentional,18,,No,32000.0,,https://youtu.be/IuXZJXLJNz8?t=626
2020,LQ,227,1259,4,doge,Yes,Tap,981923,249.0,981923.0,249.0,499043.0,133.0,926283.0,230.0,,,Natural,18,,No,427240.0,55640.0,https://youtu.be/IuXZJXLJNz8?t=1037
2020,LQ,227,1260,4,Quaid,No,DAS,812784,230.0,,,468944.0,132.0,812784.0,230.0,,,Natural,18,,No,343840.0,0.0,https://youtu.be/IuXZJXLJNz8?t=1037
2020,LQ,227,1261,5,doge,No,Tap,125780,31.0,,,,,,,,,Natural,18,,No,,,https://youtu.be/IuXZJXLJNz8?t=1676
2020,LQ,227,1262,5,Quaid,Yes,DAS,215521,45.0,215521.0,45.0,,,,,,,Intentional,18,,No,,,https://youtu.be/IuXZJXLJNz8?t=1676
2020,LQ,228,1263,1,DaAsiann,No,Tap,70680,38.0,,,,,,,,,Natural,18,,No,,,https://youtu.be/IuXZJXLJNz8?t=31
2020,LQ,228,1264,1,Scottobozo,Yes,DAS,120084,43.0,120084.0,43.0,,,,,,,Natural,18,,No,,,https://youtu.be/IuXZJXLJNz8?t=31
2020,LQ,228,1265,2,DaAsiann,Yes,Tap,867200,236.0,867200.0,236.0,467840.0,132.0,860600.0,231.0,,,Natural,18,,No,392760.0,6600.0,https://youtu.be/IuXZJXLJNz8?t=217
2020,LQ,228,1266,2,Scottobozo,No,DAS,721761,208.0,,,510441.0,130.0,,,,,Natural,18,,No,211320.0,,https://youtu.be/IuXZJXLJNz8?t=217
2020,LQ,228,1267,3,DaAsiann,No,Tap,537811,130.0,,,537811.0,130.0,,,,,Natural,18,,No,0.0,,https://youtu.be/IuXZJXLJNz8?t=815
2020,LQ,228,1268,3,Scottobozo,Yes,DAS,585239,140.0,585239.0,140.0,579182.0,133.0,,,,,Intentional,18,,No,6057.0,,https://youtu.be/IuXZJXLJNz8?t=815
2020,LQ,228,1269,4,DaAsiann,No,Tap,412857,133.0,,,410857.0,131.0,,,,,Natural,18,,No,2000.0,,https://youtu.be/IuXZJXLJNz8?t=1212
2020,LQ,228,1270,4,Scottobozo,Yes,DAS,600181,172.0,529081.0,1148.0,471641.0,131.0,,,,,Intentional,18,,No,128540.0,,https://youtu.be/IuXZJXLJNz8?t=1212
2020,WF,229,1271,1,CheeZ,Yes,Tap,674142,159.0,674142.0,159.0,585640.0,133.0,,,,,Natural,18,,No,88502.0,,https://youtu.be/CjfVFHy4Pr0?t=28
2020,WF,229,1272,1,Fractal,No,Tap,611220,160.0,,,500180.0,130.0,,,,,Natural,18,,No,111040.0,,https://youtu.be/CjfVFHy4Pr0?t=28
2020,WF,229,1273,2,CheeZ,No,Tap,35340,15.0,,,,,,,,,Natural,18,,No,,,https://youtu.be/CjfVFHy4Pr0?t=482
2020,WF,229,1274,2,Fractal,Yes,Tap,62320,28.0,62320.0,28.0,,,,,,,Intentional,18,,No,,,https://youtu.be/CjfVFHy4Pr0?t=482
2020,WF,229,1275,3,CheeZ,Yes,Tap,997140,240.0,,,444640.0,130.0,987500.0,230.0,,,Natural,18,,No,542860.0,9640.0,https://youtu.be/CjfVFHy4Pr0?t=612
2020,WF,229,1276,3,Fractal,No,Tap,989880,235.0,989880.0,235.0,368260.0,130.0,987480.0,233.0,,,Natural,18,,No,619220.0,2400.0,https://youtu.be/CjfVFHy4Pr0?t=612
2020,WF,229,1277,4,CheeZ,Yes,Tap,677920,180.0,677920.0,180.0,491000.0,130.0,,,,,Intentional,18,,No,186920.0,,https://youtu.be/CjfVFHy4Pr0?t=1238
2020,WF,229,1278,4,Fractal,No,Tap,677540,161.0,,,579940.0,131.0,,,,,Natural,18,,No,97600.0,,https://youtu.be/CjfVFHy4Pr0?t=1238
2020,LS,230,1279,1,Quaid,Yes,DAS,638519,160.0,638519.0,160.0,561319.0,132.0,,,,,Intentional,18,,No,77200.0,,https://youtu.be/CjfVFHy4Pr0?t=28
2020,LS,230,1280,1,Scottobozo,No,DAS,578521,149.0,,,539661.0,133.0,,,,,Natural,18,,No,38860.0,,https://youtu.be/CjfVFHy4Pr0?t=28
2020,LS,230,1281,2,Quaid,Yes,DAS,802320,230.0,718520.0,215.0,452720.0,130.0,802320.0,230.0,,,Natural,18,,No,349600.0,0.0,https://youtu.be/CjfVFHy4Pr0?t=482
2020,LS,230,1282,2,Scottobozo,No,DAS,690761,172.0,,,583361.0,130.0,,,,,Natural,18,,No,107400.0,,https://youtu.be/CjfVFHy4Pr0?t=482
2020,LS,230,1283,3,Quaid,Yes,DAS,607523,171.0,607523.0,171.0,513183.0,130.0,,,,,Intentional,18,,No,94340.0,,https://youtu.be/CjfVFHy4Pr0?t=1055
2020,LS,230,1284,3,Scottobozo,No,DAS,586901,159.0,,,557561.0,131.0,,,,,Natural,18,,No,29340.0,,https://youtu.be/CjfVFHy4Pr0?t=1055
2020,LF,231,1285,1,Fractal,Yes,Tap,430540,89.0,430540.0,89.0,,,,,,,Aggressive,18,,No,,,https://youtu.be/3nDDPLGSegE?t=27
2020,LF,231,1286,1,Quaid,No,DAS,264548,80.0,,,,,,,,,Natural,18,,No,,,https://youtu.be/3nDDPLGSegE?t=27
2020,LF,231,1287,2,Fractal,No,Tap,826980,204.0,,,540800.0,133.0,,,,,Natural,18,,No,286180.0,,https://youtu.be/3nDDPLGSegE?t=319
2020,LF,231,1288,2,Quaid,Yes,DAS,912314,233.0,837994.0,222.0,448214.0,131.0,911114.0,232.0,,,Natural,18,,No,462900.0,1200.0,https://youtu.be/3nDDPLGSegE?t=319
2020,LF,231,1289,3,Fractal,Yes,Tap,647640,142.0,647640.0,142.0,595900.0,130.0,,,,,Intentional,18,,No,51740.0,,https://youtu.be/3nDDPLGSegE?t=901
2020,LF,231,1290,3,Quaid,No,DAS,301668,134.0,,,298068.0,130.0,,,,,Natural,18,,No,3600.0,,https://youtu.be/3nDDPLGSegE?t=901
2020,LF,231,1291,4,Fractal,No,Tap,876580,230.0,,,445780.0,130.0,876580.0,230.0,,,Natural,18,,No,430800.0,0.0,https://youtu.be/3nDDPLGSegE?t=1312
2020,LF,231,1292,4,Quaid,Yes,DAS,897016,233.0,897016.0,233.0,460016.0,130.0,897016.0,233.0,,,Natural,18,,No,437000.0,0.0,https://youtu.be/3nDDPLGSegE?t=1312
2020,LF,231,1293,5,Fractal,Yes,Tap,390640,92.0,390640.0,92.0,,,,,,,Intentional,18,,No,,,https://youtu.be/3nDDPLGSegE?t=1922
2020,LF,231,1294,5,Quaid,No,DAS,272901,82.0,,,,,,,,,Natural,18,,No,,,https://youtu.be/3nDDPLGSegE?t=1922
2020,GF,232,1295,1,CheeZ,Yes,Tap,166060,36.0,166060.0,36.0,,,,,,,Intentional,18,,No,,,https://youtu.be/bvp9bWwZyKM?t=29
2020,GF,232,1296,1,Fractal,No,Tap,123880,31.0,,,,,,,,,Natural,18,,No,,,https://youtu.be/bvp9bWwZyKM?t=29
2020,GF,232,1297,2,CheeZ,Yes,Tap,551540,144.0,551540.0,144.0,495940.0,130.0,,,,,Intentional,18,,No,55600.0,,https://youtu.be/bvp9bWwZyKM?t=176
2020,GF,232,1298,2,Fractal,No,Tap,475000,141.0,,,424520.0,130.0,,,,,Natural,18,,No,50480.0,,https://youtu.be/bvp9bWwZyKM?t=176
2020,GF,232,1299,3,CheeZ,No,Tap,537660,160.0,,,447260.0,131.0,,,,,Natural,18,,No,90400.0,,https://youtu.be/bvp9bWwZyKM?t=590
2020,GF,232,1300,3,Fractal,Yes,Tap,551880,140.0,551880.0,140.0,543440.0,130.0,,,,,Natural,18,,No,8440.0,,https://youtu.be/bvp9bWwZyKM?t=590
2020,GF,232,1301,4,CheeZ,No,Tap,203300,53.0,,,,,,,,,Natural,18,,No,,,https://youtu.be/bvp9bWwZyKM?t=1032
2020,GF,232,1302,4,Fractal,Yes,Tap,211660,65.0,211660.0,65.0,,,,,,,Intentional,18,,No,,,https://youtu.be/bvp9bWwZyKM?t=1032
2020,GF,232,1303,5,CheeZ,No,Tap,683420,168.0,,,534320.0,130.0,,,,,Natural,18,,No,149100.0,,https://youtu.be/bvp9bWwZyKM?t=1269
2020,GF,232,1304,5,Fractal,Yes,Tap,719360,213.0,685760.0,209.0,520280.0,133.0,,,,,Intentional,18,,No,199080.0,,https://youtu.be/bvp9bWwZyKM?t=1269
2020,GFBR,233,1305,1,CheeZ,No,Tap,615154,180.0,,,429554.0,133.0,,,,,Natural,18,,No,185600.0,,https://youtu.be/bvp9bWwZyKM?t=1869
2020,GFBR,233,1306,1,Fractal,Yes,Tap,783580,197.0,783580.0,197.0,544640.0,131.0,,,,,Intentional,18,,No,238940.0,,https://youtu.be/bvp9bWwZyKM?t=1869
2020,GFBR,233,1307,2,CheeZ,Yes,Tap,1059825,259.0,1059825.0,259.0,488765.0,132.0,1021405.0,233.0,,,Natural,18,,No,532640.0,38420.0,https://youtu.be/bvp9bWwZyKM?t=2350
2020,GFBR,233,1308,2,Fractal,No,Tap,943300,232.0,,,557520.0,132.0,942100.0,231.0,,,Natural,18,,No,384580.0,1200.0,https://youtu.be/bvp9bWwZyKM?t=2350
2020,GFBR,233,1309,3,CheeZ,Yes,Tap,846260,197.0,846260.0,197.0,605060.0,131.0,,,,,Intentional,18,,No,241200.0,,https://youtu.be/bvp9bWwZyKM?t=2970
2020,GFBR,233,1310,3,Fractal,No,Tap,724240,191.0,,,461740.0,130.0,,,,,Natural,18,,No,262500.0,,https://youtu.be/bvp9bWwZyKM?t=2970
2020,GFBR,233,1311,4,CheeZ,No,Tap,493240,117.0,,,,,,,,,Natural,18,,No,,,https://youtu.be/bvp9bWwZyKM?t=3495
2020,GFBR,233,1312,4,Fractal,Yes,Tap,597720,141.0,597720.0,141.0,545720.0,130.0,,,,,Intentional,18,,No,52000.0,,https://youtu.be/bvp9bWwZyKM?t=3495
2020,GFBR,233,1313,5,CheeZ,Yes,Tap,557460,143.0,557460.0,143.0,522560.0,132.0,,,,,Intentional,18,,No,34900.0,,https://youtu.be/bvp9bWwZyKM?t=3916
2020,GFBR,233,1314,5,Fractal,No,Tap,413280,134.0,,,410880.0,131.0,,,,,Natural,18,,No,2400.0,,https://youtu.be/bvp9bWwZyKM?t=3916
2020,WQ,234,1315,1,EricICX,Yes,Tap,777520,192.0,777520.0,192.0,561680.0,130.0,,,,,Intentional,18,,No,215840.0,,https://youtu.be/l80O_2TCZWI?t=2923
2020,WQ,234,1316,1,Jani Herlevi,No,DAS,433520,166.0,,,355600.0,131.0,,,,,Natural,18,,No,77920.0,,https://youtu.be/l80O_2TCZWI?t=2923
2020,WQ,234,1317,2,EricICX,Yes,Tap,76380,18.0,76380.0,18.0,,,,,,,Intentional,18,,No,,,https://youtu.be/l80O_2TCZWI?t=3413
2020,WQ,234,1318,2,Jani Herlevi,No,DAS,69540,32.0,,,,,,,,,Natural,18,,No,,,https://youtu.be/l80O_2TCZWI?t=3413
2020,WQ,234,1319,3,EricICX,Yes,Tap,807080,183.0,807080.0,183.0,597800.0,132.0,,,,,Natural,18,,No,209280.0,,https://youtu.be/l80O_2TCZWI?t=3621
2020,WQ,234,1320,3,Jani Herlevi,No,DAS,758980,229.0,,,470120.0,133.0,,,,,Natural,18,,No,288860.0,,https://youtu.be/l80O_2TCZWI?t=3621
2020,WQ,235,1321,1,Jonas,No,DAS,674760,186.0,,,519520.0,131.0,,,,,Natural,18,,No,155240.0,,https://youtu.be/l80O_2TCZWI?t=24
2020,WQ,235,1322,1,Redshurt,Yes,Tap,704180,231.0,704180.0,231.0,438940.0,130.0,704180.0,231.0,,,Natural,18,,No,265240.0,0.0,https://youtu.be/l80O_2TCZWI?t=24
2020,WQ,235,1323,2,Jonas,Yes,DAS,762800,201.0,762800.0,201.0,469360.0,131.0,,,,,Intentional,18,,No,293440.0,,https://youtu.be/l80O_2TCZWI?t=636
2020,WQ,235,1324,2,Redshurt,No,Tap,604680,189.0,,,517480.0,130.0,,,,,Natural,18,,No,87200.0,,https://youtu.be/l80O_2TCZWI?t=636
2020,WQ,235,1325,3,Jonas,Yes,DAS,752340,215.0,752340.0,215.0,539640.0,130.0,,,,,Intentional,18,,No,212700.0,,https://youtu.be/l80O_2TCZWI?t=1266
2020,WQ,235,1326,3,Redshurt,No,Tap,731140,187.0,,,560560.0,133.0,,,,,Natural,18,,No,170580.0,,https://youtu.be/l80O_2TCZWI?t=1266
2020,WQ,235,1327,4,Jonas,No,DAS,739740,206.0,,,507740.0,133.0,,,,,Natural,18,,No,232000.0,,https://youtu.be/l80O_2TCZWI?t=1844
2020,WQ,235,1328,4,Redshurt,Yes,Tap,767580,213.0,767580.0,213.0,461740.0,130.0,,,,,Intentional,18,,No,305840.0,,https://youtu.be/l80O_2TCZWI?t=1844
2020,WQ,235,1329,5,Jonas,No,DAS,379240,140.0,,,366800.0,130.0,,,,,Natural,18,,No,12440.0,,https://youtu.be/l80O_2TCZWI?t=2450
2020,WQ,235,1330,5,Redshurt,Yes,Tap,496020,144.0,496020.0,144.0,483420.0,133.0,,,,,Intentional,18,,No,12600.0,,https://youtu.be/l80O_2TCZWI?t=2450
2020,WS,236,1331,1,EricICX,Yes,Tap,537760,133.0,537760.0,133.0,537760.0,133.0,,,,,Intentional,18,,No,0.0,,https://youtu.be/l80O_2TCZWI?t=4293
2020,WS,236,1332,1,Redshurt,No,Tap,491340,118.0,,,,,,,,,Natural,18,,No,,,https://youtu.be/l80O_2TCZWI?t=4293
2020,WS,236,1333,2,EricICX,Yes,Tap,1080000,253.0,970000.0,214.0,583360.0,133.0,1051080.0,231.0,,,Natural,18,,No,467720.0,28920.0,https://youtu.be/l80O_2TCZWI?t=4667
2020,WS,236,1334,2,Redshurt,No,Tap,914180,200.0,,,560940.0,130.0,,,,,Natural,18,,No,353240.0,,https://youtu.be/l80O_2TCZWI?t=4667
2020,WS,236,1335,3,EricICX,Yes,Tap,983880,230.0,983880.0,230.0,567400.0,131.0,983880.0,230.0,,,Natural,18,,No,416480.0,0.0,https://youtu.be/l80O_2TCZWI?t=5280
2020,WS,236,1336,3,Redshurt,No,Tap,897640,230.0,,,520660.0,133.0,897640.0,230.0,,,Natural,18,,No,376980.0,0.0,https://youtu.be/l80O_2TCZWI?t=5280
2020,LQ,237,1337,1,Jani Herlevi,No,DAS,795220,227.0,,,452300.0,131.0,,,,,Natural,18,,No,342920.0,,https://youtu.be/l80O_2TCZWI?t=4293
2020,LQ,237,1338,1,Jonas,Yes,DAS,923120,220.0,923120.0,220.0,598180.0,132.0,,,,,Natural,18,,No,324940.0,,https://youtu.be/l80O_2TCZWI?t=4293
2020,LQ,237,1339,2,Jani Herlevi,Yes,DAS,592940,171.0,592940.0,171.0,526780.0,131.0,,,,,Natural,18,,No,66160.0,,https://youtu.be/l80O_2TCZWI?t=4933
2020,LQ,237,1340,2,Jonas,No,DAS,577560,174.0,,,507340.0,130.0,,,,,Natural,18,,No,70220.0,,https://youtu.be/l80O_2TCZWI?t=4933
2020,LQ,237,1341,3,Jani Herlevi,No,DAS,501320,146.0,,,466320.0,132.0,,,,,Natural,18,,No,35000.0,,https://youtu.be/l80O_2TCZWI?t=5444
2020,LQ,237,1342,3,Jonas,Yes,DAS,644720,160.0,644720.0,160.0,530960.0,131.0,,,,,Intentional,18,,No,113760.0,,https://youtu.be/l80O_2TCZWI?t=5444
2020,LQ,237,1343,4,Jani Herlevi,No,DAS,221160,78.0,,,,,,,,,Natural,18,,No,,,https://youtu.be/l80O_2TCZWI?t=5924
2020,LQ,237,1344,4,Jonas,Yes,DAS,430165,96.0,430165.0,96.0,,,,,,,Intentional,18,,No,,,https://youtu.be/l80O_2TCZWI?t=5924
2020,WQ,238,1345,1,TegaMech,Yes,DAS,12540,15.0,12540.0,15.0,,,,,,,Intentional,18,,No,,,https://youtu.be/jcpJOg5JlVg?t=41
2020,WQ,238,1346,1,B14NK,No,Tap,0,0.0,,,,,,,,,Natural,18,,No,,,https://youtu.be/jcpJOg5JlVg?t=41
2020,WQ,238,1347,2,TegaMech,No,DAS,511900,160.0,,,464160.0,132.0,,,,,Natural,18,,No,47740.0,,https://youtu.be/jcpJOg5JlVg?t=350
2020,WQ,238,1348,2,B14NK,Yes,Tap,704200,165.0,704200.0,165.0,539640.0,130.0,,,,,Intentional,18,,No,164560.0,,https://youtu.be/jcpJOg5JlVg?t=350
2020,WQ,238,1349,3,TegaMech,Yes,DAS,159980,48.0,159980.0,48.0,,,,,,,Intentional,18,,No,,,https://youtu.be/jcpJOg5JlVg?t=850
2020,WQ,238,1350,3,B14NK,No,Tap,71820,36.0,,,,,,,,,Natural,18,,No,,,https://youtu.be/jcpJOg5JlVg?t=850
2020,WQ,238,1351,4,TegaMech,No,DAS,574475,197.0,,,392695.0,130.0,,,,,Natural,18,,No,181780.0,,https://youtu.be/jcpJOg5JlVg?t=1098
2020,WQ,238,1352,4,B14NK,Yes,Tap,766500,202.0,766500.0,202.0,524840.0,133.0,,,,,Intentional,18,,No,241660.0,,https://youtu.be/jcpJOg5JlVg?t=1098
2020,WQ,238,1353,5,TegaMech,No,DAS,822301,210.0,,,539481.0,132.0,,,,,Natural,18,,No,282820.0,,https://youtu.be/jcpJOg5JlVg?t=1698
2020,WQ,238,1354,5,B14NK,Yes,Tap,840680,228.0,840680.0,228.0,529380.0,130.0,,,,,Intentional,18,,No,311300.0,,https://youtu.be/jcpJOg5JlVg?t=1698
2020,WQ,239,1355,1,Huffulufugus,Yes,Tap,634040,192.0,634040.0,192.0,441980.0,130.0,,,,,Intentional,18,,No,192060.0,,https://youtu.be/jcpJOg5JlVg?t=847
2020,WQ,239,1356,1,Feoden,No,Tap,608600,176.0,,,517980.0,130.0,,,,,Natural,18,,No,90620.0,,https://youtu.be/jcpJOg5JlVg?t=847
2020,WQ,239,1357,2,Huffulufugus,No,Tap,773460,228.0,,,391080.0,133.0,,,,,Natural,18,,No,382380.0,,https://youtu.be/jcpJOg5JlVg?t=1334
2020,WQ,239,1358,2,Feoden,Yes,Tap,966440,232.0,966440.0,232.0,541600.0,131.0,966440.0,232.0,,,Natural,18,,No,424840.0,0.0,https://youtu.be/jcpJOg5JlVg?t=1334
2020,WQ,239,1359,3,Huffulufugus,Yes,Tap,594400,155.0,594400.0,155.0,504320.0,132.0,,,,,Intentional,18,,No,90080.0,,https://youtu.be/jcpJOg5JlVg?t=2002
2020,WQ,239,1360,3,Feoden,No,Tap,490880,144.0,,,475060.0,130.0,,,,,Natural,18,,No,15820.0,,https://youtu.be/jcpJOg5JlVg?t=2002
2020,WQ,239,1361,4,Huffulufugus,Yes,Tap,717007,205.0,717007.0,205.0,489507.0,132.0,,,,,Intentional,18,,No,227500.0,,https://youtu.be/jcpJOg5JlVg?t=2445
2020,WQ,239,1362,4,Feoden,No,Tap,708060,184.0,,,535860.0,130.0,,,,,Natural,18,,No,172200.0,,https://youtu.be/jcpJOg5JlVg?t=2445
2020,WS,240,1363,1,B14NK,Yes,Tap,1088400,235.0,1045800.0,226.0,487960.0,130.0,1081800.0,230.0,,,Natural,18,,No,593840.0,6600.0,https://youtu.be/mzLYDNVClKg?t=195
2020,WS,240,1364,1,Huffulufugus,No,Tap,889140,205.0,,,561700.0,132.0,,,,,Natural,18,,No,327440.0,,https://youtu.be/mzLYDNVClKg?t=195
2020,WS,240,1365,2,B14NK,No,Tap,858040,228.0,,,482660.0,130.0,,,,,Natural,18,,No,375380.0,,https://youtu.be/jcpJOg5JlVg?t=2993
2020,WS,240,1366,2,Huffulufugus,Yes,Tap,1008620,241.0,998940.0,233.0,579180.0,130.0,998940.0,233.0,,,Natural,18,,No,419760.0,9680.0,https://youtu.be/jcpJOg5JlVg?t=2993
2020,WS,240,1367,3,B14NK,No,Tap,550440,152.0,,,523740.0,130.0,,,,,Natural,18,,No,26700.0,,https://youtu.be/jcpJOg5JlVg?t=3591
2020,WS,240,1368,3,Huffulufugus,Yes,Tap,554429,167.0,554429.0,167.0,443529.0,133.0,,,,,Intentional,18,,No,110900.0,,https://youtu.be/jcpJOg5JlVg?t=3591
2020,WS,240,1369,4,B14NK,No,Tap,965060,230.0,,,466940.0,132.0,965060.0,230.0,,,Natural,18,,No,498120.0,0.0,https://youtu.be/jcpJOg5JlVg?t=4048
2020,WS,240,1370,4,Huffulufugus,Yes,Tap,1016980,236.0,977380.0,229.0,556380.0,130.0,1013380.0,233.0,,,Natural,18,,No,457000.0,3600.0,https://youtu.be/jcpJOg5JlVg?t=4048
2020,LQ,241,1371,1,TegaMech,No,DAS,467283,146.0,,,433143.0,132.0,,,,,Natural,18,,No,34140.0,,https://youtu.be/mzLYDNVClKg?t=195
2020,LQ,241,1372,1,Feoden,Yes,Tap,481140,132.0,481140.0,132.0,481140.0,132.0,,,,,Intentional,18,,No,0.0,,https://youtu.be/mzLYDNVClKg?t=195
2020,LQ,241,1373,2,TegaMech,Yes,DAS,785050,209.0,785050.0,209.0,521470.0,133.0,,,,,Intentional,18,,No,263580.0,,https://youtu.be/jcpJOg5JlVg?t=4163
2020,LQ,241,1374,2,Feoden,No,Tap,730800,202.0,,,507740.0,133.0,,,,,Natural,18,,No,223060.0,,https://youtu.be/jcpJOg5JlVg?t=4163
2020,LQ,241,1375,3,TegaMech,Yes,DAS,606274,165.0,468714.0,111.0,526894.0,130.0,,,,,Intentional,18,,No,79380.0,,https://youtu.be/jcpJOg5JlVg?t=4728
2020,LQ,241,1376,3,Feoden,No,Tap,322620,103.0,,,,,,,,,Natural,18,,No,,,https://youtu.be/jcpJOg5JlVg?t=4728
2020,LQ,241,1377,4,TegaMech,No,DAS,756473,185.0,,,562133.0,133.0,,,,,Natural,18,,No,194340.0,,https://youtu.be/jcpJOg5JlVg?t=5363
2020,LQ,241,1378,4,Feoden,Yes,Tap,1003040,227.0,853600.0,197.0,578800.0,130.0,,,,,Natural,18,,No,424240.0,,https://youtu.be/jcpJOg5JlVg?t=5363
2020,LQ,241,1379,5,TegaMech,Yes,DAS,245899,73.0,245899.0,73.0,,,,,,,Intentional,18,,No,,,https://youtu.be/jcpJOg5JlVg?t=5969
2020,LQ,241,1380,5,Feoden,No,Tap,241300,56.0,,,,,,,,,Natural,18,,No,,,https://youtu.be/jcpJOg5JlVg?t=5969
2020,LQ,242,1381,1,B14NK,No,Tap,659380,220.0,,,355340.0,130.0,,,,,Natural,18,,No,304040.0,,https://youtu.be/8v3DZ3JgczU?t=31
2020,LQ,242,1382,1,Jonas,Yes,DAS,706660,181.0,706660.0,181.0,560180.0,133.0,,,,,Natural,18,,No,146480.0,,https://youtu.be/8v3DZ3JgczU?t=31
2020,LQ,242,1383,2,B14NK,No,Tap,391500,152.0,,,351560.0,131.0,,,,,Natural,18,,No,39940.0,,https://youtu.be/8v3DZ3JgczU?t=623
2020,LQ,242,1384,2,Jonas,Yes,DAS,463160,158.0,463160.0,158.0,367500.0,130.0,,,,,Intentional,18,,No,95660.0,,https://youtu.be/8v3DZ3JgczU?t=623
2020,LQ,242,1385,3,B14NK,No,Tap,537860,181.0,,,348180.0,130.0,,,,,Natural,18,,No,189680.0,,https://youtu.be/8v3DZ3JgczU?t=1067
2020,LQ,242,1386,3,Jonas,Yes,DAS,808960,189.0,808960.0,189.0,562460.0,133.0,,,,,Intentional,18,,No,246500.0,,https://youtu.be/8v3DZ3JgczU?t=1067
2020,LQ,243,1387,1,Redshurt,Yes,Tap,163020,55.0,163020.0,55.0,,,,,,,Intentional,18,,No,,,https://youtu.be/8v3DZ3JgczU?t=31
2020,LQ,243,1388,1,TegaMech,No,DAS,121227,48.0,,,,,,,,,Natural,18,,No,,,https://youtu.be/8v3DZ3JgczU?t=31
2020,LQ,243,1389,2,Redshurt,Yes,Tap,728000,208.0,728000.0,208.0,468580.0,130.0,,,,,Natural,18,,No,259420.0,,https://youtu.be/8v3DZ3JgczU?t=227
2020,LQ,243,1390,2,TegaMech,No,DAS,664970,198.0,,,446230.0,133.0,,,,,Natural,18,,No,218740.0,,https://youtu.be/8v3DZ3JgczU?t=227
2020,LQ,243,1391,3,Redshurt,Yes,Tap,140980,29.0,140980.0,29.0,,,,,,,Intentional,18,,No,,,https://youtu.be/8v3DZ3JgczU?t=755
2020,LQ,243,1392,3,TegaMech,No,DAS,102834,26.0,,,,,,,,,Natural,18,,No,,,https://youtu.be/8v3DZ3JgczU?t=755
2020,WF,244,1393,1,EricICX,No,Tap,543240,191.0,,,344000.0,131.0,,,,,Natural,18,,No,199240.0,,https://youtu.be/SPJmQZLpvGI?t=23
2020,WF,244,1394,1,Huffulufugus,Yes,Tap,655600,184.0,655600.0,184.0,457960.0,130.0,,,,,Natural,18,,No,197640.0,,https://youtu.be/SPJmQZLpvGI?t=23
2020,WF,244,1395,2,EricICX,No,Tap,555400,146.0,,,520280.0,130.0,,,,,Natural,18,,No,35120.0,,https://youtu.be/SPJmQZLpvGI?t=543
2020,WF,244,1396,2,Huffulufugus,Yes,Tap,573020,204.0,573020.0,204.0,335980.0,133.0,,,,,Intentional,18,,No,237040.0,,https://youtu.be/SPJmQZLpvGI?t=543
2020,WF,244,1397,3,EricICX,No,Tap,1020000,231.0,,,547260.0,130.0,1020000.0,231.0,,,Natural,18,,No,472740.0,0.0,https://youtu.be/SPJmQZLpvGI?t=1052
2020,WF,244,1398,3,Huffulufugus,Yes,Tap,1066940,231.0,1066940.0,231.0,597420.0,131.0,1066940.0,231.0,,,Natural,18,,No,469520.0,0.0,https://youtu.be/SPJmQZLpvGI?t=1052
2020,LS,245,1399,1,Jonas,Yes,DAS,678980,192.0,678980.0,192.0,562880.0,131.0,,,,,Natural,18,,No,116100.0,,https://youtu.be/SPJmQZLpvGI?t=23
2020,LS,245,1400,1,Redshurt,No,Tap,589240,192.0,,,392600.0,133.0,,,,,Natural,18,,No,196640.0,,https://youtu.be/SPJmQZLpvGI?t=23
2020,LS,245,1401,2,Jonas,Yes,DAS,706480,165.0,706480.0,165.0,605020.0,133.0,,,,,Intentional,18,,No,101460.0,,https://youtu.be/SPJmQZLpvGI?t=543
2020,LS,245,1402,2,Redshurt,No,Tap,592020,158.0,,,501700.0,131.0,,,,,Natural,18,,No,90320.0,,https://youtu.be/SPJmQZLpvGI?t=543
2020,LS,245,1403,3,Jonas,Yes,DAS,436620,120.0,436620.0,120.0,,,,,,,Intentional,18,,No,,,https://youtu.be/SPJmQZLpvGI?t=1052
2020,LS,245,1404,3,Redshurt,No,Tap,415340,117.0,,,,,,,,,Natural,18,,No,,,https://youtu.be/SPJmQZLpvGI?t=1052
2020,LF,246,1405,1,EricICX,No,Tap,750020,171.0,,,508500.0,130.0,,,,,Natural,18,,No,241520.0,,https://youtu.be/uG9TWbSaD_8?t=29
2020,LF,246,1406,1,Jonas,Yes,DAS,761740,180.0,761740.0,180.0,620600.0,132.0,,,,,Intentional,18,,No,141140.0,,https://youtu.be/uG9TWbSaD_8?t=29
2020,LF,246,1407,2,EricICX,No,Tap,619640,150.0,,,562840.0,133.0,,,,,Natural,18,,No,56800.0,,https://youtu.be/uG9TWbSaD_8?t=533
2020,LF,246,1408,2,Jonas,Yes,DAS,623980,165.0,623980.0,165.0,508120.0,133.0,,,,,Intentional,18,,No,115860.0,,https://youtu.be/uG9TWbSaD_8?t=533
2020,LF,246,1409,3,EricICX,Yes,Tap,142909,54.0,142909.0,54.0,,,,,,,Intentional,18,,No,,,https://youtu.be/uG9TWbSaD_8?t=1003
2020,LF,246,1410,3,Jonas,No,DAS,134520,41.0,,,,,,,,,Natural,18,,No,,,https://youtu.be/uG9TWbSaD_8?t=1003
2020,LF,246,1411,4,EricICX,No,Tap,460440,158.0,,,387280.0,132.0,,,,,Natural,18,,No,73160.0,,https://youtu.be/uG9TWbSaD_8?t=1185
2020,LF,246,1412,4,Jonas,Yes,DAS,638840,155.0,638840.0,155.0,549540.0,132.0,,,,,Intentional,18,,No,89300.0,,https://youtu.be/uG9TWbSaD_8?t=1185
2020,GF,247,1413,1,Huffulufugus,Yes,Tap,992200,233.0,992200.0,233.0,487580.0,130.0,992200.0,233.0,,,Natural,18,,No,504620.0,0.0,https://youtu.be/zuMt7BX6_L0?t=84
2020,GF,247,1414,1,Jonas,No,DAS,973820,237.0,,,543500.0,131.0,937820.0,233.0,,,Natural,18,,No,394320.0,36000.0,https://youtu.be/zuMt7BX6_L0?t=84
2020,GF,247,1415,2,Huffulufugus,Yes,Tap,997660,231.0,997660.0,231.0,505080.0,132.0,997660.0,231.0,,,Natural,18,,No,492580.0,0.0,https://youtu.be/zuMt7BX6_L0?t=711
2020,GF,247,1416,2,Jonas,No,DAS,946400,227.0,,,540040.0,133.0,,,,,Natural,18,,No,406360.0,,https://youtu.be/zuMt7BX6_L0?t=711
2020,GF,247,1417,3,Huffulufugus,No,Tap,316540,97.0,,,,,,,,,Natural,18,,No,,,https://youtu.be/zuMt7BX6_L0?t=1314
2020,GF,247,1418,3,Jonas,Yes,DAS,480700,106.0,480700.0,106.0,,,,,,,Intentional,18,,No,,,https://youtu.be/zuMt7BX6_L0?t=1314
2020,GF,247,1419,4,Huffulufugus,Yes,Tap,541380,147.0,541380.0,147.0,501660.0,130.0,,,,,Intentional,18,,No,39720.0,,https://youtu.be/zuMt7BX6_L0?t=1642
2020,GF,247,1420,4,Jonas,No,DAS,524080,130.0,,,524080.0,130.0,,,,,Natural,18,,No,0.0,,https://youtu.be/zuMt7BX6_L0?t=1642
2020,WQ,248,1421,1,Sam Finch,Yes,Tap,1007487,238.0,812407.0,204.0,578507.0,132.0,1001487.0,233.0,,,Natural,18,,No,422980.0,6000.0,https://youtu.be/AF8lZwf8VKQ?t=30
2020,WQ,248,1422,1,smoljordan,No,DAS,563880,175.0,,,466740.0,130.0,,,,,Natural,18,,No,97140.0,,https://youtu.be/AF8lZwf8VKQ?t=30
2020,WQ,248,1423,2,Sam Finch,Yes,Tap,350353,86.0,350353.0,86.0,,,,,,,Intentional,18,,No,,,https://youtu.be/AF8lZwf8VKQ?t=610
2020,WQ,248,1424,2,smoljordan,No,DAS,263720,81.0,,,,,,,,,Natural,18,,No,,,https://youtu.be/AF8lZwf8VKQ?t=610
2020,WQ,248,1425,3,Sam Finch,Yes,Tap,611942,157.0,611942.0,157.0,523442.0,130.0,,,,,Natural,18,,No,88500.0,,https://youtu.be/AF8lZwf8VKQ?t=930
2020,WQ,248,1426,3,smoljordan,No,DAS,446260,131.0,,,445460.0,130.0,,,,,Natural,18,,No,800.0,,https://youtu.be/AF8lZwf8VKQ?t=930
2020,WQ,249,1427,1,SaltedSofa,Yes,DAS,186960,116.0,186960.0,116.0,,,,,,,Intentional,18,,No,,,https://youtu.be/AF8lZwf8VKQ?t=30
2020,WQ,249,1428,1,TetrisTime,No,Tap,166820,37.0,,,,,,,,,Natural,18,,No,,,https://youtu.be/AF8lZwf8VKQ?t=30
2020,WQ,249,1429,2,SaltedSofa,Yes,DAS,624760,166.0,624760.0,166.0,537380.0,130.0,,,,,Intentional,18,,No,87380.0,,https://youtu.be/AF8lZwf8VKQ?t=376
2020,WQ,249,1430,2,TetrisTime,No,Tap,450940,135.0,,,446540.0,130.0,,,,,Natural,18,,No,4400.0,,https://youtu.be/AF8lZwf8VKQ?t=376
2020,WQ,249,1431,3,SaltedSofa,No,DAS,502780,163.0,,,423420.0,131.0,,,,,Natural,18,,No,79360.0,,https://youtu.be/AF8lZwf8VKQ?t=850
2020,WQ,249,1432,3,TetrisTime,Yes,Tap,518200,190.0,518200.0,190.0,408180.0,133.0,,,,,Intentional,18,,No,110020.0,,https://youtu.be/AF8lZwf8VKQ?t=850
2020,WQ,249,1433,4,SaltedSofa,No,DAS,528065,186.0,,,375505.0,132.0,,,,,Natural,18,,No,152560.0,,https://youtu.be/AF8lZwf8VKQ?t=1392
2020,WQ,249,1434,4,TetrisTime,Yes,Tap,782140,234.0,642660.0,197.0,453020.0,132.0,746140.0,230.0,,,Natural,18,,No,293120.0,36000.0,https://youtu.be/AF8lZwf8VKQ?t=1392
2020,WQ,249,1435,5,SaltedSofa,Yes,DAS,724620,233.0,724620.0,233.0,373960.0,130.0,724620.0,233.0,,,Natural,18,,No,350660.0,0.0,https://youtu.be/AF8lZwf8VKQ?t=2078
2020,WQ,249,1436,5,TetrisTime,No,Tap,661400,234.0,,,305240.0,130.0,658400.0,232.0,,,Natural,18,,No,353160.0,3000.0,https://youtu.be/AF8lZwf8VKQ?t=2078
2020,WS,250,1437,1,Sam Finch,Yes,Tap,746787,232.0,682227.0,209.0,331607.0,130.0,746787.0,232.0,,,Intentional,18,,No,415180.0,0.0,https://youtu.be/AF8lZwf8VKQ?t=2812
2020,WS,250,1438,1,SaltedSofa,No,DAS,501213,183.0,,,372473.0,131.0,,,,,Natural,18,,No,128740.0,,https://youtu.be/AF8lZwf8VKQ?t=2812
2020,WS,250,1439,2,Sam Finch,Yes,Tap,278791,72.0,278791.0,72.0,,,,,,,Intentional,18,,No,,,https://youtu.be/AF8lZwf8VKQ?t=3366
2020,WS,250,1440,2,SaltedSofa,No,DAS,79040,25.0,,,,,,,,,Natural,18,,No,,,https://youtu.be/AF8lZwf8VKQ?t=3366
2020,WS,250,1441,3,Sam Finch,Yes,Tap,296624,71.0,296624.0,71.0,,,,,,,Intentional,18,,No,,,https://youtu.be/AF8lZwf8VKQ?t=3621
2020,WS,250,1442,3,SaltedSofa,No,DAS,129960,59.0,,,,,,,,,Natural,18,,No,,,https://youtu.be/AF8lZwf8VKQ?t=3621
2020,LQ,251,1443,1,smoljordan,Yes,DAS,98800,25.0,98800.0,25.0,,,,,,,Intentional,18,,No,,,https://youtu.be/AF8lZwf8VKQ?t=2713
2020,LQ,251,1444,1,TetrisTime,No,Tap,35340,16.0,,,,,,,,,Natural,18,,No,,,https://youtu.be/AF8lZwf8VKQ?t=2713
2020,LQ,251,1445,2,smoljordan,No,DAS,52440,16.0,,,,,,,,,Natural,18,,No,,,https://youtu.be/AF8lZwf8VKQ?t=2812
2020,LQ,251,1446,2,TetrisTime,Yes,Tap,101840,29.0,101840.0,29.0,,,,,,,Intentional,18,,No,,,https://youtu.be/AF8lZwf8VKQ?t=2812
2020,LQ,251,1447,3,smoljordan,Yes,DAS,717700,232.0,,,392220.0,133.0,715300.0,230.0,,,Natural,18,,No,323080.0,2400.0,https://youtu.be/AF8lZwf8VKQ?t=3621
2020,LQ,251,1448,3,TetrisTime,No,Tap,619360,223.0,,,323060.0,131.0,,,,,Natural,18,,No,296300.0,,https://youtu.be/AF8lZwf8VKQ?t=3621
2020,LQ,251,1449,4,smoljordan,No,DAS,381520,123.0,,,,,,,,,Natural,18,,No,,,https://youtu.be/AF8lZwf8VKQ?t=4407
2020,LQ,251,1450,4,TetrisTime,Yes,Tap,548580,137.0,520980.0,129.0,544980.0,133.0,,,,,Aggressive,18,,No,3600.0,,https://youtu.be/AF8lZwf8VKQ?t=4407
2020,LQ,251,1451,5,smoljordan,No,DAS,458460,154.0,,,433240.0,130.0,,,,,Natural,18,,No,25220.0,,https://youtu.be/AF8lZwf8VKQ?t=4828
2020,LQ,251,1452,5,TetrisTime,Yes,Tap,633280,173.0,601600.0,166.0,504320.0,133.0,,,,,Intentional,18,,No,128960.0,,https://youtu.be/AF8lZwf8VKQ?t=4828
2020,WQ,252,1453,1,BV_09,Yes,Tap,746186,196.0,746186.0,196.0,506606.0,130.0,,,,,Intentional,18,,No,239580.0,,https://youtu.be/0eP1H6oEnbw?t=23
2020,WQ,252,1454,1,Phamtom,No,Tap,663040,183.0,,,444280.0,130.0,,,,,Natural,18,,No,218760.0,,https://youtu.be/0eP1H6oEnbw?t=23
2020,WQ,252,1455,2,BV_09,No,Tap,604223,181.0,,,505483.0,133.0,,,,,Natural,18,,No,98740.0,,https://youtu.be/0eP1H6oEnbw?t=791
2020,WQ,252,1456,2,Phamtom,Yes,Tap,693840,192.0,693840.0,192.0,524080.0,133.0,,,,,Intentional,18,,No,169760.0,,https://youtu.be/0eP1H6oEnbw?t=791
2020,WQ,252,1457,3,BV_09,Yes,Tap,109440,34.0,109440.0,34.0,,,,,,,Intentional,18,,No,,,https://youtu.be/0eP1H6oEnbw?t=1300
2020,WQ,252,1458,3,Phamtom,No,Tap,45600,27.0,,,,,,,,,Natural,18,,No,,,https://youtu.be/0eP1H6oEnbw?t=1300
2020,WQ,252,1459,4,BV_09,No,Tap,83980,30.0,,,,,,,,,Natural,18,,No,,,https://youtu.be/0eP1H6oEnbw?t=1463
2020,WQ,252,1460,4,Phamtom,Yes,Tap,166820,37.0,166820.0,37.0,,,,,,,Intentional,18,,No,,,https://youtu.be/0eP1H6oEnbw?t=1463
2020,WQ,252,1461,5,BV_09,Yes,Tap,831740,221.0,831740.0,221.0,476580.0,132.0,,,,,Natural,18,,No,355160.0,,https://youtu.be/0eP1H6oEnbw?t=1707
2020,WQ,252,1462,5,Phamtom,No,Tap,805880,230.0,,,459480.0,132.0,805880.0,230.0,,,Natural,18,,No,346400.0,0.0,https://youtu.be/0eP1H6oEnbw?t=1707
2020,WQ,253,1463,1,MylesTheGreat,Yes,Tap,607180,195.0,607180.0,195.0,451120.0,132.0,,,,,Intentional,18,,No,156060.0,,https://youtu.be/0eP1H6oEnbw?t=23
2020,WQ,253,1464,1,AnfonyHoe,No,Tap,603863,150.0,,,544723.0,131.0,,,,,Natural,18,,No,59140.0,,https://youtu.be/0eP1H6oEnbw?t=23
2020,WQ,253,1465,2,MylesTheGreat,Yes,Tap,641620,161.0,641620.0,161.0,537800.0,131.0,,,,,Intentional,18,,No,103820.0,,https://youtu.be/0eP1H6oEnbw?t=535
2020,WQ,253,1466,2,AnfonyHoe,No,Tap,538315,159.0,,,447255.0,132.0,,,,,Natural,18,,No,91060.0,,https://youtu.be/0eP1H6oEnbw?t=535
2020,WQ,253,1467,3,MylesTheGreat,No,Tap,576820,164.0,,,433640.0,131.0,,,,,Natural,18,,No,143180.0,,https://youtu.be/0eP1H6oEnbw?t=976
2020,WQ,253,1468,3,AnfonyHoe,Yes,Tap,712884,190.0,712884.0,190.0,525064.0,131.0,,,,,Intentional,18,,No,187820.0,,https://youtu.be/0eP1H6oEnbw?t=976
2020,WQ,253,1469,4,MylesTheGreat,Yes,Tap,186580,58.0,186580.0,58.0,,,,,,,Intentional,18,,No,,,https://youtu.be/0eP1H6oEnbw?t=1463
2020,WQ,253,1470,4,AnfonyHoe,No,Tap,158343,50.0,,,,,,,,,Natural,18,,No,,,https://youtu.be/0eP1H6oEnbw?t=1463
2020,WS,254,1471,1,BV_09,No,Tap,694468,187.0,,,446568.0,130.0,,,,,Natural,18,,No,247900.0,,https://youtu.be/0eP1H6oEnbw?t=2302
2020,WS,254,1472,1,MylesTheGreat,Yes,Tap,757960,192.0,757960.0,192.0,509260.0,133.0,,,,,Natural,18,,No,248700.0,,https://youtu.be/0eP1H6oEnbw?t=2302
2020,WS,254,1473,2,BV_09,Yes,Tap,969080,227.0,894340.0,214.0,524500.0,130.0,,,,,Intentional,18,,No,444580.0,,https://youtu.be/0eP1H6oEnbw?t=2815
2020,WS,254,1474,2,MylesTheGreat,No,Tap,775340,190.0,,,579180.0,133.0,,,,,Natural,18,,No,196160.0,,https://youtu.be/0eP1H6oEnbw?t=2815
2020,WS,254,1475,3,BV_09,Yes,Tap,653510,173.0,653510.0,173.0,468230.0,132.0,,,,,Intentional,18,,No,185280.0,,https://youtu.be/0eP1H6oEnbw?t=3380
2020,WS,254,1476,3,MylesTheGreat,No,Tap,497880,142.0,,,446560.0,130.0,,,,,Natural,18,,No,51320.0,,https://youtu.be/0eP1H6oEnbw?t=3380
2020,WS,254,1477,4,BV_09,Yes,Tap,872640,236.0,830040.0,227.0,483040.0,131.0,866040.0,231.0,,,Natural,18,,No,383000.0,6600.0,https://youtu.be/0eP1H6oEnbw?t=3822
2020,WS,254,1478,4,MylesTheGreat,No,Tap,680720,216.0,,,408420.0,132.0,,,,,Natural,18,,No,272300.0,,https://youtu.be/0eP1H6oEnbw?t=3822
2020,LQ,255,1479,1,Phamtom,Yes,Tap,240920,71.0,240920.0,71.0,,,,,,,Intentional,18,,No,,,https://youtu.be/0eP1H6oEnbw?t=2302
2020,LQ,255,1480,1,AnfonyHoe,No,Tap,213092,65.0,,,,,,,,,Natural,18,,No,,,https://youtu.be/0eP1H6oEnbw?t=2302
2020,LQ,255,1481,2,Phamtom,No,Tap,751100,233.0,,,528640.0,133.0,748100.0,231.0,,,Natural,18,,No,219460.0,3000.0,https://youtu.be/0eP1H6oEnbw?t=2537
2020,LQ,255,1482,2,AnfonyHoe,Yes,Tap,797051,230.0,797051.0,230.0,453191.0,133.0,797051.0,230.0,,,Natural,18,,No,343860.0,0.0,https://youtu.be/0eP1H6oEnbw?t=2537
2020,LQ,255,1483,3,Phamtom,No,Tap,266760,79.0,,,,,,,,,Natural,18,,No,,,https://youtu.be/0eP1H6oEnbw?t=3117
2020,LQ,255,1484,3,AnfonyHoe,Yes,Tap,281630,99.0,281630.0,99.0,,,,,,,Intentional,18,,No,,,https://youtu.be/0eP1H6oEnbw?t=3117
2020,LQ,255,1485,4,Phamtom,Yes,Tap,622340,182.0,589580.0,174.0,445460.0,131.0,,,,,Natural,18,,No,176880.0,,https://youtu.be/0eP1H6oEnbw?t=3401
2020,LQ,255,1486,4,AnfonyHoe,No,Tap,576308,169.0,,,469268.0,130.0,,,,,Natural,18,,No,107040.0,,https://youtu.be/0eP1H6oEnbw?t=3401
2020,LQ,255,1487,5,Phamtom,Yes,Tap,590060,171.0,590060.0,171.0,453780.0,132.0,,,,,Intentional,18,,No,136280.0,,https://youtu.be/0eP1H6oEnbw?t=3904
2020,LQ,255,1488,5,AnfonyHoe,No,Tap,458409,167.0,,,427989.0,132.0,,,,,Natural,18,,No,30420.0,,https://youtu.be/0eP1H6oEnbw?t=3904
2020,LQ,256,1489,1,MylesTheGreat,Yes,Tap,281580,82.0,281580.0,82.0,,,,,,,Intentional,18,,No,,,https://youtu.be/I6x-U_KiiiY?t=24
2020,LQ,256,1490,1,TetrisTime,No,Tap,219640,73.0,,,,,,,,,Natural,18,,No,,,https://youtu.be/I6x-U_KiiiY?t=24
2020,LQ,256,1491,2,MylesTheGreat,Yes,Tap,533700,165.0,533700.0,165.0,451120.0,131.0,,,,,Intentional,18,,No,82580.0,,https://youtu.be/I6x-U_KiiiY?t=311
2020,LQ,256,1492,2,TetrisTime,No,Tap,458260,155.0,,,387640.0,130.0,,,,,Natural,18,,No,70620.0,,https://youtu.be/I6x-U_KiiiY?t=311
2020,LQ,256,1493,3,MylesTheGreat,Yes,Tap,697280,173.0,697280.0,173.0,561740.0,130.0,,,,,Intentional,18,,No,135540.0,,https://youtu.be/I6x-U_KiiiY?t=781
2020,LQ,256,1494,3,TetrisTime,No,Tap,408500,164.0,,,301440.0,130.0,,,,,Natural,18,,No,107060.0,,https://youtu.be/I6x-U_KiiiY?t=781
2020,LQ,257,1495,1,SaltedSofa,Yes,DAS,772420,231.0,772420.0,231.0,505080.0,132.0,772420.0,231.0,,,Intentional,18,,No,267340.0,0.0,https://youtu.be/I6x-U_KiiiY?t=24
2020,LQ,257,1496,1,Phamtom,No,Tap,767140,227.0,,,424520.0,131.0,,,,,Natural,18,,No,342620.0,,https://youtu.be/I6x-U_KiiiY?t=24
2020,LQ,257,1497,2,SaltedSofa,No,DAS,576100,170.0,,,529780.0,132.0,,,,,Natural,18,,No,46320.0,,https://youtu.be/I6x-U_KiiiY?t=649
2020,LQ,257,1498,2,Phamtom,Yes,Tap,584040,194.0,584040.0,194.0,410060.0,130.0,,,,,Intentional,18,,No,173980.0,,https://youtu.be/I6x-U_KiiiY?t=649
2020,LQ,257,1499,3,SaltedSofa,No,DAS,190760,43.0,,,,,,,,,Natural,18,,No,,,https://youtu.be/I6x-U_KiiiY?t=1164
2020,LQ,257,1500,3,Phamtom,Yes,Tap,204060,89.0,204060.0,89.0,,,,,,,Intentional,18,,No,,,https://youtu.be/I6x-U_KiiiY?t=1164
2020,LQ,257,1501,4,SaltedSofa,Yes,DAS,489700,199.0,489700.0,199.0,272140.0,133.0,,,,,Intentional,18,,No,217560.0,,https://youtu.be/I6x-U_KiiiY?t=1444
2020,LQ,257,1502,4,Phamtom,No,Tap,474800,145.0,,,462560.0,131.0,,,,,Natural,18,,No,12240.0,,https://youtu.be/I6x-U_KiiiY?t=1444
2020,LQ,257,1503,5,SaltedSofa,Yes,DAS,600166,146.0,600166.0,146.0,537766.0,131.0,,,,,Intentional,18,,No,62400.0,,https://youtu.be/I6x-U_KiiiY?t=1971
2020,LQ,257,1504,5,Phamtom,No,Tap,480020,131.0,,,479220.0,130.0,,,,,Natural,18,,No,800.0,,https://youtu.be/I6x-U_KiiiY?t=1971
2020,WF,258,1505,1,Sam Finch,No,Tap,806492,201.0,,,544548.0,133.0,,,,,Natural,18,,No,261944.0,,https://youtu.be/orxQGhqZKKI?t=22
2020,WF,258,1506,1,BV_09,Yes,Tap,835480,220.0,835480.0,220.0,487840.0,132.0,,,,,Intentional,18,,No,347640.0,,https://youtu.be/orxQGhqZKKI?t=22
2020,WF,258,1507,2,Sam Finch,Yes,Tap,314831,90.0,314831.0,90.0,,,,,,,Intentional,18,,No,,,https://youtu.be/orxQGhqZKKI?t=586
2020,WF,258,1508,2,BV_09,No,Tap,196840,69.0,,,,,,,,,Natural,18,,No,,,https://youtu.be/orxQGhqZKKI?t=586
2020,WF,258,1509,3,Sam Finch,Yes,Tap,559610,170.0,559610.0,170.0,482390.0,133.0,,,,,Intentional,18,,No,77220.0,,https://youtu.be/orxQGhqZKKI?t=851
2020,WF,258,1510,3,BV_09,No,Tap,431240,137.0,,,425640.0,130.0,,,,,Natural,18,,No,5600.0,,https://youtu.be/orxQGhqZKKI?t=851
2020,WF,258,1511,4,Sam Finch,No,Tap,850264,233.0,,,539384.0,132.0,846664.0,230.0,,,Natural,18,,No,307280.0,3600.0,https://youtu.be/orxQGhqZKKI?t=1288
2020,WF,258,1512,4,BV_09,Yes,Tap,1032360,233.0,926760.0,221.0,595940.0,131.0,1032360.0,233.0,,,Natural,18,,No,436420.0,0.0,https://youtu.be/orxQGhqZKKI?t=1288
2020,WF,258,1513,5,Sam Finch,Yes,Tap,868581,224.0,860541.0,217.0,442601.0,130.0,,,,,Natural,18,,No,425980.0,,https://youtu.be/orxQGhqZKKI?t=1897
2020,WF,258,1514,5,BV_09,No,Tap,700950,183.0,,,503930.0,130.0,,,,,Natural,18,,No,197020.0,,https://youtu.be/orxQGhqZKKI?t=1897
2020,LS,259,1515,1,SaltedSofa,No,DAS,409340,147.0,,,351540.0,130.0,,,,,Natural,18,,No,57800.0,,https://youtu.be/orxQGhqZKKI?t=22
2020,LS,259,1516,1,MylesTheGreat,Yes,Tap,607000,151.0,607000.0,151.0,524460.0,133.0,,,,,Intentional,18,,No,82540.0,,https://youtu.be/orxQGhqZKKI?t=22
2020,LS,259,1517,2,SaltedSofa,No,DAS,677960,184.0,,,462180.0,130.0,,,,,Natural,18,,No,215780.0,,https://youtu.be/orxQGhqZKKI?t=458
2020,LS,259,1518,2,MylesTheGreat,Yes,Tap,681105,205.0,681105.0,205.0,462185.0,130.0,,,,,Intentional,18,,No,218920.0,,https://youtu.be/orxQGhqZKKI?t=458
2020,LS,259,1519,3,SaltedSofa,No,DAS,572518,198.0,,,383218.0,133.0,,,,,Natural,18,,No,189300.0,,https://youtu.be/orxQGhqZKKI?t=1001
2020,LS,259,1520,3,MylesTheGreat,Yes,Tap,865300,217.0,829460.0,211.0,578420.0,131.0,,,,,Aggressive,18,,No,286880.0,,https://youtu.be/orxQGhqZKKI?t=1001
2020,LF,260,1521,1,BV_09,Yes,Tap,581980,180.0,581980.0,180.0,460660.0,131.0,,,,,Intentional,18,,No,121320.0,,https://youtu.be/7HI3MDgN2vg?t=31
2020,LF,260,1522,1,MylesTheGreat,No,Tap,518500,162.0,,,421100.0,132.0,,,,,Natural,18,,No,97400.0,,https://youtu.be/7HI3MDgN2vg?t=31
2020,LF,260,1523,2,BV_09,Yes,Tap,717100,198.0,717100.0,198.0,459520.0,131.0,,,,,Intentional,18,,No,257580.0,,https://youtu.be/7HI3MDgN2vg?t=510
2020,LF,260,1524,2,MylesTheGreat,No,Tap,686880,160.0,,,615320.0,131.0,,,,,Natural,18,,No,71560.0,,https://youtu.be/7HI3MDgN2vg?t=510
2020,LF,260,1525,3,BV_09,Yes,Tap,558740,175.0,558740.0,175.0,461360.0,130.0,,,,,Natural,18,,No,97380.0,,https://youtu.be/7HI3MDgN2vg?t=1017
2020,LF,260,1526,3,MylesTheGreat,No,Tap,520080,177.0,,,428700.0,130.0,,,,,Natural,18,,No,91380.0,,https://youtu.be/7HI3MDgN2vg?t=1017
2020,GF,261,1527,1,Sam Finch,Yes,Tap,1071500,238.0,949440.0,217.0,536014.0,130.0,1064900.0,233.0,,,Natural,18,,No,528886.0,6600.0,https://youtu.be/1mv7G8e8eCQ?t=29
2020,GF,261,1528,1,BV_09,No,Tap,596700,184.0,,,385380.0,130.0,,,,,Natural,18,,No,211320.0,,https://youtu.be/1mv7G8e8eCQ?t=29
2020,GF,261,1529,2,Sam Finch,Yes,Tap,859144,193.0,759164.0,173.0,581062.0,131.0,,,,,Intentional,18,,No,278082.0,,https://youtu.be/1mv7G8e8eCQ?t=627
2020,GF,261,1530,2,BV_09,No,Tap,488420,150.0,,,407040.0,130.0,,,,,Natural,18,,No,81380.0,,https://youtu.be/1mv7G8e8eCQ?t=627
2020,GF,261,1531,3,Sam Finch,Yes,Tap,1119040,231.0,1119040.0,231.0,579500.0,133.0,1119040.0,231.0,,,Natural,18,,No,539540.0,0.0,https://youtu.be/1mv7G8e8eCQ?t=1098
2020,GF,261,1532,3,BV_09,No,Tap,830140,205.0,,,545740.0,133.0,,,,,Natural,18,,No,284400.0,,https://youtu.be/1mv7G8e8eCQ?t=1098
2020,WQ,262,1533,1,Tristop,Yes,Tap,644160,184.0,644160.0,184.0,471300.0,130.0,,,,,Natural,18,,No,172860.0,,https://youtu.be/uz3PGuZGoxE?t=31
2020,WQ,262,1534,1,HydrantDude,No,Tap,543720,179.0,,,471640.0,133.0,,,,,Natural,18,,No,72080.0,,https://youtu.be/uz3PGuZGoxE?t=31
2020,WQ,262,1535,2,Tristop,No,Tap,749280,172.0,,,594040.0,130.0,,,,,Natural,18,,No,155240.0,,https://youtu.be/uz3PGuZGoxE?t=572
2020,WQ,262,1536,2,HydrantDude,Yes,Tap,758060,211.0,758060.0,211.0,484160.0,130.0,,,,,Intentional,18,,No,273900.0,,https://youtu.be/uz3PGuZGoxE?t=572
2020,WQ,262,1537,3,Tristop,Yes,Tap,265624,63.0,265624.0,63.0,,,,,,,Intentional,18,,No,,,https://youtu.be/uz3PGuZGoxE?t=1162
2020,WQ,262,1538,3,HydrantDude,No,Tap,201780,55.0,,,,,,,,,Natural,18,,No,,,https://youtu.be/uz3PGuZGoxE?t=1162
2020,WQ,262,1539,4,Tristop,No,Tap,699300,188.0,,,522560.0,131.0,,,,,Natural,18,,No,176740.0,,https://youtu.be/uz3PGuZGoxE?t=1370
2020,WQ,262,1540,4,HydrantDude,Yes,Tap,888666,196.0,888666.0,196.0,617946.0,132.0,,,,,Intentional,18,,No,270720.0,,https://youtu.be/uz3PGuZGoxE?t=1370
2020,WQ,262,1541,5,Tristop,Yes,Tap,976240,231.0,976240.0,231.0,524080.0,133.0,975040.0,230.0,,,Natural,18,,No,450960.0,1200.0,https://youtu.be/uz3PGuZGoxE?t=1877
2020,WQ,262,1542,5,HydrantDude,No,Tap,916900,232.0,,,488780.0,130.0,916900.0,232.0,,,Natural,18,,No,428120.0,0.0,https://youtu.be/uz3PGuZGoxE?t=1877
2020,WQ,263,1543,1,IanKanetsu,Yes,Tap,595820,179.0,595820.0,179.0,448820.0,130.0,,,,,Intentional,18,,No,147000.0,,https://youtu.be/uz3PGuZGoxE?t=31
2020,WQ,263,1544,1,Alex Kerr,No,DAS,498720,170.0,,,440480.0,131.0,,,,,Natural,18,,No,58240.0,,https://youtu.be/uz3PGuZGoxE?t=31
2020,WQ,263,1545,2,IanKanetsu,Yes,Tap,902100,220.0,902100.0,220.0,507720.0,130.0,,,,,Natural,18,,No,394380.0,,https://youtu.be/uz3PGuZGoxE?t=572
2020,WQ,263,1546,2,Alex Kerr,No,DAS,748180,208.0,,,486060.0,130.0,,,,,Natural,18,,No,262120.0,,https://youtu.be/uz3PGuZGoxE?t=572
2020,WQ,263,1547,3,IanKanetsu,No,Tap,595402,181.0,,,388422.0,131.0,,,,,Natural,18,,No,206980.0,,https://youtu.be/uz3PGuZGoxE?t=1256
2020,WQ,263,1548,3,Alex Kerr,Yes,DAS,602189,173.0,602189.0,173.0,427989.0,130.0,,,,,Intentional,18,,No,174200.0,,https://youtu.be/uz3PGuZGoxE?t=1256
2020,WQ,263,1549,4,IanKanetsu,Yes,Tap,598368,131.0,598368.0,131.0,598368.0,131.0,,,,,Intentional,18,,No,0.0,,https://youtu.be/uz3PGuZGoxE?t=1750
2020,WQ,263,1550,4,Alex Kerr,No,DAS,379259,123.0,,,,,,,,,Natural,18,,No,,,https://youtu.be/uz3PGuZGoxE?t=1750
2020,WS,264,1551,1,Tristop,Yes,Tap,123132,31.0,123132.0,31.0,,,,,,,Intentional,18,,No,,,https://youtu.be/uz3PGuZGoxE?t=2518
2020,WS,264,1552,1,IanKanetsu,No,DAS,78280,25.0,,,,,,,,,Natural,18,,No,,,https://youtu.be/uz3PGuZGoxE?t=2518
2020,WS,264,1553,2,Tristop,Yes,Tap,549680,136.0,549680.0,136.0,546880.0,133.0,,,,,Intentional,18,,No,2800.0,,https://youtu.be/uz3PGuZGoxE?t=2657
2020,WS,264,1554,2,IanKanetsu,No,DAS,486040,134.0,,,483240.0,131.0,,,,,Natural,18,,No,2800.0,,https://youtu.be/uz3PGuZGoxE?t=2657
2020,WS,264,1555,3,Tristop,Yes,Tap,532760,124.0,532760.0,124.0,,,,,,,Intentional,18,,No,,,https://youtu.be/uz3PGuZGoxE?t=3063
2020,WS,264,1556,3,IanKanetsu,No,DAS,445860,110.0,,,,,,,,,Natural,18,,No,,,https://youtu.be/uz3PGuZGoxE?t=3063
2020,LQ,265,1557,1,HydrantDude,Yes,Tap,362140,101.0,362140.0,101.0,,,,,,,Intentional,18,,No,,,https://youtu.be/uz3PGuZGoxE?t=2492
2020,LQ,265,1558,1,Alex Kerr,No,DAS,314260,90.0,,,,,,,,,Natural,18,,No,,,https://youtu.be/uz3PGuZGoxE?t=2492
2020,LQ,265,1559,2,HydrantDude,Yes,Tap,297160,71.0,297160.0,71.0,,,,,,,Intentional,18,,No,,,https://youtu.be/uz3PGuZGoxE?t=2839
2020,LQ,265,1560,2,Alex Kerr,No,DAS,226100,62.0,,,,,,,,,Natural,18,,No,,,https://youtu.be/uz3PGuZGoxE?t=2839
2020,LQ,265,1561,3,HydrantDude,Yes,Tap,586740,176.0,586740.0,176.0,487600.0,133.0,,,,,Intentional,18,,No,99140.0,,https://youtu.be/uz3PGuZGoxE?t=3086
2020,LQ,265,1562,3,Alex Kerr,No,DAS,471080,166.0,,,394540.0,131.0,,,,,Natural,18,,No,76540.0,,https://youtu.be/uz3PGuZGoxE?t=3086
2020,WQ,266,1563,1,brodindamp,Yes,Tap,1044120,232.0,1044120.0,232.0,500500.0,130.0,1042920.0,231.0,,,Natural,18,,No,542420.0,1200.0,https://youtu.be/P0R0p1Du2kI?t=71
2020,WQ,266,1564,1,Greg Cannon,No,Tap,734600,231.0,,,447320.0,133.0,733400.0,230.0,,,Natural,18,,No,286080.0,1200.0,https://youtu.be/P0R0p1Du2kI?t=71
2020,WQ,266,1565,2,brodindamp,Yes,Tap,422561,106.0,422561.0,106.0,,,,,,,Intentional,18,,No,,,https://youtu.be/P0R0p1Du2kI?t=715
2020,WQ,266,1566,2,Greg Cannon,No,Tap,262580,93.0,,,,,,,,,Natural,18,,No,,,https://youtu.be/P0R0p1Du2kI?t=715
2020,WQ,266,1567,3,brodindamp,Yes,Tap,942660,233.0,942660.0,233.0,549520.0,130.0,939660.0,231.0,,,Natural,18,,No,390140.0,3000.0,https://youtu.be/P0R0p1Du2kI?t=1038
2020,WQ,266,1568,3,Greg Cannon,No,Tap,732886,230.0,,,482286.0,130.0,732886.0,230.0,,,Natural,18,,No,250600.0,0.0,https://youtu.be/P0R0p1Du2kI?t=1038
2020,WQ,267,1569,1,Asta,Yes,Tap,583280,168.0,583280.0,168.0,543440.0,130.0,,,,,Natural,18,,No,39840.0,,https://youtu.be/P0R0p1Du2kI?t=37
2020,WQ,267,1570,1,Matt Martin,No,DAS,466389,163.0,,,411909.0,131.0,,,,,Natural,18,,No,54480.0,,https://youtu.be/P0R0p1Du2kI?t=37
2020,WQ,267,1571,2,Asta,No,Tap,7980,6.0,,,,,,,,,Natural,18,,No,,,https://youtu.be/P0R0p1Du2kI?t=506
2020,WQ,267,1572,2,Matt Martin,Yes,DAS,145190,34.0,145190.0,34.0,,,,,,,Intentional,18,,No,,,https://youtu.be/P0R0p1Du2kI?t=506
2020,WQ,267,1573,3,Asta,Yes,Tap,598300,206.0,532460.0,197.0,365980.0,130.0,,,,,Intentional,18,,No,232320.0,,https://youtu.be/P0R0p1Du2kI?t=653
2020,WQ,267,1574,3,Matt Martin,No,DAS,532177,176.0,,,414797.0,133.0,,,,,Natural,18,,No,117380.0,,https://youtu.be/P0R0p1Du2kI?t=653
2020,WQ,267,1575,4,Asta,No,Tap,630440,183.0,,,428320.0,132.0,,,,,Natural,18,,No,202120.0,,https://youtu.be/P0R0p1Du2kI?t=1178
2020,WQ,267,1576,4,Matt Martin,Yes,DAS,736620,186.0,736620.0,186.0,581200.0,131.0,,,,,Natural,18,,No,155420.0,,https://youtu.be/P0R0p1Du2kI?t=1178
2020,WQ,267,1577,5,Asta,Yes,Tap,737140,211.0,737140.0,211.0,487980.0,130.0,,,,,Natural,18,,No,249160.0,,https://youtu.be/P0R0p1Du2kI?t=1685
2020,WQ,267,1578,5,Matt Martin,No,DAS,654121,208.0,,,465321.0,132.0,,,,,Natural,18,,No,188800.0,,https://youtu.be/P0R0p1Du2kI?t=1685
2020,WS,268,1579,1,brodindamp,No,Tap,726380,189.0,,,522920.0,130.0,,,,,Natural,18,,No,203460.0,,https://youtu.be/P0R0p1Du2kI?t=2278
2020,WS,268,1580,1,Asta,Yes,Tap,792840,195.0,792840.0,195.0,542700.0,131.0,,,,,Natural,18,,No,250140.0,,https://youtu.be/P0R0p1Du2kI?t=2278
2020,WS,268,1581,2,brodindamp,No,Tap,253840,67.0,,,,,,,,,Natural,18,,No,,,https://youtu.be/P0R0p1Du2kI?t=2800
2020,WS,268,1582,2,Asta,Yes,Tap,304380,77.0,304380.0,77.0,,,,,,,Intentional,18,,No,,,https://youtu.be/P0R0p1Du2kI?t=2800
2020,WS,268,1583,3,brodindamp,Yes,Tap,1065600,232.0,1065600.0,232.0,543840.0,133.0,1065600.0,232.0,,,Natural,18,,No,521760.0,0.0,https://youtu.be/P0R0p1Du2kI?t=3070
2020,WS,268,1584,3,Asta,No,Tap,923660,225.0,,,477000.0,131.0,,,,,Natural,18,,No,446660.0,,https://youtu.be/P0R0p1Du2kI?t=3070
2020,WS,268,1585,4,brodindamp,Yes,Tap,800220,235.0,775720.0,216.0,524080.0,133.0,793020.0,230.0,,,Natural,18,,No,268940.0,7200.0,https://youtu.be/P0R0p1Du2kI?t=3980
2020,WS,268,1586,4,Asta,No,Tap,749280,203.0,,,429500.0,130.0,,,,,Natural,18,,No,319780.0,,https://youtu.be/P0R0p1Du2kI?t=3980
2020,WS,268,1587,5,brodindamp,Yes,Tap,669500,158.0,669500.0,158.0,598920.0,130.0,,,,,Intentional,18,,No,70580.0,,https://youtu.be/P0R0p1Du2kI?t=4565
2020,WS,268,1588,5,Asta,No,Tap,445400,130.0,,,445400.0,130.0,,,,,Natural,18,,No,0.0,,https://youtu.be/P0R0p1Du2kI?t=4565
2020,LQ,269,1589,1,Greg Cannon,No,Tap,365099,146.0,,,330779.0,131.0,,,,,Natural,18,,No,34320.0,,https://youtu.be/P0R0p1Du2kI?t=2278
2020,LQ,269,1590,1,Matt Martin,Yes,DAS,531299,164.0,531299.0,164.0,430499.0,130.0,,,,,Intentional,18,,No,100800.0,,https://youtu.be/P0R0p1Du2kI?t=2278
2020,LQ,269,1591,2,Greg Cannon,No,Tap,159250,50.0,,,,,,,,,Natural,18,,No,,,https://youtu.be/P0R0p1Du2kI?t=2796
2020,LQ,269,1592,2,Matt Martin,Yes,DAS,271160,64.0,271160.0,64.0,,,,,,,Intentional,18,,No,,,https://youtu.be/P0R0p1Du2kI?t=2796
2020,LQ,269,1593,3,Greg Cannon,Yes,Tap,574580,178.0,574580.0,178.0,445840.0,130.0,,,,,Intentional,18,,No,128740.0,,https://youtu.be/P0R0p1Du2kI?t=3036
2020,LQ,269,1594,3,Matt Martin,No,DAS,551472,169.0,,,468192.0,131.0,,,,,Natural,18,,No,83280.0,,https://youtu.be/P0R0p1Du2kI?t=3036
2020,LQ,269,1595,4,Greg Cannon,No,Tap,448638,133.0,,,445838.0,130.0,,,,,Natural,18,,No,2800.0,,https://youtu.be/P0R0p1Du2kI?t=3513
2020,LQ,269,1596,4,Matt Martin,Yes,DAS,484313,161.0,484313.0,161.0,423013.0,131.0,,,,,Intentional,18,,No,61300.0,,https://youtu.be/P0R0p1Du2kI?t=3513
2020,LQ,270,1597,1,Asta,No,Tap,743580,223.0,,,447700.0,133.0,,,,,Natural,18,,No,295880.0,,https://youtu.be/F4f68_kMZGg?t=53
2020,LQ,270,1598,1,HydrantDude,Yes,Tap,829760,214.0,829760.0,214.0,515320.0,130.0,,,,,Natural,18,,No,314440.0,,https://youtu.be/F4f68_kMZGg?t=53
2020,LQ,270,1599,2,Asta,Yes,Tap,839160,232.0,839160.0,232.0,431020.0,131.0,839160.0,232.0,,,Natural,18,,No,408140.0,0.0,https://youtu.be/F4f68_kMZGg?t=643
2020,LQ,270,1600,2,HydrantDude,No,Tap,821360,229.0,,,480740.0,130.0,,,,,Natural,18,,No,340620.0,,https://youtu.be/F4f68_kMZGg?t=643
2020,LQ,270,1601,3,Asta,Yes,Tap,77900,23.0,77900.0,23.0,,,,,,,Intentional,18,,No,,,https://youtu.be/F4f68_kMZGg?t=1283
2020,LQ,270,1602,3,HydrantDude,No,Tap,51300,15.0,,,,,,,,,Natural,18,,No,,,https://youtu.be/F4f68_kMZGg?t=1283
2020,LQ,270,1603,4,Asta,No,Tap,574780,155.0,,,507740.0,132.0,,,,,Natural,18,,No,67040.0,,https://youtu.be/F4f68_kMZGg?t=1409
2020,LQ,270,1604,4,HydrantDude,Yes,Tap,578500,155.0,578500.0,155.0,530160.0,132.0,,,,,Intentional,18,,No,48340.0,,https://youtu.be/F4f68_kMZGg?t=1409
2020,LQ,270,1605,5,Asta,No,Tap,684520,195.0,,,463280.0,130.0,,,,,Natural,18,,No,221240.0,,https://youtu.be/F4f68_kMZGg?t=1845
2020,LQ,270,1606,5,HydrantDude,Yes,Tap,1002520,232.0,911900.0,210.0,530400.0,131.0,1002520.0,232.0,,,Natural,18,,No,472120.0,0.0,https://youtu.be/F4f68_kMZGg?t=1845
2020,LQ,271,1607,1,IanKanetsu,Yes,Tap,738853,197.0,738853.0,197.0,530333.0,131.0,,,,,Natural,18,,No,208520.0,,https://youtu.be/F4f68_kMZGg?t=26
2020,LQ,271,1608,1,Matt Martin,No,DAS,646527,202.0,,,488267.0,130.0,,,,,Natural,18,,No,158260.0,,https://youtu.be/F4f68_kMZGg?t=26
2020,LQ,271,1609,2,IanKanetsu,Yes,Tap,36488,21.0,36488.0,21.0,,,,,,,Intentional,18,,No,,,https://youtu.be/F4f68_kMZGg?t=579
2020,LQ,271,1610,2,Matt Martin,No,DAS,31219,15.0,,,,,,,,,Natural,18,,No,,,https://youtu.be/F4f68_kMZGg?t=579
2020,LQ,271,1611,3,IanKanetsu,Yes,Tap,931109,226.0,778589.0,194.0,543649.0,130.0,,,,,Natural,18,,No,387460.0,,https://youtu.be/F4f68_kMZGg?t=707
2020,LQ,271,1612,3,Matt Martin,No,DAS,562707,182.0,,,391147.0,130.0,,,,,Natural,18,,No,171560.0,,https://youtu.be/F4f68_kMZGg?t=707
2020,WF,272,1613,1,Tristop,No,Tap,853380,211.0,,,560560.0,133.0,,,,,Natural,18,,No,292820.0,,https://youtu.be/ujgc_xBk1GU?t=32
2020,WF,272,1614,1,brodindamp,Yes,Tap,964120,221.0,964120.0,221.0,558260.0,130.0,,,,,Intentional,18,,No,405860.0,,https://youtu.be/ujgc_xBk1GU?t=32
2020,WF,272,1615,2,Tristop,No,Tap,588160,152.0,,,505840.0,133.0,,,,,Natural,18,,No,82320.0,,https://youtu.be/ujgc_xBk1GU?t=630
2020,WF,272,1616,2,brodindamp,Yes,Tap,636140,170.0,636140.0,170.0,520260.0,130.0,,,,,Intentional,18,,No,115880.0,,https://youtu.be/ujgc_xBk1GU?t=630
2020,WF,272,1617,3,Tristop,No,Tap,466780,132.0,,,465980.0,131.0,,,,,Natural,18,,No,800.0,,https://youtu.be/ujgc_xBk1GU?t=1120
2020,WF,272,1618,3,brodindamp,Yes,Tap,773240,173.0,650280.0,143.0,598180.0,132.0,,,,,Intentional,18,,No,175060.0,,https://youtu.be/ujgc_xBk1GU?t=1120
2020,LS,273,1619,1,HydrantDude,Yes,Tap,287280,110.0,287280.0,110.0,,,,,,,Intentional,18,,No,,,https://youtu.be/ujgc_xBk1GU?t=32
2020,LS,273,1620,1,IanKanetsu,No,Tap,279345,78.0,,,,,,,,,Natural,18,,No,,,https://youtu.be/ujgc_xBk1GU?t=32
2020,LS,273,1621,2,HydrantDude,No,Tap,35720,19.0,,,,,,,,,Natural,18,,No,,,https://youtu.be/ujgc_xBk1GU?t=347
2020,LS,273,1622,2,IanKanetsu,Yes,Tap,83610,26.0,83610.0,26.0,,,,,,,Intentional,18,,No,,,https://youtu.be/ujgc_xBk1GU?t=347
2020,LS,273,1623,3,HydrantDude,Yes,Tap,1023780,246.0,1023780.0,246.0,583360.0,130.0,996220.0,233.0,,,Natural,18,,No,412860.0,27560.0,https://youtu.be/ujgc_xBk1GU?t=488
2020,LS,273,1624,3,IanKanetsu,No,Tap,975221,233.0,,,445541.0,130.0,,,,,Natural,18,,No,,,https://youtu.be/ujgc_xBk1GU?t=488
2020,LS,273,1625,4,HydrantDude,Yes,Tap,388660,132.0,388660.0,132.0,388660.0,132.0,,,,,Intentional,18,,No,0.0,,https://youtu.be/ujgc_xBk1GU?t=1120
2020,LS,273,1626,4,IanKanetsu,No,Tap,383905,103.0,,,,,,,,,Natural,18,,No,,,https://youtu.be/ujgc_xBk1GU?t=1120
2020,LF,274,1627,1,Tristop,No,Tap,722140,196.0,,,527880.0,133.0,,,,,Natural,18,,No,194260.0,,https://youtu.be/obnMYohOzWs?t=29
2020,LF,274,1628,1,HydrantDude,Yes,Tap,783440,214.0,783440.0,214.0,471260.0,133.0,,,,,Intentional,18,,No,312180.0,,https://youtu.be/obnMYohOzWs?t=29
2020,LF,274,1629,2,Tristop,Yes,Tap,1013920,231.0,1013920.0,231.0,507600.0,132.0,1013920.0,231.0,,,Natural,18,,No,506320.0,0.0,https://youtu.be/obnMYohOzWs?t=583
2020,LF,274,1630,2,HydrantDude,No,Tap,992360,238.0,,,502080.0,131.0,985760.0,233.0,,,Natural,18,,No,483680.0,6600.0,https://youtu.be/obnMYohOzWs?t=583
2020,LF,274,1631,3,Tristop,No,Tap,1011400,230.0,,,539280.0,132.0,1011400.0,230.0,,,Natural,18,,No,472120.0,0.0,https://youtu.be/obnMYohOzWs?t=1179
2020,LF,274,1632,3,HydrantDude,Yes,Tap,1032920,229.0,1032920.0,229.0,604260.0,133.0,,,,,Natural,18,,No,428660.0,,https://youtu.be/obnMYohOzWs?t=1179
2020,LF,274,1633,4,Tristop,No,Tap,1004580,225.0,,,563600.0,133.0,,,,,Natural,18,,No,440980.0,,https://youtu.be/obnMYohOzWs?t=1778
2020,LF,274,1634,4,HydrantDude,Yes,Tap,1012940,231.0,1012940.0,231.0,562440.0,130.0,1012940.0,231.0,,,Natural,18,,No,450500.0,0.0,https://youtu.be/obnMYohOzWs?t=1778
2020,GF,275,1635,1,brodindamp,No,Tap,619860,173.0,,,485300.0,130.0,,,,,Natural,18,,No,134560.0,,https://youtu.be/YC15zZC04eE?t=31
2020,GF,275,1636,1,HydrantDude,Yes,Tap,1012280,235.0,801960.0,189.0,544220.0,133.0,1000880.0,230.0,,,Natural,18,,No,456660.0,11400.0,https://youtu.be/YC15zZC04eE?t=31
2020,GF,275,1637,2,brodindamp,Yes,Tap,1048680,244.0,1048680.0,244.0,541560.0,132.0,1028640.0,230.0,,,Natural,18,,No,487080.0,20040.0,https://youtu.be/YC15zZC04eE?t=651
2020,GF,275,1638,2,HydrantDude,No,Tap,900660,230.0,,,543060.0,130.0,900660.0,230.0,,,Natural,18,,No,357600.0,0.0,https://youtu.be/YC15zZC04eE?t=651
2020,GF,275,1639,3,brodindamp,Yes,Tap,734040,166.0,734040.0,166.0,567020.0,130.0,,,,,Intentional,18,,No,167020.0,,https://youtu.be/YC15zZC04eE?t=1250
2020,GF,275,1640,3,HydrantDude,No,Tap,552600,142.0,,,501660.0,131.0,,,,,Natural,18,,No,50940.0,,https://youtu.be/YC15zZC04eE?t=1250
2020,GF,275,1641,4,brodindamp,Yes,Tap,53960,14.0,53960.0,14.0,,,,,,,Intentional,18,,No,,,https://youtu.be/YC15zZC04eE?t=1708
2020,GF,275,1642,4,HydrantDude,No,Tap,28880,12.0,,,,,,,,,Natural,18,,No,,,https://youtu.be/YC15zZC04eE?t=1708
2020,WQ,276,1643,1,PixelAndy,Yes,Tap,1010540,231.0,972220.0,225.0,526360.0,132.0,,,,,Natural,18,,No,,,https://youtu.be/bpeolmCGtnI?t=29
2020,WQ,276,1644,1,Johann,No,DAS,516840,206.0,,,271240.0,131.0,,,,,Natural,18,,No,245600.0,,https://youtu.be/bpeolmCGtnI?t=29
2020,WQ,276,1645,2,PixelAndy,Yes,Tap,263720,59.0,261820.0,57.0,,,,,,,Intentional,18,,No,,,https://youtu.be/bpeolmCGtnI?t=634
2020,WQ,276,1646,2,Johann,No,DAS,178600,51.0,,,,,,,,,Natural,18,,No,,,https://youtu.be/bpeolmCGtnI?t=634
2020,WQ,276,1647,3,PixelAndy,Yes,Tap,678360,182.0,678360.0,182.0,486840.0,131.0,,,,,Intentional,18,,No,191520.0,,https://youtu.be/bpeolmCGtnI?t=841
2020,WQ,276,1648,3,Johann,No,DAS,434100,174.0,,,297220.0,131.0,,,,,Natural,18,,No,136880.0,,https://youtu.be/bpeolmCGtnI?t=841
2020,WQ,277,1649,1,Lazer,No,Tap,340860,114.0,,,,,,,,,Natural,18,,No,,,https://youtu.be/bpeolmCGtnI?t=29
2020,WQ,277,1650,1,Radmir,Yes,Tap,416100,124.0,416100.0,124.0,,,,,,,Intentional,18,,No,,,https://youtu.be/bpeolmCGtnI?t=29
2020,WQ,277,1651,2,Lazer,No,Tap,773940,226.0,,,430600.0,131.0,,,,,Natural,18,,No,343340.0,,https://youtu.be/bpeolmCGtnI?t=409
2020,WQ,277,1652,2,Radmir,Yes,Tap,819640,210.0,819640.0,210.0,446600.0,131.0,,,,,Natural,18,,No,373040.0,,https://youtu.be/bpeolmCGtnI?t=409
2020,WQ,277,1653,3,Lazer,Yes,Tap,879840,234.0,879840.0,234.0,557880.0,130.0,878640.0,233.0,,,Natural,18,,No,320760.0,1200.0,https://youtu.be/bpeolmCGtnI?t=980
2020,WQ,277,1654,3,Radmir,No,Tap,878700,229.0,,,444660.0,132.0,,,,,Natural,18,,No,434040.0,,https://youtu.be/bpeolmCGtnI?t=980
2020,WQ,277,1655,4,Lazer,Yes,Tap,131860,38.0,131860.0,38.0,,,,,,,Intentional,18,,No,,,https://youtu.be/bpeolmCGtnI?t=1640
2020,WQ,277,1656,4,Radmir,No,Tap,58520,24.0,,,,,,,,,Natural,18,,No,,,https://youtu.be/bpeolmCGtnI?t=1640
2020,WQ,277,1657,5,Lazer,Yes,Tap,565200,176.0,534480.0,170.0,448080.0,132.0,,,,,Intentional,18,,No,117120.0,,https://youtu.be/bpeolmCGtnI?t=1799
2020,WQ,277,1658,5,Radmir,No,Tap,409760,155.0,,,387640.0,130.0,,,,,Natural,18,,No,22120.0,,https://youtu.be/bpeolmCGtnI?t=1799
2020,WS,278,1659,1,PixelAndy,Yes,Tap,229900,58.0,229900.0,58.0,,,,,,,Intentional,18,,No,,,https://youtu.be/bpeolmCGtnI?t=2293
2020,WS,278,1660,1,Lazer,No,Tap,193420,46.0,,,,,,,,,Natural,18,,No,,,https://youtu.be/bpeolmCGtnI?t=2293
2020,WS,278,1661,2,PixelAndy,Yes,Tap,862300,213.0,862300.0,213.0,522180.0,132.0,,,,,Intentional,18,,No,340120.0,,https://youtu.be/bpeolmCGtnI?t=2515
2020,WS,278,1662,2,Lazer,No,Tap,693544,201.0,,,456064.0,131.0,,,,,Natural,18,,No,237480.0,,https://youtu.be/bpeolmCGtnI?t=2515
2020,WS,278,1663,3,PixelAndy,Yes,Tap,660740,158.0,660740.0,158.0,523700.0,131.0,,,,,Intentional,18,,No,137040.0,,https://youtu.be/bpeolmCGtnI?t=3066
2020,WS,278,1664,3,Lazer,No,Tap,518280,142.0,,,507340.0,130.0,,,,,Natural,18,,No,10940.0,,https://youtu.be/bpeolmCGtnI?t=3066
2020,LQ,279,1665,1,Johann,Yes,DAS,144780,54.0,144780.0,54.0,,,,,,,Intentional,18,,No,,,https://youtu.be/bpeolmCGtnI?t=2293
2020,LQ,279,1666,1,Radmir,No,Tap,115520,46.0,,,,,,,,,Natural,18,,No,,,https://youtu.be/bpeolmCGtnI?t=2293
2020,LQ,279,1667,2,Johann,Yes,DAS,517620,184.0,517620.0,184.0,419560.0,130.0,,,,,Intentional,18,,No,98060.0,,https://youtu.be/bpeolmCGtnI?t=2515
2020,LQ,279,1668,2,Radmir,No,Tap,497600,161.0,,,462140.0,130.0,,,,,Natural,18,,No,35460.0,,https://youtu.be/bpeolmCGtnI?t=2515
2020,LQ,279,1669,3,Johann,Yes,DAS,551160,219.0,551160.0,219.0,422240.0,131.0,,,,,Intentional,18,,No,128920.0,,https://youtu.be/bpeolmCGtnI?t=3066
2020,LQ,279,1670,3,Radmir,No,Tap,546340,150.0,,,527740.0,131.0,,,,,Natural,18,,No,18600.0,,https://youtu.be/bpeolmCGtnI?t=3066
2020,WQ,280,1671,1,Sodium,Yes,Tap,696800,176.0,696800.0,176.0,579940.0,130.0,,,,,Intentional,18,,No,116860.0,,https://youtu.be/C7ErPW1PDXM?t=66
2020,WQ,280,1672,1,Svavar,No,DAS,615380,161.0,,,521800.0,130.0,,,,,Natural,18,,No,93580.0,,https://youtu.be/C7ErPW1PDXM?t=66
2020,WQ,280,1673,2,Sodium,Yes,Tap,318820,110.0,318820.0,110.0,,,,,,,Intentional,18,,No,,,https://youtu.be/C7ErPW1PDXM?t=641
2020,WQ,280,1674,2,Svavar,No,DAS,312740,72.0,,,,,,,,,Natural,18,,No,,,https://youtu.be/C7ErPW1PDXM?t=641
2020,WQ,280,1675,3,Sodium,Yes,Tap,638520,177.0,638520.0,177.0,523320.0,133.0,,,,,Intentional,18,,No,115200.0,,https://youtu.be/C7ErPW1PDXM&t=981
2020,WQ,280,1676,3,Svavar,No,DAS,616440,160.0,,,540840.0,131.0,,,,,Natural,18,,No,75600.0,,https://youtu.be/C7ErPW1PDXM&t=981
2020,WQ,281,1677,1,Harry Hong,No,DAS,224769,77.0,,,,,,,,,Natural,18,,No,,,https://youtu.be/C7ErPW1PDXM?t=326
2020,WQ,281,1678,1,lukeand26,Yes,Tap,345040,80.0,345040.0,80.0,,,,,,,Intentional,18,,No,,,https://youtu.be/C7ErPW1PDXM?t=326
2020,WQ,281,1679,2,Harry Hong,No,DAS,967941,236.0,,,530781.0,133.0,963741.0,233.0,,,Natural,18,,No,432960.0,4200.0,https://youtu.be/C7ErPW1PDXM?t=605
2020,WQ,281,1680,2,lukeand26,Yes,Tap,1035500,237.0,1035500.0,237.0,482640.0,130.0,1025900.0,230.0,,,Natural,18,,No,543260.0,9600.0,https://youtu.be/C7ErPW1PDXM?t=605
2020,WQ,281,1681,3,Harry Hong,No,DAS,619105,170.0,,,492265.0,131.0,,,,,Natural,18,,No,126840.0,,https://youtu.be/C7ErPW1PDXM?t=1274
2020,WQ,281,1682,3,lukeand26,Yes,Tap,644820,165.0,644820.0,165.0,540400.0,130.0,,,,,Intentional,18,,No,104420.0,,https://youtu.be/C7ErPW1PDXM?t=1274
2020,WS,282,1683,1,Sodium,Yes,Tap,572540,144.0,572540.0,144.0,518380.0,130.0,,,,,Intentional,18,,No,54160.0,,https://youtu.be/C7ErPW1PDXM?t=1738
2020,WS,282,1684,1,lukeand26,No,Tap,420300,143.0,,,408920.0,130.0,,,,,Natural,18,,No,11380.0,,https://youtu.be/C7ErPW1PDXM?t=1738
2020,WS,282,1685,2,Sodium,Yes,Tap,630940,198.0,630940.0,198.0,465560.0,132.0,,,,,Intentional,18,,No,165380.0,,https://youtu.be/C7ErPW1PDXM?t=2152
2020,WS,282,1686,2,lukeand26,No,Tap,630440,155.0,,,564360.0,130.0,,,,,Natural,18,,No,66080.0,,https://youtu.be/C7ErPW1PDXM?t=2152
2020,WS,282,1687,3,Sodium,No,Tap,295040,133.0,,,292640.0,130.0,,,,,Natural,18,,No,2400.0,,https://youtu.be/C7ErPW1PDXM?t=2652
2020,WS,282,1688,3,lukeand26,Yes,Tap,561400,145.0,561400.0,145.0,506600.0,132.0,,,,,Intentional,18,,No,54800.0,,https://youtu.be/C7ErPW1PDXM?t=2652
2020,WS,282,1689,4,Sodium,Yes,Tap,683480,187.0,677980.0,182.0,489100.0,130.0,,,,,Intentional,18,,No,194380.0,,https://youtu.be/C7ErPW1PDXM?t=3044
2020,WS,282,1690,4,lukeand26,No,Tap,677180,167.0,,,576940.0,131.0,,,,,Natural,18,,No,100240.0,,https://youtu.be/C7ErPW1PDXM?t=3044
2020,LQ,283,1691,1,Svavar,Yes,DAS,80180,25.0,80180.0,25.0,,,,,,,Intentional,18,,No,,,https://youtu.be/C7ErPW1PDXM?t=1763
2020,LQ,283,1692,1,Harry Hong,No,DAS,37808,22.0,,,,,,,,,Natural,18,,No,,,https://youtu.be/C7ErPW1PDXM?t=1763
2020,LQ,283,1693,2,Svavar,No,DAS,564440,155.0,,,479280.0,130.0,,,,,Natural,18,,No,85160.0,,https://youtu.be/C7ErPW1PDXM?t=1896
2020,LQ,283,1694,2,Harry Hong,Yes,DAS,642310,184.0,642310.0,184.0,489710.0,131.0,,,,,Intentional,18,,No,152600.0,,https://youtu.be/C7ErPW1PDXM?t=1896
2020,LQ,283,1695,3,Svavar,Yes,DAS,840880,231.0,800820.0,224.0,538900.0,132.0,840880.0,231.0,,,Natural,18,,No,301980.0,0.0,https://youtu.be/C7ErPW1PDXM?t=2393
2020,LQ,283,1696,3,Harry Hong,No,DAS,787678,219.0,,,466798.0,130.0,,,,,Natural,18,,No,320880.0,,https://youtu.be/C7ErPW1PDXM?t=2393
2020,LQ,283,1697,4,Svavar,Yes,DAS,611620,168.0,611620.0,168.0,507400.0,130.0,,,,,Natural,18,,No,104220.0,,https://youtu.be/C7ErPW1PDXM?t=3004
2020,LQ,283,1698,4,Harry Hong,No,DAS,487573,178.0,,,417193.0,132.0,,,,,Natural,18,,No,70380.0,,https://youtu.be/C7ErPW1PDXM?t=3004
2020,LQ,284,1699,1,lukeand26,Yes,Tap,357960,97.0,357960.0,97.0,,,,,,,Intentional,18,,No,,,https://youtu.be/UCG0B13M4Vk?t=32
2020,LQ,284,1700,1,Johann,No,DAS,251180,87.0,,,,,,,,,Natural,18,,No,,,https://youtu.be/UCG0B13M4Vk?t=32
2020,LQ,284,1701,2,lukeand26,No,Tap,194940,47.0,,,,,,,,,Natural,18,,No,,,https://youtu.be/UCG0B13M4Vk?t=341
2020,LQ,284,1702,2,Johann,Yes,DAS,196840,89.0,196840.0,89.0,,,,,,,Intentional,18,,No,,,https://youtu.be/UCG0B13M4Vk?t=341
2020,LQ,284,1703,3,lukeand26,No,Tap,330220,94.0,,,,,,,,,Natural,18,,No,,,https://youtu.be/UCG0B13M4Vk?t=622
2020,LQ,284,1704,3,Johann,Yes,DAS,387220,104.0,387220.0,104.0,,,,,,,Intentional,18,,No,,,https://youtu.be/UCG0B13M4Vk?t=622
2020,LQ,284,1705,4,lukeand26,No,Tap,109820,35.0,,,,,,,,,Natural,18,,No,,,https://youtu.be/UCG0B13M4Vk?t=942
2020,LQ,284,1706,4,Johann,Yes,DAS,123120,54.0,123120.0,54.0,,,,,,,Intentional,18,,No,,,https://youtu.be/UCG0B13M4Vk?t=942
2020,LQ,285,1707,1,Lazer,Yes,Tap,684840,164.0,684840.0,164.0,559040.0,132.0,,,,,Intentional,18,,No,125800.0,,https://youtu.be/UCG0B13M4Vk?t=32
2020,LQ,285,1708,1,Svavar,No,DAS,531980,150.0,,,468200.0,130.0,,,,,Natural,18,,No,63780.0,,https://youtu.be/UCG0B13M4Vk?t=32
2020,LQ,285,1709,2,Lazer,No,Tap,606340,152.0,,,580700.0,131.0,,,,,Natural,18,,No,25640.0,,https://youtu.be/UCG0B13M4Vk?t=472
2020,LQ,285,1710,2,Svavar,Yes,DAS,675440,171.0,675440.0,171.0,518760.0,131.0,,,,,Intentional,18,,No,156680.0,,https://youtu.be/UCG0B13M4Vk?t=472
2020,LQ,285,1711,3,Lazer,Yes,Tap,639160,159.0,639160.0,159.0,503420.0,130.0,,,,,Intentional,18,,No,135740.0,,https://youtu.be/UCG0B13M4Vk?t=942
2020,LQ,285,1712,3,Svavar,No,DAS,500300,143.0,,,485740.0,130.0,,,,,Natural,18,,No,14560.0,,https://youtu.be/UCG0B13M4Vk?t=942
2020,LQ,285,1713,4,Lazer,No,Tap,296400,71.0,,,,,,,,,Natural,18,,No,,,https://youtu.be/UCG0B13M4Vk?t=1375
2020,LQ,285,1714,4,Svavar,Yes,DAS,340480,81.0,340480.0,81.0,,,,,,,Intentional,18,,No,,,https://youtu.be/UCG0B13M4Vk?t=1375
2020,LQ,285,1715,5,Lazer,Yes,Tap,843920,237.0,794940.0,223.0,486460.0,131.0,,,,,Natural,18,,No,,,https://youtu.be/UCG0B13M4Vk?t=1643
2020,LQ,285,1716,5,Svavar,No,DAS,778580,213.0,,,445420.0,133.0,,,,,Natural,18,,No,333160.0,,https://youtu.be/UCG0B13M4Vk?t=1643
2020,WF,286,1717,1,PixelAndy,No,Tap,730740,231.0,,,375540.0,131.0,730740.0,231.0,,,Natural,18,,No,355200.0,0.0,https://youtu.be/E7_kKn4W0NI?t=33
2020,WF,286,1718,1,Sodium,Yes,Tap,977680,229.0,977680.0,229.0,583360.0,131.0,,,,,Intentional,18,,No,394320.0,,https://youtu.be/E7_kKn4W0NI?t=33
2020,WF,286,1719,2,PixelAndy,Yes,Tap,373920,86.0,373920.0,86.0,,,,,,,Intentional,18,,No,,,https://youtu.be/E7_kKn4W0NI?t=655
2020,WF,286,1720,2,Sodium,No,Tap,182400,78.0,,,,,,,,,Natural,18,,No,,,https://youtu.be/E7_kKn4W0NI?t=655
2020,WF,286,1721,3,PixelAndy,Yes,Tap,69160,13.0,69160.0,13.0,,,,,,,Intentional,18,,No,,,https://youtu.be/E7_kKn4W0NI?t=933
2020,WF,286,1722,3,Sodium,No,Tap,7980,10.0,,,,,,,,,Natural,18,,No,,,https://youtu.be/E7_kKn4W0NI?t=933
2020,WF,286,1723,4,PixelAndy,Yes,Tap,635320,146.0,635320.0,146.0,575420.0,130.0,,,,,Intentional,18,,No,59900.0,,https://youtu.be/E7_kKn4W0NI?t=1062
2020,WF,286,1724,4,Sodium,No,Tap,535500,131.0,,,534700.0,130.0,,,,,Natural,18,,No,800.0,,https://youtu.be/E7_kKn4W0NI?t=1062
2020,LS,287,1725,1,Johann,Yes,DAS,617280,221.0,617280.0,221.0,391080.0,132.0,,,,,Intentional,18,,No,226200.0,,https://youtu.be/E7_kKn4W0NI?t=33
2020,LS,287,1726,1,Lazer,No,Tap,603860,166.0,,,524460.0,130.0,,,,,Intentional,18,,No,79400.0,,https://youtu.be/E7_kKn4W0NI?t=33
2020,LS,287,1727,2,Johann,No,DAS,77140,23.0,,,,,,,,,Natural,18,,No,,,https://youtu.be/E7_kKn4W0NI?t=640
2020,LS,287,1728,2,Lazer,Yes,Tap,125020,34.0,125020.0,34.0,,,,,,,Intentional,18,,No,,,https://youtu.be/E7_kKn4W0NI?t=640
2020,LS,287,1729,3,Johann,Yes,DAS,388900,148.0,388900.0,148.0,371680.0,130.0,,,,,Intentional,18,,No,17220.0,,https://youtu.be/E7_kKn4W0NI?t=782
2020,LS,287,1730,3,Lazer,No,Tap,316820,135.0,,,313220.0,131.0,,,,,Natural,18,,No,3600.0,,https://youtu.be/E7_kKn4W0NI?t=782
2020,LS,287,1731,4,Johann,No,DAS,593800,211.0,,,407780.0,130.0,,,,,Natural,18,,No,186020.0,,https://youtu.be/E7_kKn4W0NI?t=1213
2020,LS,287,1732,4,Lazer,Yes,Tap,757000,232.0,757000.0,232.0,442800.0,131.0,754600.0,230.0,,,Natural,18,,No,311800.0,2400.0,https://youtu.be/E7_kKn4W0NI?t=1213
2020,LS,287,1733,5,Johann,No,DAS,421100,149.0,,,406280.0,133.0,,,,,Natural,18,,No,14820.0,,https://youtu.be/E7_kKn4W0NI?t=1821
2020,LS,287,1734,5,Lazer,Yes,Tap,561200,165.0,561200.0,165.0,462760.0,132.0,,,,,Natural,18,,No,98440.0,,https://youtu.be/E7_kKn4W0NI?t=1821
2020,LF,288,1735,1,Sodium,Yes,Tap,591100,171.0,591100.0,171.0,500560.0,130.0,,,,,Intentional,18,,No,90540.0,,https://youtu.be/q3Dwlf9le1o?t=30
2020,LF,288,1736,1,Lazer,No,Tap,557380,165.0,,,502040.0,133.0,,,,,Natural,18,,No,55340.0,,https://youtu.be/q3Dwlf9le1o?t=30
2020,LF,288,1737,2,Sodium,Yes,Tap,664540,189.0,664540.0,189.0,484180.0,132.0,,,,,Intentional,18,,No,180360.0,,https://youtu.be/q3Dwlf9le1o?t=501
2020,LF,288,1738,2,Lazer,No,Tap,502220,175.0,,,325760.0,131.0,,,,,Natural,18,,No,176460.0,,https://youtu.be/q3Dwlf9le1o?t=501
2020,LF,288,1739,3,Sodium,No,Tap,796020,223.0,,,516460.0,130.0,,,,,Natural,18,,No,279560.0,,https://youtu.be/q3Dwlf9le1o?t=1029
2020,LF,288,1740,3,Lazer,Yes,Tap,971745,233.0,971745.0,233.0,447225.0,133.0,970545.0,232.0,,,Natural,18,,No,523320.0,1200.0,https://youtu.be/q3Dwlf9le1o?t=1029
2020,LF,288,1741,4,Sodium,Yes,Tap,1055800,232.0,759520.0,177.0,542680.0,130.0,1055800.0,232.0,,,Natural,18,,No,513120.0,0.0,https://youtu.be/q3Dwlf9le1o?t=1626
2020,LF,288,1742,4,Lazer,No,Tap,602980,158.0,,,511540.0,133.0,,,,,Natural,18,,No,91440.0,,https://youtu.be/q3Dwlf9le1o?t=1626
2020,GF,289,1743,1,PixelAndy,No,Tap,781240,212.0,,,509260.0,130.0,,,,,Natural,18,,No,271980.0,,https://youtu.be/rzWEUECnq-A?t=30
2020,GF,289,1744,1,Sodium,Yes,Tap,951180,224.0,916380.0,220.0,473540.0,130.0,,,,,Natural,18,,No,477640.0,,https://youtu.be/rzWEUECnq-A?t=30
2020,GF,289,1745,2,PixelAndy,Yes,Tap,579509,128.0,579509.0,128.0,,,,,,,Intentional,18,,No,,,https://youtu.be/rzWEUECnq-A?t=623
2020,GF,289,1746,2,Sodium,No,Tap,396720,122.0,,,,,,,,,Natural,18,,No,,,https://youtu.be/rzWEUECnq-A?t=623
2020,GF,289,1747,3,PixelAndy,Yes,Tap,985620,237.0,985620.0,237.0,511160.0,130.0,980820.0,233.0,,,Natural,18,,No,469660.0,4800.0,https://youtu.be/rzWEUECnq-A?t=997
2020,GF,289,1748,3,Sodium,No,Tap,981400,231.0,,,598600.0,131.0,980200.0,230.0,,,Natural,18,,No,381600.0,1200.0,https://youtu.be/rzWEUECnq-A?t=997
2020,GF,289,1749,4,PixelAndy,Yes,Tap,698340,173.0,698340.0,173.0,502780.0,130.0,,,,,Intentional,18,,No,195560.0,,https://youtu.be/rzWEUECnq-A?t=1642
2020,GF,289,1750,4,Sodium,No,Tap,634520,163.0,,,559020.0,130.0,,,,,Natural,18,,No,75500.0,,https://youtu.be/rzWEUECnq-A?t=1642
2020,Top 8,290,1751,1,dogplayingtetris,No,Tap,484920,130.0,,,484920.0,130.0,,,,,Natural,18,,Yes,0.0,,https://youtu.be/R5DDJSy20bw?t=304
2020,Top 8,290,1752,1,CheeZ,Yes,Tap,485114,154.0,485114.0,154.0,443634.0,131.0,,,,,Intentional,18,,Yes,41480.0,,https://youtu.be/R5DDJSy20bw?t=304
2020,Top 8,290,1753,2,dogplayingtetris,Yes,Tap,1072740,260.0,961380.0,223.0,578040.0,131.0,1032180.0,231.0,,,Natural,18,,Yes,454140.0,40560.0,https://youtu.be/R5DDJSy20bw?t=726
2020,Top 8,290,1754,2,CheeZ,No,Tap,847620,214.0,,,600460.0,132.0,,,,,Natural,18,,Yes,247160.0,,https://youtu.be/R5DDJSy20bw?t=726
2020,Top 8,290,1755,3,dogplayingtetris,Yes,Tap,673240,165.0,673240.0,165.0,525980.0,132.0,,,,,Intentional,18,,Yes,147260.0,,https://youtu.be/R5DDJSy20bw?t=1358
2020,Top 8,290,1756,3,CheeZ,No,Tap,596105,155.0,,,467865.0,131.0,,,,,Natural,18,,Yes,128240.0,,https://youtu.be/R5DDJSy20bw?t=1358
2020,Top 8,290,1757,4,dogplayingtetris,Yes,Tap,952700,232.0,952700.0,232.0,501260.0,130.0,951500.0,231.0,,,Natural,18,,Yes,450240.0,1200.0,https://youtu.be/R5DDJSy20bw?t=1760
2020,Top 8,290,1758,4,CheeZ,No,Tap,898540,232.0,,,446180.0,130.0,898540.0,232.0,,,Natural,18,,Yes,452360.0,0.0,https://youtu.be/R5DDJSy20bw?t=1760
2020,Top 8,291,1759,1,JdMfX_,No,Tap,412300,99.0,,,,,,,,,Natural,18,,Yes,,,https://youtu.be/isbvQVngnXA?t=250
2020,Top 8,291,1760,1,Huffulufugus,Yes,Tap,416532,114.0,416532.0,114.0,,,,,,,Intentional,18,,Yes,,,https://youtu.be/isbvQVngnXA?t=250
2020,Top 8,291,1761,2,JdMfX_,Yes,Tap,1058620,244.0,1058620.0,244.0,499760.0,131.0,1044000.0,233.0,,,Natural,18,,Yes,544240.0,14620.0,https://youtu.be/isbvQVngnXA?t=564
2020,Top 8,291,1762,2,Huffulufugus,No,Tap,891720,236.0,,,509300.0,130.0,888120.0,233.0,,,Natural,18,,Yes,378820.0,3600.0,https://youtu.be/isbvQVngnXA?t=564
2020,Top 8,291,1763,3,JdMfX_,No,Tap,684880,173.0,,,557180.0,131.0,,,,,Natural,18,,Yes,127700.0,,https://youtu.be/isbvQVngnXA?t=1146
2020,Top 8,291,1764,3,Huffulufugus,Yes,Tap,772937,185.0,772937.0,185.0,619097.0,130.0,,,,,Intentional,18,,Yes,153840.0,,https://youtu.be/isbvQVngnXA?t=1146
2020,Top 8,291,1765,4,JdMfX_,Yes,Tap,1053260,235.0,1053260.0,235.0,579940.0,131.0,1049060.0,232.0,,,Natural,18,,Yes,469120.0,4200.0,https://youtu.be/isbvQVngnXA?t=1616
2020,Top 8,291,1766,4,Huffulufugus,No,Tap,1010680,245.0,,,584500.0,132.0,991220.0,230.0,,,Natural,18,,Yes,406720.0,19460.0,https://youtu.be/isbvQVngnXA?t=1616
2020,Top 8,291,1767,5,JdMfX_,No,Tap,276640,72.0,,,,,,,,,Natural,18,,Yes,,,https://youtu.be/isbvQVngnXA?t=2217
2020,Top 8,291,1768,5,Huffulufugus,Yes,Tap,341244,94.0,311984.0,86.0,,,,,,,Intentional,18,,Yes,,,https://youtu.be/isbvQVngnXA?t=2217
2020,Top 8,292,1769,1,Sam Finch,No,Tap,720580,183.0,,,526000.0,132.0,,,,,Natural,18,,Yes,194580.0,,https://youtu.be/-FL0lNHv-P4?t=244
2020,Top 8,292,1770,1,Nenu,Yes,Tap,728120,222.0,728120.0,222.0,468460.0,130.0,,,,,Intentional,18,,Yes,259660.0,,https://youtu.be/-FL0lNHv-P4?t=244
2020,Top 8,292,1771,2,Sam Finch,No,Tap,530720,155.0,,,445040.0,133.0,,,,,Natural,18,,Yes,85680.0,,https://youtu.be/-FL0lNHv-P4?t=829
2020,Top 8,292,1772,2,Nenu,Yes,Tap,572520,168.0,572520.0,168.0,446540.0,130.0,,,,,Intentional,18,,Yes,125980.0,,https://youtu.be/-FL0lNHv-P4?t=829
2020,Top 8,292,1773,3,Sam Finch,No,Tap,689060,190.0,,,487980.0,133.0,,,,,Natural,18,,Yes,201080.0,,https://youtu.be/-FL0lNHv-P4?t=1245
2020,Top 8,292,1774,3,Nenu,Yes,Tap,691360,185.0,691360.0,185.0,500900.0,132.0,,,,,Natural,18,,Yes,190460.0,,https://youtu.be/-FL0lNHv-P4?t=1245
2020,Top 8,293,1775,1,PixelAndy,Yes,Tap,735200,159.0,735200.0,159.0,601980.0,133.0,,,,,Intentional,18,,Yes,133220.0,,https://youtu.be/4qqG3Fypvg0?t=259
2020,Top 8,293,1776,1,brodindamp,No,Tap,711721,147.0,,,655941.0,132.0,,,,,Natural,18,,Yes,55780.0,,https://youtu.be/4qqG3Fypvg0?t=259
2020,Top 8,293,1777,2,PixelAndy,No,Tap,814160,191.0,,,608060.0,130.0,,,,,Natural,18,,Yes,206100.0,,https://youtu.be/4qqG3Fypvg0?t=680
2020,Top 8,293,1778,2,brodindamp,Yes,Tap,835321,233.0,822981.0,223.0,526361.0,132.0,835321.0,233.0,,,Natural,18,,Yes,308960.0,0.0,https://youtu.be/4qqG3Fypvg0?t=680
2020,Top 8,293,1779,3,PixelAndy,Yes,Tap,764163,166.0,764163.0,166.0,596663.0,132.0,,,,,Intentional,18,,Yes,167500.0,,https://youtu.be/4qqG3Fypvg0?t=1231
2020,Top 8,293,1780,3,brodindamp,No,Tap,706061,154.0,,,598941.0,131.0,,,,,Natural,18,,Yes,107120.0,,https://youtu.be/4qqG3Fypvg0?t=1231
2020,Top 8,293,1781,4,PixelAndy,Yes,Tap,1075842,269.0,1059422.0,257.0,502802.0,131.0,993542.0,233.0,,,Natural,18,,Yes,490740.0,82300.0,https://youtu.be/4qqG3Fypvg0?t=1664
2020,Top 8,293,1782,4,brodindamp,No,Tap,981221,237.0,,,562461.0,133.0,941621.0,230.0,,,Natural,18,,Yes,379160.0,39600.0,https://youtu.be/4qqG3Fypvg0?t=1664
2020,Semis,294,1783,1,dogplayingtetris,Yes,Tap,1121660,238.0,1078460.0,229.0,562080.0,133.0,1114460.0,233.0,,,Natural,18,,Yes,552380.0,7200.0,https://youtu.be/tb2eS6Yj3V4?t=73
2020,Semis,294,1784,1,Huffulufugus,No,Tap,836940,217.0,,,556760.0,130.0,,,,,Natural,18,,Yes,280180.0,,https://youtu.be/tb2eS6Yj3V4?t=73
2020,Semis,294,1785,2,dogplayingtetris,No,Tap,555960,148.0,,,541180.0,131.0,,,,,Natural,18,,Yes,14780.0,,https://youtu.be/tb2eS6Yj3V4?t=667
2020,Semis,294,1786,2,Huffulufugus,Yes,Tap,683971,167.0,683971.0,167.0,562091.0,132.0,,,,,Intentional,18,,Yes,121880.0,,https://youtu.be/tb2eS6Yj3V4?t=667
2020,Semis,294,1787,3,dogplayingtetris,Yes,Tap,621040,134.0,621040.0,134.0,597040.0,130.0,,,,,Intentional,18,,Yes,24000.0,,https://youtu.be/tb2eS6Yj3V4?t=1098
2020,Semis,294,1788,3,Huffulufugus,No,Tap,470160,133.0,,,469360.0,132.0,,,,,Natural,18,,Yes,800.0,,https://youtu.be/tb2eS6Yj3V4?t=1098
2020,Semis,294,1789,4,dogplayingtetris,Yes,Tap,1116292,229.0,1116292.0,229.0,573512.0,130.0,,,,,Natural,18,,Yes,542780.0,,https://youtu.be/tb2eS6Yj3V4?t=1487
2020,Semis,294,1790,4,Huffulufugus,No,Tap,1028325,228.0,,,501645.0,130.0,,,,,Natural,18,,Yes,526680.0,,https://youtu.be/tb2eS6Yj3V4?t=1487
2020,Semis,295,1791,1,Nenu,No,Tap,794740,218.0,,,483420.0,131.0,,,,,Natural,18,,Yes,311320.0,,https://youtu.be/-zWxlgwmOMw?t=43
2020,Semis,295,1792,1,PixelAndy,Yes,Tap,826740,199.0,826740.0,199.0,516460.0,130.0,,,,,Natural,18,,Yes,310280.0,,https://youtu.be/-zWxlgwmOMw?t=43
2020,Semis,295,1793,2,Nenu,Yes,Tap,986020,236.0,986020.0,236.0,408420.0,131.0,982420.0,233.0,,,Natural,18,,Yes,574000.0,3600.0,https://youtu.be/-zWxlgwmOMw?t=597
2020,Semis,295,1794,2,PixelAndy,No,Tap,786660,233.0,,,522920.0,130.0,782460.0,230.0,,,Natural,18,,Yes,259540.0,4200.0,https://youtu.be/-zWxlgwmOMw?t=597
2020,Semis,295,1795,3,Nenu,No,Tap,232940,46.0,,,,,,,,,Natural,18,,Yes,,,https://youtu.be/-zWxlgwmOMw?t=1168
2020,Semis,295,1796,3,PixelAndy,Yes,Tap,253460,63.0,253460.0,63.0,,,,,,,Intentional,18,,Yes,,,https://youtu.be/-zWxlgwmOMw?t=1168
2020,Semis,295,1797,4,Nenu,No,Tap,803240,215.0,,,541940.0,131.0,,,,,Natural,18,,Yes,261300.0,,https://youtu.be/-zWxlgwmOMw?t=1405
2020,Semis,295,1798,4,PixelAndy,Yes,Tap,876000,218.0,876000.0,218.0,506980.0,132.0,,,,,Intentional,18,,Yes,369020.0,,https://youtu.be/-zWxlgwmOMw?t=1405
2020,Finals,296,1799,1,dogplayingtetris,No,Tap,1092280,236.0,,,520140.0,130.0,1056280.0,232.0,,,Natural,18,,Yes,536140.0,36000.0,https://youtu.be/dtLQOIwdjX4?t=31
2020,Finals,296,1800,1,PixelAndy,Yes,Tap,1145940,244.0,1145940.0,244.0,565540.0,131.0,1092300.0,231.0,,,Natural,18,,Yes,526760.0,53640.0,https://youtu.be/dtLQOIwdjX4?t=31
2020,Finals,296,1801,2,dogplayingtetris,No,Tap,691620,170.0,,,521040.0,130.0,,,,,Natural,18,,Yes,170580.0,,https://youtu.be/dtLQOIwdjX4?t=664
2020,Finals,296,1802,2,PixelAndy,Yes,Tap,849300,183.0,849300.0,183.0,586780.0,132.0,,,,,Intentional,18,,Yes,262520.0,,https://youtu.be/dtLQOIwdjX4?t=664
2020,Finals,296,1803,3,dogplayingtetris,Yes,Tap,940620,212.0,940620.0,212.0,620980.0,133.0,,,,,Intentional,18,,Yes,319640.0,,https://youtu.be/dtLQOIwdjX4?t=1148
2020,Finals,296,1804,3,PixelAndy,No,Tap,827740,203.0,,,505840.0,131.0,,,,,Natural,18,,Yes,321900.0,,https://youtu.be/dtLQOIwdjX4?t=1148
2020,Finals,296,1805,4,dogplayingtetris,Yes,Tap,700760,160.0,700760.0,160.0,565880.0,132.0,,,,,Intentional,18,,Yes,134880.0,,https://youtu.be/dtLQOIwdjX4?t=1678
2020,Finals,296,1806,4,PixelAndy,No,Tap,665820,155.0,,,559420.0,133.0,,,,,Natural,18,,Yes,106400.0,,https://youtu.be/dtLQOIwdjX4?t=1678
2020,Finals,296,1807,5,dogplayingtetris,Yes,Tap,1031960,233.0,1031960.0,233.0,580700.0,133.0,1031960.0,233.0,,,Natural,18,,Yes,451260.0,0.0,https://youtu.be/dtLQOIwdjX4?t=2140
2020,Finals,296,1808,5,PixelAndy,No,Tap,961000,233.0,,,505080.0,130.0,958600.0,231.0,,,Natural,18,,Yes,453520.0,2400.0,https://youtu.be/dtLQOIwdjX4?t=2140
2021,WQ,297,1809,1,Nenu,No,Tap,470180,156.0,,,427940.0,132.0,,,,,Natural,18,,No,42240.0,,https://youtu.be/pfSB1BzK6F8?t=2419
2021,WQ,297,1810,1,night,Yes,DAS,667520,149.0,666680.0,148.0,609440.0,132.0,,,,,Intentional,18,,No,58080.0,,https://youtu.be/pfSB1BzK6F8?t=2419
2021,WQ,297,1811,2,Nenu,No,Tap,820960,215.0,,,529400.0,132.0,,,,,Natural,18,,No,291560.0,,https://youtu.be/pfSB1BzK6F8?t=2884
2021,WQ,297,1812,2,night,Yes,DAS,919280,234.0,836940.0,217.0,560560.0,133.0,918080.0,233.0,,,Intentional,18,,No,357520.0,1200.0,https://youtu.be/pfSB1BzK6F8?t=2884
2021,WQ,297,1813,3,Nenu,Yes,Tap,796720,,795640.0,208.0,561940.0,132.0,,,,,Intentional,18,,No,,,https://youtu.be/pfSB1BzK6F8?t=3488
2021,WQ,297,1814,3,night,No,DAS,740800,197.0,,,508500.0,133.0,,,,,Natural,18,,No,232300.0,,https://youtu.be/pfSB1BzK6F8?t=3488
2021,WQ,297,1815,4,Nenu,Yes,Tap,370880,116.0,370880.0,116.0,,,,,,,Intentional,18,,No,,,https://youtu.be/pfSB1BzK6F8?t=4046
2021,WQ,297,1816,4,night,No,DAS,370500,94.0,,,,,,,,,Natural,18,,No,,,https://youtu.be/pfSB1BzK6F8?t=4046
2021,WQ,297,1817,5,Nenu,Yes,Tap,694160,184.0,693160.0,183.0,454920.0,132.0,,,,,Intentional,18,,No,239240.0,,https://youtu.be/pfSB1BzK6F8?t=4409
2021,WQ,297,1818,5,night,No,DAS,556600,173.0,,,488400.0,131.0,,,,,Natural,18,,No,68200.0,,https://youtu.be/pfSB1BzK6F8?t=4409
2021,WQ,298,1819,1,DanV,No,Tap,725400,205.0,,,469020.0,131.0,,,,,Natural,18,,No,256380.0,,https://youtu.be/pfSB1BzK6F8?t=2419
2021,WQ,298,1820,1,TegaMech,Yes,Roll,829040,233.0,739840.0,207.0,516140.0,130.0,825440.0,230.0,,,Natural,18,,No,309300.0,3600.0,https://youtu.be/pfSB1BzK6F8?t=2419
2021,WQ,298,1821,2,DanV,No,Tap,249280,62.0,,,,,,,,,Natural,18,,No,,,https://youtu.be/pfSB1BzK6F8?t=3008
2021,WQ,298,1822,2,TegaMech,Yes,Roll,319580,76.0,273980.0,68.0,,,,,,,Intentional,18,,No,,,https://youtu.be/pfSB1BzK6F8?t=3008
2021,WQ,298,1823,3,DanV,No,Tap,774260,215.0,,,485700.0,131.0,,,,,Natural,18,,No,288560.0,,https://youtu.be/pfSB1BzK6F8?t=3253
2021,WQ,298,1824,3,TegaMech,Yes,Roll,945440,222.0,941380.0,219.0,558260.0,130.0,,,,,Intentional,18,,No,387180.0,,https://youtu.be/pfSB1BzK6F8?t=3253
2021,WS,299,1825,1,Nenu,No,Tap,550080,175.0,,,464080.0,131.0,,,,,Natural,18,,No,86000.0,,https://youtu.be/pfSB1BzK6F8?t=5258
2021,WS,299,1826,1,TegaMech,Yes,Roll,616820,181.0,586820.0,177.0,461360.0,130.0,,,,,Intentional,18,,No,155460.0,,https://youtu.be/pfSB1BzK6F8?t=5258
2021,WS,299,1827,2,Nenu,Yes,Tap,923640,210.0,918740.0,206.0,601200.0,130.0,,,,,Intentional,18,,No,322440.0,,https://youtu.be/pfSB1BzK6F8?t=5774
2021,WS,299,1828,2,TegaMech,No,Roll,806940,195.0,,,613420.0,130.0,,,,,Natural,18,,No,193520.0,,https://youtu.be/pfSB1BzK6F8?t=5774
2021,WS,299,1829,3,Nenu,No,Tap,566740,137.0,,,541940.0,132.0,,,,,Natural,18,,No,24800.0,,https://youtu.be/pfSB1BzK6F8?t=6312
2021,WS,299,1830,3,TegaMech,Yes,Roll,568720,149.0,567040.0,147.0,532820.0,133.0,,,,,Intentional,18,,No,35900.0,,https://youtu.be/pfSB1BzK6F8?t=6312
2021,WS,299,1831,4,Nenu,Yes,Tap,1019300,235.0,1019300.0,235.0,523300.0,130.0,1016900.0,233.0,,,Intentional,18,,No,493600.0,2400.0,https://youtu.be/pfSB1BzK6F8?t=6731
2021,WS,299,1832,4,TegaMech,No,Roll,866060,221.0,,,605020.0,133.0,,,,,Natural,18,,No,261040.0,,https://youtu.be/pfSB1BzK6F8?t=6731
2021,WS,299,1833,5,Nenu,Yes,Tap,69160,13.0,69160.0,13.0,,,,,,,Intentional,18,,No,,,https://youtu.be/pfSB1BzK6F8?t=7313
2021,WS,299,1834,5,TegaMech,No,Roll,24700,6.0,,,,,,,,,Natural,18,,No,,,https://youtu.be/pfSB1BzK6F8?t=7313
2021,LQ,300,1835,1,night,Yes,DAS,602500,181.0,602500.0,181.0,504300.0,130.0,,,,,Intentional,18,,No,98200.0,,https://youtu.be/pfSB1BzK6F8?t=5774
2021,LQ,300,1836,1,DanV,No,Tap,600160,169.0,,,546880.0,133.0,,,,,Natural,18,,No,53280.0,,https://youtu.be/pfSB1BzK6F8?t=5774
2021,LQ,300,1837,2,night,No,DAS,104880,53.0,,,,,,,,,Natural,18,,No,,,https://youtu.be/pfSB1BzK6F8?t=6312
2021,LQ,300,1838,2,DanV,Yes,Tap,263340,59.0,263340.0,59.0,,,,,,,Intentional,18,,No,,,https://youtu.be/pfSB1BzK6F8?t=6312
2021,LQ,300,1839,3,night,Yes,DAS,824100,179.0,682500.0,159.0,586780.0,132.0,,,,,Intentional,18,,No,237320.0,,https://youtu.be/pfSB1BzK6F8?t=6532
2021,LQ,300,1840,3,DanV,No,Tap,445940,147.0,,,410500.0,131.0,,,,,Natural,18,,No,35440.0,,https://youtu.be/pfSB1BzK6F8?t=6532
2021,LQ,300,1841,4,night,No,DAS,993840,234.0,,,603880.0,132.0,992640.0,233.0,,,Natural,18,,No,388760.0,1200.0,https://youtu.be/pfSB1BzK6F8?t=7018
2021,LQ,300,1842,4,DanV,Yes,Tap,1033260,230.0,,,538880.0,130.0,1033260.0,230.0,,,Natural,18,,No,494380.0,0.0,https://youtu.be/pfSB1BzK6F8?t=7018
2021,LQ,300,1843,5,night,No,DAS,529000,145.0,,,491260.0,131.0,,,,,Natural,18,,No,37740.0,,https://youtu.be/pfSB1BzK6F8?t=7642
2021,LQ,300,1844,5,DanV,Yes,Tap,579060,160.0,578140.0,159.0,440100.0,131.0,,,,,Intentional,18,,No,138960.0,,https://youtu.be/pfSB1BzK6F8?t=7642
2021,WQ,301,1845,1,Redshurt,Yes,Tap,452960,116.0,430160.0,112.0,,,,,,,Intentional,18,,No,,,https://youtu.be/pfSB1BzK6F8?t=8681
2021,WQ,301,1846,1,iBall,No,Tap,419140,106.0,,,,,,,,,Natural,18,,No,,,https://youtu.be/pfSB1BzK6F8?t=8681
2021,WQ,301,1847,2,Redshurt,Yes,Tap,576600,281.0,573640.0,178.0,388420.0,130.0,,,,,Intentional,18,,No,,,https://youtu.be/pfSB1BzK6F8?t=9078
2021,WQ,301,1848,2,iBall,No,Tap,572480,139.0,,,546880.0,133.0,,,,,Natural,18,,No,25600.0,,https://youtu.be/pfSB1BzK6F8?t=9078
2021,WQ,301,1849,3,Redshurt,Yes,Tap,528560,174.0,528560.0,174.0,393020.0,131.0,,,,,Intentional,18,,No,135540.0,,https://youtu.be/pfSB1BzK6F8?t=9563
2021,WQ,301,1850,3,iBall,No,Tap,501740,131.0,,,500940.0,130.0,,,,,Natural,18,,No,800.0,,https://youtu.be/pfSB1BzK6F8?t=9563
2021,WQ,302,1851,1,HydrantDude,No,Roll,989700,244.0,,,540080.0,130.0,974500.0,232.0,,,Natural,18,,No,434420.0,15200.0,https://youtu.be/pfSB1BzK6F8?t=8681
2021,WQ,302,1852,1,Luis (POR),Yes,Tap,1234540,238.0,,,699640.0,133.0,1224940.0,230.0,,,Natural,18,,No,525300.0,9600.0,https://youtu.be/pfSB1BzK6F8?t=8681
2021,WQ,302,1853,2,HydrantDude,Yes,Roll,1093520,239.0,,,484560.0,132.0,1083320.0,231.0,,,Natural,18,,No,598760.0,10200.0,https://youtu.be/pfSB1BzK6F8?t=9329
2021,WQ,302,1854,2,Luis (POR),No,Tap,1034580,229.0,,,633500.0,130.0,,,,,Natural,18,,No,401080.0,,https://youtu.be/pfSB1BzK6F8?t=9329
2021,WQ,302,1855,3,HydrantDude,No,Roll,305140,83.0,,,,,,,,,Natural,18,,No,,,https://youtu.be/pfSB1BzK6F8?t=10175
2021,WQ,302,1856,3,Luis (POR),Yes,Tap,377726,95.0,332126.0,87.0,,,,,,,Intentional,18,,No,,,https://youtu.be/pfSB1BzK6F8?t=10175
2021,WQ,302,1857,4,HydrantDude,Yes,Roll,772440,203.0,772440.0,203.0,454020.0,130.0,,,,,Intentional,18,,No,318420.0,,https://youtu.be/pfSB1BzK6F8?t=10462
2021,WQ,302,1858,4,Luis (POR),No,Tap,746840,187.0,,,538940.0,131.0,,,,,Natural,18,,No,207900.0,,https://youtu.be/pfSB1BzK6F8?t=10462
2021,WQ,302,1859,5,HydrantDude,Yes,Roll,395963,117.0,395203.0,116.0,,,,,,,Intentional,18,,No,,,https://youtu.be/pfSB1BzK6F8?t=10957
2021,WQ,302,1860,5,Luis (POR),No,Tap,389880,95.0,,,,,,,,,Natural,18,,No,,,https://youtu.be/pfSB1BzK6F8?t=10957
2021,WS,303,1861,1,Redshurt,No,Tap,923680,230.0,,,487220.0,132.0,923680.0,230.0,,,Natural,18,,No,436460.0,0.0,https://youtu.be/pfSB1BzK6F8?t=11612
2021,WS,303,1862,1,HydrantDude,Yes,Roll,1091800,275.0,965800.0,241.0,509640.0,132.0,951320.0,230.0,,,Natural,18,,No,441680.0,140480.0,https://youtu.be/pfSB1BzK6F8?t=11612
2021,WS,303,1863,2,Redshurt,No,Tap,174040,45.0,,,,,,,,,Natural,18,,No,,,https://youtu.be/pfSB1BzK6F8?t=12252
2021,WS,303,1864,2,HydrantDude,Yes,Roll,258400,53.0,235600.0,49.0,,,,,,,Intentional,18,,No,,,https://youtu.be/pfSB1BzK6F8?t=12252
2021,WS,303,1865,3,Redshurt,Yes,Tap,817200,239.0,773400.0,229.0,463260.0,130.0,809400.0,233.0,,,Natural,18,,No,346140.0,7800.0,https://youtu.be/pfSB1BzK6F8?t=12463
2021,WS,303,1866,3,HydrantDude,No,Roll,750960,178.0,,,617560.0,132.0,,,,,Natural,18,,No,133400.0,,https://youtu.be/pfSB1BzK6F8?t=12463
2021,WS,303,1867,4,Redshurt,No,Tap,221540,55.0,,,,,,,,,Natural,18,,No,,,https://youtu.be/pfSB1BzK6F8?t=13024
2021,WS,303,1868,4,HydrantDude,Yes,Roll,221927,70.0,221927.0,70.0,,,,,,,Intentional,18,,No,,,https://youtu.be/pfSB1BzK6F8?t=13024
2021,LQ,304,1869,1,iBall,No,Tap,641560,169.0,,,487200.0,130.0,,,,,Natural,18,,No,154360.0,,https://youtu.be/pfSB1BzK6F8?t=11612
2021,LQ,304,1870,1,Luis (POR),Yes,Tap,779880,186.0,742380.0,179.0,539700.0,130.0,,,,,Intentional,18,,No,240180.0,,https://youtu.be/pfSB1BzK6F8?t=11612
2021,LQ,304,1871,2,iBall,Yes,Tap,207100,57.0,201400.0,54.0,,,,,,,Intentional,18,,No,,,https://youtu.be/pfSB1BzK6F8?t=12252
2021,LQ,304,1872,2,Luis (POR),No,Tap,191900,44.0,,,,,,,,,Natural,18,,No,,,https://youtu.be/pfSB1BzK6F8?t=12252
2021,LQ,304,1873,3,iBall,No,Tap,387980,93.0,,,,,,,,,Natural,18,,No,,,https://youtu.be/pfSB1BzK6F8?t=12463
2021,LQ,304,1874,3,Luis (POR),Yes,Tap,397536,164.0,397536.0,164.0,338316.0,131.0,,,,,Intentional,18,,No,59220.0,,https://youtu.be/pfSB1BzK6F8?t=12463
2021,LQ,304,1875,4,iBall,No,Tap,511780,160.0,,,400060.0,132.0,,,,,Natural,18,,No,111720.0,,https://youtu.be/pfSB1BzK6F8?t=12942
2021,LQ,304,1876,4,Luis (POR),Yes,Tap,898252,209.0,641492.0,161.0,500212.0,130.0,,,,,Intentional,18,,No,398040.0,,https://youtu.be/pfSB1BzK6F8?t=12942
2021,LQ,305,1877,1,Redshurt,No,Tap,128060,36.0,,,,,,,,,Natural,18,,No,,,https://youtu.be/8LBY3HIsH5Y?t=598
2021,LQ,305,1878,1,DanV,Yes,Tap,175940,43.0,151240.0,37.0,,,,,,,Intentional,18,,No,,,https://youtu.be/8LBY3HIsH5Y?t=598
2021,LQ,305,1879,2,Redshurt,No,Tap,616981,162.0,,,517281.0,131.0,,,,,Natural,18,,No,99700.0,,https://youtu.be/8LBY3HIsH5Y?t=765
2021,LQ,305,1880,2,DanV,Yes,Tap,767000,172.0,767000.0,172.0,586020.0,130.0,,,,,Intentional,18,,No,180980.0,,https://youtu.be/8LBY3HIsH5Y?t=765
2021,LQ,305,1881,3,Redshurt,Yes,Tap,121221,28.0,121221.0,28.0,,,,,,,Intentional,18,,No,,,https://youtu.be/8LBY3HIsH5Y?t=1224
2021,LQ,305,1882,3,DanV,No,Tap,73720,19.0,,,,,,,,,Natural,18,,No,,,https://youtu.be/8LBY3HIsH5Y?t=1224
2021,LQ,305,1883,4,Redshurt,Yes,Tap,680921,201.0,680921.0,201.0,472021.0,133.0,,,,,Intentional,18,,No,208900.0,,https://youtu.be/8LBY3HIsH5Y?t=1346
2021,LQ,305,1884,4,DanV,No,Tap,660380,164.0,,,522180.0,132.0,,,,,Natural,18,,No,138200.0,,https://youtu.be/8LBY3HIsH5Y?t=1346
2021,LQ,305,1885,5,Redshurt,No,Tap,505500,134.0,,,504700.0,133.0,,,,,Natural,18,,No,800.0,,https://youtu.be/8LBY3HIsH5Y?t=1844
2021,LQ,305,1886,5,DanV,Yes,Tap,529360,135.0,529360.0,135.0,522560.0,131.0,,,,,Intentional,18,,No,6800.0,,https://youtu.be/8LBY3HIsH5Y?t=1844
2021,LQ,306,1887,1,TegaMech,Yes,Roll,981740,248.0,981740.0,248.0,417680.0,133.0,930360.0,232.0,,,Natural,18,,No,512680.0,51380.0,https://youtu.be/8LBY3HIsH5Y?t=598
2021,LQ,306,1888,1,Luis (POR),No,Tap,900381,230.0,,,539301.0,132.0,900381.0,230.0,,,Natural,18,,No,361080.0,0.0,https://youtu.be/8LBY3HIsH5Y?t=598
2021,LQ,306,1889,2,TegaMech,No,Roll,494960,145.0,,,481500.0,130.0,,,,,Natural,18,,No,13460.0,,https://youtu.be/8LBY3HIsH5Y?t=1224
2021,LQ,306,1890,2,Luis (POR),Yes,Tap,582272,172.0,582272.0,172.0,426052.0,130.0,,,,,Intentional,18,,No,156220.0,,https://youtu.be/8LBY3HIsH5Y?t=1224
2021,LQ,306,1891,3,TegaMech,No,Roll,253840,92.0,,,,,,,,,Natural,18,,No,,,https://youtu.be/8LBY3HIsH5Y?t=1678
2021,LQ,306,1892,3,Luis (POR),Yes,Tap,447260,113.0,447260.0,113.0,,,,,,,Intentional,18,,No,,,https://youtu.be/8LBY3HIsH5Y?t=1678
2021,LQ,306,1893,4,TegaMech,No,Roll,375853,143.0,,,364473.0,130.0,,,,,Natural,18,,No,11380.0,,https://youtu.be/8LBY3HIsH5Y?t=1990
2021,LQ,306,1894,4,Luis (POR),Yes,Tap,715564,195.0,571604.0,157.0,504324.0,133.0,,,,,Intentional,18,,No,211240.0,,https://youtu.be/8LBY3HIsH5Y?t=1990
2021,WF,307,1895,1,HydrantDude,No,Roll,846760,238.0,,,543880.0,130.0,838360.0,231.0,,,Natural,18,,No,294480.0,8400.0,https://youtu.be/8LBY3HIsH5Y?t=2931
2021,WF,307,1896,1,Nenu,Yes,Tap,1135100,233.0,1135100.0,233.0,577280.0,131.0,1126100.0,230.0,,,Natural,18,,No,548820.0,9000.0,https://youtu.be/8LBY3HIsH5Y?t=2931
2021,WF,307,1897,2,HydrantDude,No,Roll,278920,74.0,,,,,,,,,Natural,18,,No,,,https://youtu.be/8LBY3HIsH5Y?t=3525
2021,WF,307,1898,2,Nenu,Yes,Tap,338200,76.0,338200.0,76.0,,,,,,,Intentional,18,,No,,,https://youtu.be/8LBY3HIsH5Y?t=3525
2021,WF,307,1899,3,HydrantDude,No,Roll,712720,147.0,,,486460.0,131.0,,,,,Natural,18,,No,226260.0,,https://youtu.be/8LBY3HIsH5Y?t=3772
2021,WF,307,1900,3,Nenu,Yes,Tap,715700,217.0,715700.0,217.0,635800.0,132.0,,,,,Intentional,18,,No,79900.0,,https://youtu.be/8LBY3HIsH5Y?t=3772
2021,LS,308,1901,1,Luis (POR),Yes,Tap,833080,205.0,833080.0,205.0,468640.0,132.0,,,,,Intentional,18,,No,364440.0,,https://youtu.be/8LBY3HIsH5Y?t=2931
2021,LS,308,1902,1,DanV,No,Tap,797000,173.0,,,620220.0,131.0,,,,,Natural,18,,No,176780.0,,https://youtu.be/8LBY3HIsH5Y?t=2931
2021,LS,308,1903,2,Luis (POR),Yes,Tap,1038800,232.0,,,549540.0,133.0,1037600.0,231.0,,,Natural,18,,No,488060.0,1200.0,https://youtu.be/8LBY3HIsH5Y?t=3525
2021,LS,308,1904,2,DanV,No,Tap,965380,225.0,965380.0,225.0,618940.0,131.0,,,,,Natural,18,,No,346440.0,,https://youtu.be/8LBY3HIsH5Y?t=3525
2021,LS,308,1905,3,Luis (POR),Yes,Tap,822812,234.0,616592.0,175.0,460732.0,130.0,817412.0,230.0,,,Natural,18,,No,356680.0,5400.0,https://youtu.be/8LBY3HIsH5Y?t=4137
2021,LS,308,1906,3,DanV,No,Tap,616460,146.0,,,561320.0,131.0,,,,,Natural,18,,No,55140.0,,https://youtu.be/8LBY3HIsH5Y?t=4137
2021,LF,309,1907,1,HydrantDude,No,Roll,602060,173.0,,,469020.0,131.0,,,,,Natural,18,,No,133040.0,,https://youtu.be/8LBY3HIsH5Y?t=5056
2021,LF,309,1908,1,Luis (POR),Yes,Tap,865326,189.0,865326.0,189.0,598166.0,130.0,,,,,Intentional,18,,No,267160.0,,https://youtu.be/8LBY3HIsH5Y?t=5056
2021,LF,309,1909,2,HydrantDude,No,Roll,134140,68.0,,,,,,,,,Natural,18,,No,,,https://youtu.be/8LBY3HIsH5Y?t=5585
2021,LF,309,1910,2,Luis (POR),Yes,Tap,359860,78.0,359860.0,78.0,,,,,,,Intentional,18,,No,,,https://youtu.be/8LBY3HIsH5Y?t=5585
2021,LF,309,1911,3,HydrantDude,Yes,Roll,173660,45.0,173660.0,45.0,,,,,,,Intentional,18,,No,,,https://youtu.be/8LBY3HIsH5Y?t=5983
2021,LF,309,1912,3,Luis (POR),No,Tap,166820,36.0,,,,,,,,,Natural,18,,No,,,https://youtu.be/8LBY3HIsH5Y?t=5983
2021,LF,309,1913,4,HydrantDude,No,Roll,486520,164.0,,,411600.0,133.0,,,,,Natural,18,,No,74920.0,,https://youtu.be/8LBY3HIsH5Y?t=6276
2021,LF,309,1914,4,Luis (POR),Yes,Tap,741520,189.0,741520.0,189.0,492540.0,133.0,,,,,Intentional,18,,No,248980.0,,https://youtu.be/8LBY3HIsH5Y?t=6276
2021,GF,310,1915,1,Nenu,No,Tap,756800,185.0,,,559400.0,130.0,,,,,Natural,18,,No,197400.0,,https://youtu.be/8LBY3HIsH5Y?t=7396
2021,GF,310,1916,1,Luis (POR),Yes,Tap,859080,197.0,859080.0,197.0,528880.0,132.0,,,,,Intentional,18,,No,330200.0,,https://youtu.be/8LBY3HIsH5Y?t=7396
2021,GF,310,1917,2,Nenu,Yes,Tap,151620,38.0,151620.0,38.0,,,,,,,Intentional,18,,No,,,https://youtu.be/8LBY3HIsH5Y?t=7917
2021,GF,310,1918,2,Luis (POR),No,Tap,119320,27.0,,,,,,,,,Natural,18,,No,,,https://youtu.be/8LBY3HIsH5Y?t=7917
2021,GF,310,1919,3,Nenu,Yes,Tap,773040,189.0,773040.0,189.0,481560.0,130.0,,,,,Intentional,18,,No,291480.0,,https://youtu.be/8LBY3HIsH5Y?t=8067
2021,GF,310,1920,3,Luis (POR),No,Tap,515437,188.0,,,369457.0,130.0,,,,,Natural,18,,No,145980.0,,https://youtu.be/8LBY3HIsH5Y?t=8067
2021,GF,310,1921,4,Nenu,Yes,Tap,775220,205.0,775220.0,205.0,544980.0,132.0,,,,,Intentional,18,,No,230240.0,,https://youtu.be/8LBY3HIsH5Y?t=8551
2021,GF,310,1922,4,Luis (POR),No,Tap,756600,180.0,,,548260.0,132.0,,,,,Natural,18,,No,208340.0,,https://youtu.be/8LBY3HIsH5Y?t=8551
2021,WQ,311,1923,1,Ruins,Yes,Roll,509360,147.0,509360.0,147.0,431360.0,131.0,,,,,Intentional,18,,No,78000.0,,https://youtu.be/PI4JinTL4hg?t=5545
2021,WQ,311,1924,1,TT Playa,No,Tap,470820,122.0,,,,,,,,,Natural,18,,No,,,https://youtu.be/PI4JinTL4hg?t=5545
2021,WQ,311,1925,2,Ruins,No,Roll,529740,155.0,,,486460.0,131.0,,,,,Natural,18,,No,43280.0,,https://youtu.be/PI4JinTL4hg?t=5953
2021,WQ,311,1926,2,TT Playa,Yes,Tap,768540,170.0,768540.0,170.0,593560.0,131.0,,,,,Intentional,18,,No,174980.0,,https://youtu.be/PI4JinTL4hg?t=5953
2021,WQ,311,1927,3,Ruins,Yes,Roll,955220,238.0,955220.0,238.0,522560.0,132.0,940220.0,230.0,,,Natural,18,,No,417660.0,15000.0,https://youtu.be/PI4JinTL4hg?t=6420
2021,WQ,311,1928,3,TT Playa,No,Tap,926500,229.0,,,432500.0,130.0,,,,,Natural,18,,No,494000.0,,https://youtu.be/PI4JinTL4hg?t=6420
2021,WQ,311,1929,4,Ruins,Yes,Roll,431680,112.0,431680.0,112.0,,,,,,,Intentional,18,,No,,,https://youtu.be/PI4JinTL4hg?t=7029
2021,WQ,311,1930,4,TT Playa,No,Tap,306280,102.0,,,,,,,,,Natural,18,,No,,,https://youtu.be/PI4JinTL4hg?t=7029
2021,WQ,312,1931,1,Somalian,Yes,Tap,553300,145.0,553300.0,145.0,518420.0,130.0,,,,,Intentional,18,,No,34880.0,,https://youtu.be/PI4JinTL4hg?t=5545
2021,WQ,312,1932,1,Sam Finch,No,Tap,549260,135.0,,,524460.0,130.0,,,,,Natural,18,,No,24800.0,,https://youtu.be/PI4JinTL4hg?t=5545
2021,WQ,312,1933,2,Somalian,Yes,Tap,692320,171.0,692320.0,171.0,563220.0,133.0,,,,,Intentional,18,,No,129100.0,,https://youtu.be/PI4JinTL4hg?t=5953
2021,WQ,312,1934,2,Sam Finch,No,Tap,624231,170.0,,,545131.0,131.0,,,,,Natural,18,,No,79100.0,,https://youtu.be/PI4JinTL4hg?t=5953
2021,WQ,312,1935,3,Somalian,No,Tap,637900,162.0,,,538520.0,130.0,,,,,Natural,18,,No,99380.0,,https://youtu.be/PI4JinTL4hg?t=6484
2021,WQ,312,1936,3,Sam Finch,Yes,Tap,644666,207.0,644666.0,207.0,522586.0,130.0,,,,,Intentional,18,,No,122080.0,,https://youtu.be/PI4JinTL4hg?t=6484
2021,WQ,312,1937,4,Somalian,No,Tap,914460,227.0,,,423360.0,130.0,,,,,Natural,18,,No,491100.0,,https://youtu.be/PI4JinTL4hg?t=7029
2021,WQ,312,1938,4,Sam Finch,Yes,Tap,1099766,243.0,1099766.0,243.0,558666.0,132.0,1087006.0,233.0,,,Natural,18,,No,528340.0,12760.0,https://youtu.be/PI4JinTL4hg?t=7029
2021,WQ,312,1939,5,Somalian,No,Tap,910980,230.0,910980.0,230.0,430600.0,131.0,,,,,Natural,18,,No,,,https://youtu.be/PI4JinTL4hg?t=7640
2021,WQ,312,1940,5,Sam Finch,Yes,Tap,958200,235.0,,,485300.0,130.0,953400.0,231.0,,,Natural,18,,No,468100.0,4800.0,https://youtu.be/PI4JinTL4hg?t=7640
2021,WS,313,1941,1,Ruins,Yes,Roll,296020,71.0,296020.0,71.0,,,,,,,Intentional,18,,No,,,https://youtu.be/PI4JinTL4hg?t=8783
2021,WS,313,1942,1,Sam Finch,No,Tap,247380,56.0,,,,,,,,,Natural,18,,No,,,https://youtu.be/PI4JinTL4hg?t=8783
2021,WS,313,1943,2,Ruins,No,Roll,1091160,251.0,,,468980.0,130.0,1001980.0,232.0,,,Natural,18,,No,533000.0,89180.0,https://youtu.be/PI4JinTL4hg?t=9046
2021,WS,313,1944,2,Sam Finch,Yes,Tap,1103516,222.0,1103516.0,222.0,546676.0,130.0,,,,,Natural,18,,No,556840.0,,https://youtu.be/PI4JinTL4hg?t=9046
2021,WS,313,1945,3,Ruins,No,Roll,41420,26.0,,,,,,,,,Natural,18,,No,,,https://youtu.be/PI4JinTL4hg?t=10356
2021,WS,313,1946,3,Sam Finch,Yes,Tap,141740,48.0,141740.0,48.0,,,,,,,Intentional,18,,No,,,https://youtu.be/PI4JinTL4hg?t=10356
2021,WS,313,1947,4,Ruins,Yes,Roll,782520,167.0,782520.0,167.0,614900.0,130.0,,,,,Intentional,18,,No,167620.0,,https://youtu.be/PI4JinTL4hg?t=10526
2021,WS,313,1948,4,Sam Finch,No,Tap,615100,144.0,,,560940.0,130.0,,,,,Natural,18,,No,54160.0,,https://youtu.be/PI4JinTL4hg?t=10526
2021,WS,313,1949,5,Ruins,Yes,Roll,1147640,238.0,1147640.0,238.0,560940.0,133.0,1132040.0,230.0,,,Natural,18,,No,571100.0,15600.0,https://youtu.be/PI4JinTL4hg?t=11083
2021,WS,313,1950,5,Sam Finch,No,Tap,1005200,220.0,,,578780.0,130.0,,,,,Natural,18,,No,426420.0,,https://youtu.be/PI4JinTL4hg?t=11083
2021,LQ,314,1951,1,TT Playa,Yes,Tap,1111620,224.0,1111620.0,224.0,636160.0,130.0,,,,,Natural,18,,No,475460.0,,https://youtu.be/PI4JinTL4hg?t=8783
2021,LQ,314,1952,1,Somalian,No,Tap,947420,230.0,,,489160.0,130.0,947420.0,230.0,,,Natural,18,,No,458260.0,0.0,https://youtu.be/PI4JinTL4hg?t=8783
2021,LQ,314,1953,2,TT Playa,No,Tap,886360,227.0,,,472260.0,130.0,,,,,Natural,18,,No,414100.0,,https://youtu.be/PI4JinTL4hg?t=9354
2021,LQ,314,1954,2,Somalian,Yes,Tap,1014240,234.0,1014240.0,234.0,457960.0,133.0,1009440.0,230.0,,,Natural,18,,No,551480.0,4800.0,https://youtu.be/PI4JinTL4hg?t=9354
2021,LQ,314,1955,3,TT Playa,No,Tap,902220,236.0,,,407460.0,131.0,898020.0,233.0,,,Natural,18,,No,490560.0,4200.0,https://youtu.be/PI4JinTL4hg?t=10005
2021,LQ,314,1956,3,Somalian,Yes,Tap,920020,226.0,920020.0,226.0,433260.0,132.0,,,,,Natural,18,,No,486760.0,,https://youtu.be/PI4JinTL4hg?t=10005
2021,LQ,314,1957,4,TT Playa,Yes,Tap,1136140,236.0,1136140.0,236.0,525220.0,132.0,1130740.0,232.0,,,Natural,18,,No,605520.0,5400.0,https://youtu.be/PI4JinTL4hg?t=10592
2021,LQ,314,1958,4,Somalian,No,Tap,1103540,228.0,,,560160.0,130.0,,,,,Natural,18,,No,543380.0,,https://youtu.be/PI4JinTL4hg?t=10592
2021,LQ,314,1959,5,TT Playa,No,Tap,578400,159.0,,,464420.0,131.0,,,,,Natural,18,,No,113980.0,,https://youtu.be/PI4JinTL4hg?t=11190
2021,LQ,314,1960,5,Somalian,Yes,Tap,636820,161.0,636820.0,161.0,521040.0,133.0,,,,,Intentional,18,,No,115780.0,,https://youtu.be/PI4JinTL4hg?t=11190
2021,WQ,315,1961,1,meme,Yes,Tap,868660,212.0,868660.0,212.0,463280.0,130.0,,,,,Intentional,18,,No,405380.0,,https://youtu.be/gy0Ti-Nc_TE?t=1577
2021,WQ,315,1962,1,B14NK,No,Tap,712380,211.0,,,424880.0,130.0,,,,,Natural,18,,No,287500.0,,https://youtu.be/gy0Ti-Nc_TE?t=1577
2021,WQ,315,1963,2,meme,No,Tap,1006520,230.0,,,551820.0,132.0,1006520.0,230.0,,,Natural,18,,No,454700.0,0.0,https://youtu.be/PI4JinTL4hg?t=1
2021,WQ,315,1964,2,B14NK,Yes,Tap,1108960,233.0,1108960.0,233.0,526740.0,133.0,1105360.0,230.0,,,Natural,18,,No,578620.0,3600.0,https://youtu.be/PI4JinTL4hg?t=1
2021,WQ,315,1965,3,meme,Yes,Tap,581760,151.0,581760.0,151.0,559420.0,133.0,,,,,Intentional,18,,No,22340.0,,https://youtu.be/PI4JinTL4hg?t=305
2021,WQ,315,1966,3,B14NK,No,Tap,560220,143.0,,,525640.0,131.0,,,,,Natural,18,,No,34580.0,,https://youtu.be/PI4JinTL4hg?t=305
2021,WQ,315,1967,4,meme,Yes,Tap,1162620,238.0,1162620.0,238.0,593980.0,130.0,1121820.0,230.0,,,Natural,18,,No,527840.0,40800.0,https://youtu.be/PI4JinTL4hg?t=867
2021,WQ,315,1968,4,B14NK,No,Tap,1002260,231.0,,,545360.0,131.0,1002260.0,231.0,,,Natural,18,,No,456900.0,0.0,https://youtu.be/PI4JinTL4hg?t=867
2021,WQ,316,1969,1,Koryan,Yes,Tap,928280,212.0,928280.0,212.0,563600.0,131.0,,,,,Intentional,18,,No,364680.0,,https://youtu.be/gy0Ti-Nc_TE?t=1589
2021,WQ,316,1970,1,Nerdzzzzz,No,Tap,783959,197.0,,,522019.0,132.0,,,,,Natural,18,,No,261940.0,,https://youtu.be/gy0Ti-Nc_TE?t=1589
2021,WQ,316,1971,2,Koryan,No,Tap,651560,206.0,,,445420.0,132.0,,,,,Natural,18,,No,206140.0,,https://youtu.be/PI4JinTL4hg?t=1
2021,WQ,316,1972,2,Nerdzzzzz,Yes,Tap,881471,215.0,881471.0,215.0,549191.0,131.0,,,,,Intentional,18,,No,332280.0,,https://youtu.be/PI4JinTL4hg?t=1
2021,WQ,316,1973,3,Koryan,No,Tap,815280,216.0,,,532440.0,131.0,,,,,Natural,18,,No,282840.0,,https://youtu.be/PI4JinTL4hg?t=284
2021,WQ,316,1974,3,Nerdzzzzz,Yes,Tap,1051450,231.0,1051450.0,231.0,506790.0,133.0,1051450.0,231.0,,,Natural,18,,No,544660.0,0.0,https://youtu.be/PI4JinTL4hg?t=284
2021,WQ,316,1975,4,Koryan,Yes,Tap,710280,162.0,710280.0,162.0,616420.0,131.0,,,,,Natural,18,,No,93860.0,,https://youtu.be/PI4JinTL4hg?t=867
2021,WQ,316,1976,4,Nerdzzzzz,No,Tap,674431,171.0,,,504071.0,132.0,,,,,Natural,18,,No,170360.0,,https://youtu.be/PI4JinTL4hg?t=867
2021,WQ,316,1977,5,Koryan,No,Tap,495900,127.0,,,,,,,,,Natural,18,,No,,,https://youtu.be/PI4JinTL4hg?t=1369
2021,WQ,316,1978,5,Nerdzzzzz,Yes,Tap,568833,152.0,568833.0,152.0,487153.0,130.0,,,,,Intentional,18,,No,81680.0,,https://youtu.be/PI4JinTL4hg?t=1369
2021,WS,317,1979,1,meme,Yes,Tap,209380,41.0,209380.0,41.0,,,,,,,Intentional,18,,No,,,https://youtu.be/PI4JinTL4hg?t=2956
2021,WS,317,1980,1,Nerdzzzzz,No,Tap,123120,32.0,,,,,,,,,Natural,18,,No,,,https://youtu.be/PI4JinTL4hg?t=2956
2021,WS,317,1981,2,meme,Yes,Tap,1119020,236.0,1119020.0,236.0,478460.0,130.0,1114820.0,233.0,,,Natural,18,,No,636360.0,4200.0,https://youtu.be/PI4JinTL4hg?t=3104
2021,WS,317,1982,2,Nerdzzzzz,No,Tap,983440,227.0,,,582840.0,131.0,,,,,Natural,18,,No,400600.0,,https://youtu.be/PI4JinTL4hg?t=3104
2021,WS,317,1983,3,meme,Yes,Tap,681200,160.0,681200.0,160.0,522940.0,131.0,,,,,Intentional,18,,No,158260.0,,https://youtu.be/PI4JinTL4hg?t=3733
2021,WS,317,1984,3,Nerdzzzzz,No,Tap,581650,160.0,,,510870.0,133.0,,,,,Natural,18,,No,70780.0,,https://youtu.be/PI4JinTL4hg?t=3733
2021,LQ,318,1985,1,B14NK,Yes,Tap,1169840,237.0,1169840.0,237.0,563600.0,133.0,1133840.0,233.0,,,Natural,18,,No,570240.0,36000.0,https://youtu.be/PI4JinTL4hg?t=2956
2021,LQ,318,1986,1,Koryan,No,Tap,991940,232.0,,,540420.0,132.0,991940.0,232.0,,,Natural,18,,No,451520.0,0.0,https://youtu.be/PI4JinTL4hg?t=2956
2021,LQ,318,1987,2,B14NK,No,Tap,278160,76.0,,,,,,,,,Natural,18,,No,,,https://youtu.be/PI4JinTL4hg?t=3557
2021,LQ,318,1988,2,Koryan,Yes,Tap,358340,94.0,358340.0,94.0,,,,,,,Intentional,18,,No,,,https://youtu.be/PI4JinTL4hg?t=3557
2021,LQ,318,1989,3,B14NK,No,Tap,610480,172.0,,,452240.0,130.0,,,,,Natural,18,,No,158240.0,,https://youtu.be/PI4JinTL4hg?t=3838
2021,LQ,318,1990,3,Koryan,Yes,Tap,722580,185.0,722580.0,185.0,540400.0,130.0,,,,,Intentional,18,,No,182180.0,,https://youtu.be/PI4JinTL4hg?t=3838
2021,LQ,318,1991,4,B14NK,No,Tap,764460,207.0,,,512300.0,133.0,,,,,Natural,18,,No,252160.0,,https://youtu.be/PI4JinTL4hg?t=4369
2021,LQ,318,1992,4,Koryan,Yes,Tap,943040,216.0,943040.0,216.0,599940.0,131.0,,,,,Intentional,18,,No,343100.0,,https://youtu.be/PI4JinTL4hg?t=4369
2021,LQ,319,1993,1,Nerdzzzzz,No,Tap,727200,216.0,,,395000.0,131.0,,,,,Natural,18,,No,332200.0,,https://youtu.be/PI4JinTL4hg?t=14894
2021,LQ,319,1994,1,Somalian,Yes,Tap,1054540,226.0,1054540.0,226.0,596660.0,132.0,,,,,Natural,18,,No,457880.0,,https://youtu.be/PI4JinTL4hg?t=14894
2021,LQ,319,1995,2,Nerdzzzzz,No,Tap,613741,214.0,,,296761.0,131.0,,,,,Natural,18,,No,316980.0,,https://youtu.be/PI4JinTL4hg?t=15591
2021,LQ,319,1996,2,Somalian,Yes,Tap,764000,192.0,764000.0,192.0,503160.0,130.0,,,,,Natural,18,,No,260840.0,,https://youtu.be/PI4JinTL4hg?t=15591
2021,LQ,319,1997,3,Nerdzzzzz,No,Tap,628112,152.0,,,,,,,,,Natural,18,,No,,,https://youtu.be/PI4JinTL4hg?t=16126
2021,LQ,319,1998,3,Somalian,Yes,Tap,682300,150.0,682300.0,150.0,,,,,,,Intentional,18,,No,,,https://youtu.be/PI4JinTL4hg?t=16126
2021,LQ,320,1999,1,Sam Finch,No,Tap,624200,184.0,,,539660.0,131.0,,,,,Natural,18,,No,84540.0,,https://youtu.be/PI4JinTL4hg?t=14894
2021,LQ,320,2000,1,Koryan,Yes,Tap,786500,194.0,786500.0,194.0,583600.0,132.0,,,,,Intentional,18,,No,202900.0,,https://youtu.be/PI4JinTL4hg?t=14894
2021,LQ,320,2001,2,Sam Finch,Yes,Tap,749580,172.0,749580.0,172.0,570680.0,131.0,,,,,Intentional,18,,No,178900.0,,https://youtu.be/PI4JinTL4hg?t=15524
2021,LQ,320,2002,2,Koryan,No,Tap,584160,143.0,,,531680.0,131.0,,,,,Natural,18,,No,52480.0,,https://youtu.be/PI4JinTL4hg?t=15524
2021,LQ,320,2003,3,Sam Finch,No,Tap,804000,179.0,,,578780.0,130.0,,,,,Natural,18,,No,225220.0,,https://youtu.be/PI4JinTL4hg?t=16030
2021,LQ,320,2004,3,Koryan,Yes,Tap,906420,191.0,906420.0,191.0,584740.0,132.0,,,,,Intentional,18,,No,321680.0,,https://youtu.be/PI4JinTL4hg?t=16030
2021,LQ,320,2005,4,Sam Finch,No,Tap,708080,177.0,,,503160.0,130.0,,,,,Natural,18,,No,204920.0,,https://youtu.be/PI4JinTL4hg?t=16583
2021,LQ,320,2006,4,Koryan,Yes,Tap,781760,190.0,781760.0,190.0,541560.0,130.0,,,,,Intentional,18,,No,240200.0,,https://youtu.be/PI4JinTL4hg?t=16583
2021,WF,321,2007,1,Ruins,Yes,Roll,1287760,272.0,1192620.0,252.0,617540.0,130.0,1125980.0,230.0,,,Intentional,18,,No,508440.0,161780.0,https://youtu.be/PI4JinTL4hg?t=17719
2021,WF,321,2008,1,meme,No,Tap,1017620,235.0,,,530200.0,131.0,1011620.0,230.0,,,Natural,18,,No,481420.0,6000.0,https://youtu.be/PI4JinTL4hg?t=17719
2021,WF,321,2009,2,Ruins,No,Roll,874660,248.0,,,556760.0,130.0,849080.0,232.0,,,Natural,18,,No,292320.0,25580.0,https://youtu.be/PI4JinTL4hg?t=18420
2021,WF,321,2010,2,meme,Yes,Tap,1101600,241.0,1101600.0,241.0,637700.0,130.0,1091320.0,233.0,,,Natural,18,,No,453620.0,10280.0,https://youtu.be/PI4JinTL4hg?t=18420
2021,WF,321,2011,3,Ruins,No,Roll,962100,235.0,,,403660.0,130.0,926100.0,231.0,,,Natural,18,,No,522440.0,36000.0,https://youtu.be/PI4JinTL4hg?t=19020
2021,WF,321,2012,3,meme,Yes,Tap,1017220,217.0,1017220.0,217.0,609200.0,133.0,,,,,Intentional,18,,No,408020.0,,https://youtu.be/PI4JinTL4hg?t=19020
2021,WF,321,2013,4,Ruins,Yes,Roll,1129160,236.0,1129160.0,236.0,557140.0,131.0,1091960.0,231.0,,,Natural,18,,No,534820.0,37200.0,https://youtu.be/PI4JinTL4hg?t=19598
2021,WF,321,2014,4,meme,No,Tap,1123800,233.0,,,540840.0,131.0,1122600.0,232.0,,,Natural,18,,No,581760.0,1200.0,https://youtu.be/PI4JinTL4hg?t=19598
2021,WF,321,2015,5,Ruins,No,Roll,216980,91.0,,,,,,,,,Natural,18,,No,,,https://youtu.be/PI4JinTL4hg?t=20563
2021,WF,321,2016,5,meme,Yes,Tap,409640,90.0,409640.0,90.0,,,,,,,Intentional,18,,No,,,https://youtu.be/PI4JinTL4hg?t=20563
2021,LS,322,2017,1,Somalian,No,Tap,695660,216.0,,,429500.0,131.0,,,,,Natural,18,,No,266160.0,,https://youtu.be/PI4JinTL4hg?t=17719
2021,LS,322,2018,1,Koryan,Yes,Tap,807720,211.0,807720.0,211.0,529640.0,130.0,,,,,Natural,18,,No,278080.0,,https://youtu.be/PI4JinTL4hg?t=17719
2021,LS,322,2019,2,Somalian,Yes,Tap,1000500,237.0,1000500.0,237.0,465800.0,130.0,994500.0,232.0,,,Natural,18,,No,528700.0,6000.0,https://youtu.be/PI4JinTL4hg?t=18356
2021,LS,322,2020,2,Koryan,No,Tap,886580,218.0,,,600460.0,133.0,,,,,Natural,18,,No,286120.0,,https://youtu.be/PI4JinTL4hg?t=18356
2021,LS,322,2021,3,Somalian,No,Tap,690780,161.0,,,574600.0,130.0,,,,,Natural,18,,No,116180.0,,https://youtu.be/PI4JinTL4hg?t=18997
2021,LS,322,2022,3,Koryan,Yes,Tap,713280,203.0,713280.0,203.0,492920.0,131.0,,,,,Intentional,18,,No,220360.0,,https://youtu.be/PI4JinTL4hg?t=18997
2021,LS,322,2023,4,Somalian,Yes,Tap,1039420,208.0,1039420.0,208.0,597780.0,130.0,,,,,Natural,18,,No,441640.0,,https://youtu.be/PI4JinTL4hg?t=19574
2021,LS,322,2024,4,Koryan,No,Tap,962580,238.0,,,473520.0,130.0,954780.0,232.0,,,Natural,18,,No,481260.0,7800.0,https://youtu.be/PI4JinTL4hg?t=19574
2021,LS,322,2025,5,Somalian,No,Tap,721360,199.0,,,448840.0,131.0,,,,,Natural,18,,No,272520.0,,https://youtu.be/PI4JinTL4hg?t=20231
2021,LS,322,2026,5,Koryan,Yes,Tap,800200,214.0,800200.0,214.0,453780.0,130.0,,,,,Intentional,18,,No,346420.0,,https://youtu.be/PI4JinTL4hg?t=20231
2021,LF,323,2027,1,Ruins,Yes,Roll,684860,174.0,684860.0,174.0,526740.0,132.0,,,,,Intentional,18,,No,158120.0,,https://youtu.be/PI4JinTL4hg?t=21323
2021,LF,323,2028,1,Koryan,No,Tap,678580,162.0,,,563220.0,132.0,,,,,Natural,18,,No,115360.0,,https://youtu.be/PI4JinTL4hg?t=21323
2021,LF,323,2029,2,Ruins,No,Roll,796300,192.0,,,542320.0,131.0,,,,,Natural,18,,No,253980.0,,https://youtu.be/PI4JinTL4hg?t=21820
2021,LF,323,2030,2,Koryan,Yes,Tap,820100,206.0,820100.0,206.0,546500.0,132.0,,,,,Intentional,18,,No,273600.0,,https://youtu.be/PI4JinTL4hg?t=21820
2021,LF,323,2031,3,Ruins,No,Roll,689660,158.0,,,578780.0,130.0,,,,,Natural,18,,No,110880.0,,https://youtu.be/PI4JinTL4hg?t=22351
2021,LF,323,2032,3,Koryan,Yes,Tap,697980,200.0,697980.0,200.0,486460.0,131.0,,,,,Intentional,18,,No,211520.0,,https://youtu.be/PI4JinTL4hg?t=22351
2021,LF,323,2033,4,Ruins,Yes,Roll,890360,191.0,890360.0,191.0,615660.0,131.0,,,,,Intentional,18,,No,274700.0,,https://youtu.be/PI4JinTL4hg?t=22878
2021,LF,323,2034,4,Koryan,No,Tap,675920,187.0,,,461740.0,130.0,,,,,Natural,18,,No,214180.0,,https://youtu.be/PI4JinTL4hg?t=22878
2021,LF,323,2035,5,Ruins,Yes,Roll,799660,210.0,799660.0,210.0,408600.0,130.0,,,,,Intentional,18,,No,391060.0,,https://youtu.be/PI4JinTL4hg?t=23415
2021,LF,323,2036,5,Koryan,No,Tap,742700,187.0,,,587960.0,130.0,,,,,Natural,18,,No,154740.0,,https://youtu.be/PI4JinTL4hg?t=23415
2021,GF,324,2037,1,Ruins,Yes,Roll,1185840,245.0,1185840.0,245.0,617980.0,131.0,1103420.0,230.0,,,Natural,18,,No,485440.0,82420.0,https://youtu.be/Rsv6PaaJs3M?t=24
2021,GF,324,2038,1,meme,No,Tap,1151740,255.0,,,508500.0,133.0,1116420.0,233.0,,,Natural,18,,No,607920.0,35320.0,https://youtu.be/Rsv6PaaJs3M?t=24
2021,GF,324,2039,2,Ruins,Yes,Roll,1111300,244.0,1111300.0,244.0,543820.0,130.0,1063080.0,231.0,,,Natural,18,,No,519260.0,48220.0,https://youtu.be/Rsv6PaaJs3M?t=697
2021,GF,324,2040,2,meme,No,Tap,1095480,228.0,,,637320.0,131.0,,,,,Natural,18,,No,458160.0,,https://youtu.be/Rsv6PaaJs3M?t=697
2021,GF,324,2041,3,Ruins,Yes,Roll,152380,39.0,152380.0,39.0,,,,,,,Intentional,18,,No,,,https://youtu.be/Rsv6PaaJs3M?t=1338
2021,GF,324,2042,3,meme,No,Tap,104500,28.0,,,,,,,,,Natural,18,,No,,,https://youtu.be/Rsv6PaaJs3M?t=1338
2021,GFBR,325,2043,1,Ruins,Yes,Roll,1124480,260.0,1124480.0,260.0,564360.0,133.0,1087000.0,232.0,,,Natural,18,,No,522640.0,37480.0,https://youtu.be/Rsv6PaaJs3M?t=1499
2021,GFBR,325,2044,1,meme,No,Tap,1118320,233.0,,,568920.0,133.0,1109320.0,230.0,,,Natural,18,,No,540400.0,9000.0,https://youtu.be/Rsv6PaaJs3M?t=1499
2021,GFBR,325,2045,2,Ruins,Yes,Roll,1159420,249.0,1159420.0,249.0,614120.0,130.0,1103140.0,230.0,,,Natural,18,,No,489020.0,56280.0,https://youtu.be/Rsv6PaaJs3M?t=2222
2021,GFBR,325,2046,2,meme,No,Tap,1136040,228.0,,,600080.0,131.0,,,,,Natural,18,,No,535960.0,,https://youtu.be/Rsv6PaaJs3M?t=2222
2021,GFBR,325,2047,3,Ruins,Yes,Roll,1017420,264.0,957700.0,243.0,526360.0,132.0,940720.0,231.0,,,Natural,18,,No,414360.0,76700.0,https://youtu.be/Rsv6PaaJs3M?t=2936
2021,GFBR,325,2048,3,meme,No,Tap,848480,235.0,,,463320.0,131.0,845480.0,233.0,,,Natural,18,,No,382160.0,3000.0,https://youtu.be/Rsv6PaaJs3M?t=2936
2021,WQ,326,2049,1,dogplayingtetris,Yes,Tap,872200,216.0,872200.0,216.0,504700.0,133.0,,,,,Intentional,18,,No,367500.0,,https://youtu.be/nOZCC4bOFcA?t=2953
2021,WQ,326,2050,1,DMJ,No,Tap,796400,202.0,,,508500.0,130.0,,,,,Natural,18,,No,287900.0,,https://youtu.be/nOZCC4bOFcA?t=2953
2021,WQ,326,2051,2,dogplayingtetris,Yes,Tap,748980,176.0,748980.0,176.0,521020.0,130.0,,,,,Intentional,18,,No,227960.0,,https://youtu.be/nOZCC4bOFcA?t=3533
2021,WQ,326,2052,2,DMJ,No,Tap,575260,161.0,,,437800.0,130.0,,,,,Natural,18,,No,137460.0,,https://youtu.be/nOZCC4bOFcA?t=3533
2021,WQ,326,2053,3,dogplayingtetris,Yes,Tap,1107640,233.0,1107640.0,233.0,601980.0,133.0,1106440.0,232.0,,,Natural,18,,No,504460.0,1200.0,https://youtu.be/nOZCC4bOFcA?t=4096
2021,WQ,326,2054,3,DMJ,No,Tap,1008320,232.0,,,519880.0,130.0,1007120.0,231.0,,,Natural,18,,No,487240.0,1200.0,https://youtu.be/nOZCC4bOFcA?t=4096
2021,WQ,327,2055,1,Quaid,No,DAS,414868,132.0,,,413268.0,130.0,,,,,Natural,18,,No,1600.0,,https://youtu.be/nOZCC4bOFcA?t=2322
2021,WQ,327,2056,1,Lazer,Yes,Roll,492660,145.0,492660.0,145.0,439720.0,130.0,,,,,Intentional,18,,No,52940.0,,https://youtu.be/nOZCC4bOFcA?t=2322
2021,WQ,327,2057,2,Quaid,No,DAS,549932,144.0,,,515452.0,133.0,,,,,Natural,18,,No,34480.0,,https://youtu.be/nOZCC4bOFcA?t=2759
2021,WQ,327,2058,2,Lazer,Yes,Roll,562720,175.0,562720.0,175.0,426800.0,131.0,,,,,Intentional,18,,No,135920.0,,https://youtu.be/nOZCC4bOFcA?t=2759
2021,WQ,327,2059,3,Quaid,Yes,DAS,88934,32.0,88934.0,32.0,,,,,,,Intentional,18,,No,,,https://youtu.be/nOZCC4bOFcA?t=3233
2021,WQ,327,2060,3,Lazer,No,Roll,71820,16.0,,,,,,,,,Natural,18,,No,,,https://youtu.be/nOZCC4bOFcA?t=3233
2021,WQ,327,2061,4,Quaid,No,DAS,619288,199.0,,,447028.0,130.0,,,,,Natural,18,,No,172260.0,,https://youtu.be/nOZCC4bOFcA?t=3396
2021,WQ,327,2062,4,Lazer,Yes,Roll,668880,161.0,668880.0,161.0,616040.0,131.0,,,,,Natural,18,,No,52840.0,,https://youtu.be/nOZCC4bOFcA?t=3396
2021,WS,328,2063,1,dogplayingtetris,No,Tap,861720,184.0,,,597800.0,131.0,,,,,Natural,18,,No,263920.0,,https://youtu.be/nOZCC4bOFcA?t=5281
2021,WS,328,2064,1,Lazer,Yes,Roll,927020,223.0,889980.0,217.0,550680.0,131.0,,,,,Intentional,18,,No,376340.0,,https://youtu.be/nOZCC4bOFcA?t=5281
2021,WS,328,2065,2,dogplayingtetris,Yes,Tap,750240,192.0,750240.0,192.0,543080.0,132.0,,,,,Intentional,18,,No,207160.0,,https://youtu.be/nOZCC4bOFcA?t=5846
2021,WS,328,2066,2,Lazer,No,Roll,607840,182.0,,,396780.0,130.0,,,,,Natural,18,,No,211060.0,,https://youtu.be/nOZCC4bOFcA?t=5846
2021,WS,328,2067,3,dogplayingtetris,Yes,Tap,712280,166.0,712280.0,166.0,579940.0,131.0,,,,,Intentional,18,,No,132340.0,,https://youtu.be/nOZCC4bOFcA?t=6488
2021,WS,328,2068,3,Lazer,No,Roll,628980,157.0,,,561320.0,131.0,,,,,Natural,18,,No,67660.0,,https://youtu.be/nOZCC4bOFcA?t=6488
2021,WS,328,2069,4,dogplayingtetris,Yes,Tap,1276280,239.0,1276280.0,239.0,675340.0,132.0,1237880.0,233.0,,,Natural,18,,No,562540.0,38400.0,https://youtu.be/nOZCC4bOFcA?t=6968
2021,WS,328,2070,4,Lazer,No,Roll,1022780,246.0,,,617980.0,130.0,970220.0,230.0,,,Natural,18,,No,352240.0,52560.0,https://youtu.be/nOZCC4bOFcA?t=6968
2021,LQ,329,2071,1,DMJ,Yes,Tap,763260,203.0,763260.0,203.0,528640.0,130.0,,,,,Intentional,18,,No,234620.0,,https://youtu.be/nOZCC4bOFcA?t=5281
2021,LQ,329,2072,1,Quaid,No,DAS,567571,190.0,,,431831.0,133.0,,,,,Natural,18,,No,135740.0,,https://youtu.be/nOZCC4bOFcA?t=5281
2021,LQ,329,2073,2,DMJ,Yes,Tap,951020,230.0,912700.0,223.0,518740.0,130.0,951020.0,230.0,,,Aggressive,18,,No,432280.0,0.0,https://youtu.be/nOZCC4bOFcA?t=5849
2021,LQ,329,2074,2,Quaid,No,DAS,791794,215.0,,,505214.0,130.0,,,,,Natural,18,,No,286580.0,,https://youtu.be/nOZCC4bOFcA?t=5849
2021,LQ,329,2075,3,DMJ,Yes,Tap,527060,120.0,527060.0,120.0,,,,,,,Intentional,18,,No,,,https://youtu.be/nOZCC4bOFcA?t=6488
2021,LQ,329,2076,3,Quaid,No,DAS,353859,105.0,,,,,,,,,Natural,18,,No,,,https://youtu.be/nOZCC4bOFcA?t=6488
2021,WQ,330,2077,1,Pokenerd,Yes,Roll,624380,197.0,624380.0,197.0,365600.0,130.0,,,,,Intentional,18,,No,258780.0,,https://youtu.be/nOZCC4bOFcA?t=8038
2021,WQ,330,2078,1,Guerrero,No,Tap,591440,156.0,,,502780.0,130.0,,,,,Natural,18,,No,88660.0,,https://youtu.be/nOZCC4bOFcA?t=8038
2021,WQ,330,2079,2,Pokenerd,Yes,Roll,252320,65.0,252320.0,65.0,,,,,,,Intentional,18,,No,,,https://youtu.be/nOZCC4bOFcA?t=8554
2021,WQ,330,2080,2,Guerrero,No,Tap,236740,51.0,,,,,,,,,Natural,18,,No,,,https://youtu.be/nOZCC4bOFcA?t=8554
2021,WQ,330,2081,3,Pokenerd,No,Roll,109060,37.0,,,,,,,,,Natural,18,,No,,,https://youtu.be/nOZCC4bOFcA?t=8770
2021,WQ,330,2082,3,Guerrero,Yes,Tap,191900,44.0,191900.0,44.0,,,,,,,Intentional,18,,No,,,https://youtu.be/nOZCC4bOFcA?t=8770
2021,WQ,330,2083,4,Pokenerd,Yes,Roll,899120,209.0,899120.0,209.0,502420.0,130.0,,,,,Natural,18,,No,396700.0,,https://youtu.be/nOZCC4bOFcA?t=8957
2021,WQ,330,2084,4,Guerrero,No,Tap,756820,210.0,,,481140.0,131.0,,,,,Natural,18,,No,275680.0,,https://youtu.be/nOZCC4bOFcA?t=8957
2021,WQ,331,2085,1,jerpi,No,Tap,967440,225.0,,,529020.0,132.0,,,,,Natural,18,,No,438420.0,,https://youtu.be/nOZCC4bOFcA?t=8038
2021,WQ,331,2086,1,DaAsiann,Yes,Tap,982280,238.0,982280.0,238.0,566260.0,133.0,975680.0,233.0,,,Natural,18,,No,409420.0,6600.0,https://youtu.be/nOZCC4bOFcA?t=8038
2021,WQ,331,2087,2,jerpi,Yes,Tap,1112380,233.0,1076380.0,229.0,562460.0,133.0,1112380.0,233.0,,,Natural,18,,No,549920.0,0.0,https://youtu.be/nOZCC4bOFcA?t=8653
2021,WQ,331,2088,2,DaAsiann,No,Tap,1013580,230.0,,,443140.0,131.0,1013580.0,230.0,,,Natural,18,,No,570440.0,0.0,https://youtu.be/nOZCC4bOFcA?t=8653
2021,WQ,331,2089,3,jerpi,No,Tap,720481,166.0,,,576521.0,131.0,,,,,Natural,18,,No,143960.0,,https://youtu.be/nOZCC4bOFcA?t=9245
2021,WQ,331,2090,3,DaAsiann,Yes,Tap,820120,181.0,820120.0,181.0,576520.0,131.0,,,,,Intentional,18,,No,243600.0,,https://youtu.be/nOZCC4bOFcA?t=9245
2021,WQ,331,2091,4,jerpi,No,Tap,942778,232.0,,,365678.0,130.0,942778.0,232.0,,,Natural,18,,No,577100.0,0.0,https://youtu.be/nOZCC4bOFcA?t=9738
2021,WQ,331,2092,4,DaAsiann,Yes,Tap,974832,237.0,974832.0,237.0,473932.0,133.0,965632.0,230.0,,,Natural,18,,No,491700.0,9200.0,https://youtu.be/nOZCC4bOFcA?t=9738
2021,WS,332,2093,1,Pokenerd,Yes,Roll,603780,148.0,603780.0,148.0,523680.0,130.0,,,,,Intentional,18,,No,80100.0,,https://youtu.be/nOZCC4bOFcA?t=10817
2021,WS,332,2094,1,DaAsiann,No,Tap,410414,118.0,,,,,,,,,Natural,18,,No,,,https://youtu.be/nOZCC4bOFcA?t=10817
2021,WS,332,2095,2,Pokenerd,Yes,Roll,895360,238.0,,,491020.0,132.0,886360.0,231.0,,,Natural,18,,No,395340.0,9000.0,https://youtu.be/nOZCC4bOFcA?t=11233
2021,WS,332,2096,2,DaAsiann,No,Tap,888800,231.0,,,484940.0,130.0,888800.0,231.0,,,Natural,18,,No,403860.0,0.0,https://youtu.be/nOZCC4bOFcA?t=11233
2021,WS,332,2097,3,Pokenerd,Yes,Roll,394820,77.0,394820.0,77.0,,,,,,,Intentional,18,,No,,,https://youtu.be/nOZCC4bOFcA?t=11938
2021,WS,332,2098,3,DaAsiann,No,Tap,229153,66.0,,,,,,,,,Natural,18,,No,,,https://youtu.be/nOZCC4bOFcA?t=11938
2021,LQ,333,2099,1,Guerrero,Yes,Tap,93480,19.0,93480.0,19.0,,,,,,,Intentional,18,,No,,,https://youtu.be/nOZCC4bOFcA?t=10817
2021,LQ,333,2100,1,jerpi,No,Tap,24700,6.0,,,,,,,,,Natural,18,,No,,,https://youtu.be/nOZCC4bOFcA?t=10817
2021,LQ,333,2101,2,Guerrero,No,Tap,650360,148.0,,,613360.0,130.0,,,,,Natural,18,,No,37000.0,,https://youtu.be/nOZCC4bOFcA?t=10914
2021,LQ,333,2102,2,jerpi,Yes,Tap,692900,158.0,692900.0,158.0,575740.0,130.0,,,,,Intentional,18,,No,117160.0,,https://youtu.be/nOZCC4bOFcA?t=10914
2021,LQ,333,2103,3,Guerrero,Yes,Tap,831840,218.0,664280.0,194.0,521040.0,133.0,,,,,Aggressive,18,,No,310800.0,,https://youtu.be/nOZCC4bOFcA?t=11350
2021,LQ,333,2104,3,jerpi,No,Tap,636200,162.0,,,447700.0,133.0,,,,,Natural,18,,No,188500.0,,https://youtu.be/nOZCC4bOFcA?t=11350
2021,LQ,333,2105,4,Guerrero,No,Tap,903880,218.0,,,488400.0,131.0,,,,,Natural,18,,No,415480.0,,https://youtu.be/nOZCC4bOFcA?t=11891
2021,LQ,333,2106,4,jerpi,Yes,Tap,917364,220.0,917364.0,220.0,504304.0,130.0,,,,,Intentional,18,,No,413060.0,,https://youtu.be/nOZCC4bOFcA?t=11891
2021,LQ,333,2107,5,Guerrero,No,Tap,492823,139.0,,,487223.0,132.0,,,,,Natural,18,,No,5600.0,,https://youtu.be/nOZCC4bOFcA?t=12485
2021,LQ,333,2108,5,jerpi,Yes,Tap,742864,189.0,505004.0,146.0,448824.0,130.0,,,,,Intentional,18,,No,294040.0,,https://youtu.be/nOZCC4bOFcA?t=12485
2021,LQ,334,2109,1,Lazer,Yes,Roll,834280,203.0,834280.0,203.0,466680.0,130.0,,,,,Intentional,18,,No,367600.0,,https://youtu.be/vl1AZk0LUrw?t=160
2021,LQ,334,2110,1,jerpi,No,Tap,789602,184.0,,,579182.0,130.0,,,,,Natural,18,,No,210420.0,,https://youtu.be/vl1AZk0LUrw?t=160
2021,LQ,334,2111,2,Lazer,No,Roll,502740,126.0,,,,,,,,,Natural,18,,No,,,https://youtu.be/vl1AZk0LUrw?t=674
2021,LQ,334,2112,2,jerpi,Yes,Tap,529941,136.0,529941.0,136.0,526741.0,132.0,,,,,Intentional,18,,No,3200.0,,https://youtu.be/vl1AZk0LUrw?t=674
2021,LQ,334,2113,3,Lazer,No,Roll,892920,237.0,,,548780.0,132.0,883320.0,230.0,,,Natural,18,,No,334540.0,9600.0,https://youtu.be/vl1AZk0LUrw?t=1065
2021,LQ,334,2114,3,jerpi,Yes,Tap,1012242,231.0,1012242.0,231.0,519522.0,131.0,1012242.0,231.0,,,Natural,18,,No,492720.0,0.0,https://youtu.be/vl1AZk0LUrw?t=1065
2021,LQ,334,2115,4,Lazer,Yes,Roll,794000,180.0,,,601980.0,133.0,,,,,Intentional,18,,No,192020.0,,https://youtu.be/vl1AZk0LUrw?t=1646
2021,LQ,334,2116,4,jerpi,No,Tap,660265,155.0,,,618705.0,133.0,,,,,Natural,18,,No,41560.0,,https://youtu.be/vl1AZk0LUrw?t=1646
2021,LQ,334,2117,5,Lazer,No,Roll,204820,82.0,,,,,,,,,Natural,18,,No,,,https://youtu.be/vl1AZk0LUrw?t=2130
2021,LQ,334,2118,5,jerpi,Yes,Tap,451061,99.0,402421.0,88.0,,,,,,,Intentional,18,,No,,,https://youtu.be/vl1AZk0LUrw?t=2130
2021,LQ,335,2119,1,DaAsiann,No,Tap,918960,233.0,,,525600.0,130.0,915360.0,230.0,,,Natural,18,,No,389760.0,3600.0,https://youtu.be/vl1AZk0LUrw?t=160
2021,LQ,335,2120,1,DMJ,Yes,Tap,1020563,234.0,1020563.0,234.0,538143.0,130.0,1019363.0,233.0,,,Natural,18,,No,481220.0,1200.0,https://youtu.be/vl1AZk0LUrw?t=160
2021,LQ,335,2121,2,DaAsiann,Yes,Tap,861120,199.0,861120.0,199.0,539660.0,132.0,,,,,Intentional,18,,No,321460.0,,https://youtu.be/vl1AZk0LUrw?t=905
2021,LQ,335,2122,2,DMJ,No,Tap,678740,175.0,,,524460.0,133.0,,,,,Natural,18,,No,154280.0,,https://youtu.be/vl1AZk0LUrw?t=905
2021,LQ,335,2123,3,DaAsiann,No,Tap,961520,231.0,,,427540.0,130.0,960320.0,230.0,,,Natural,18,,No,532780.0,1200.0,https://youtu.be/vl1AZk0LUrw?t=1438
2021,LQ,335,2124,3,DMJ,Yes,Tap,973381,234.0,973381.0,234.0,579161.0,130.0,968581.0,230.0,,,Natural,18,,No,389420.0,4800.0,https://youtu.be/vl1AZk0LUrw?t=1438
2021,LQ,335,2125,4,DaAsiann,No,Tap,774900,210.0,,,476580.0,131.0,,,,,Natural,18,,No,298320.0,,https://youtu.be/vl1AZk0LUrw?t=2092
2021,LQ,335,2126,4,DMJ,Yes,Tap,956100,237.0,844540.0,220.0,417540.0,130.0,951300.0,233.0,,,Natural,18,,No,533760.0,4800.0,https://youtu.be/vl1AZk0LUrw?t=2092
2021,WF,336,2127,1,dogplayingtetris,No,Tap,605940,157.0,,,561320.0,133.0,,,,,Natural,18,,No,44620.0,,https://youtu.be/vl1AZk0LUrw?t=3737
2021,WF,336,2128,1,Pokenerd,Yes,Roll,755620,160.0,755620.0,160.0,596660.0,131.0,,,,,Intentional,18,,No,158960.0,,https://youtu.be/vl1AZk0LUrw?t=3737
2021,WF,336,2129,2,dogplayingtetris,Yes,Tap,842600,190.0,842600.0,190.0,548020.0,130.0,,,,,Intentional,18,,No,294580.0,,https://youtu.be/vl1AZk0LUrw?t=4202
2021,WF,336,2130,2,Pokenerd,No,Roll,627060,183.0,,,372460.0,132.0,,,,,Natural,18,,No,254600.0,,https://youtu.be/vl1AZk0LUrw?t=4202
2021,WF,336,2131,3,dogplayingtetris,Yes,Tap,1137240,233.0,1131240.0,229.0,583020.0,131.0,1134240.0,231.0,,,Natural,18,,No,551220.0,3000.0,https://youtu.be/vl1AZk0LUrw?t=4724
2021,WF,336,2132,3,Pokenerd,No,Roll,883420,219.0,,,565880.0,133.0,,,,,Natural,18,,No,317540.0,,https://youtu.be/vl1AZk0LUrw?t=4724
2021,WF,336,2133,4,dogplayingtetris,Yes,Tap,1093220,243.0,1093220.0,243.0,552200.0,131.0,1068280.0,232.0,,,Natural,18,,No,516080.0,24940.0,https://youtu.be/vl1AZk0LUrw?t=5344
2021,WF,336,2134,4,Pokenerd,No,Roll,825780,246.0,,,426780.0,130.0,778700.0,233.0,,,Natural,18,,No,351920.0,47080.0,https://youtu.be/vl1AZk0LUrw?t=5344
2021,LS,337,2135,1,jerpi,Yes,Tap,926663,233.0,926663.0,233.0,459083.0,130.0,926663.0,233.0,,,Natural,18,,No,467580.0,0.0,https://youtu.be/vl1AZk0LUrw?t=3737
2021,LS,337,2136,1,DMJ,No,Tap,887852,230.0,,,521432.0,130.0,887852.0,230.0,,,Natural,18,,No,366420.0,0.0,https://youtu.be/vl1AZk0LUrw?t=3737
2021,LS,337,2137,2,jerpi,Yes,Tap,997483,244.0,997483.0,244.0,520643.0,130.0,982863.0,233.0,,,Natural,18,,No,462220.0,14620.0,https://youtu.be/vl1AZk0LUrw?t=4379
2021,LS,337,2138,2,DMJ,No,Tap,939640,243.0,,,465800.0,131.0,895680.0,233.0,,,Natural,18,,No,429880.0,43960.0,https://youtu.be/vl1AZk0LUrw?t=4379
2021,LS,337,2139,3,jerpi,Yes,Tap,1011041,236.0,1011041.0,236.0,567401.0,132.0,1007441.0,233.0,,,Natural,18,,No,440040.0,3600.0,https://youtu.be/vl1AZk0LUrw?t=5013
2021,LS,337,2140,3,DMJ,No,Tap,875160,231.0,,,504700.0,132.0,875160.0,231.0,,,Natural,18,,No,370460.0,0.0,https://youtu.be/vl1AZk0LUrw?t=5013
2021,LF,338,2141,1,Pokenerd,Yes,Roll,1016020,237.0,1016020.0,237.0,540420.0,130.0,1009420.0,232.0,,,Natural,18,,No,469000.0,6600.0,https://youtu.be/vl1AZk0LUrw?t=6408
2021,LF,338,2142,1,jerpi,No,Tap,993103,233.0,,,482283.0,133.0,993103.0,233.0,,,Natural,18,,No,510820.0,0.0,https://youtu.be/vl1AZk0LUrw?t=6408
2021,LF,338,2143,2,Pokenerd,No,Roll,653820,188.0,,,518380.0,130.0,,,,,Natural,18,,No,135440.0,,https://youtu.be/vl1AZk0LUrw?t=6981
2021,LF,338,2144,2,jerpi,Yes,Tap,886442,181.0,886442.0,181.0,695082.0,133.0,,,,,Intentional,18,,No,191360.0,,https://youtu.be/vl1AZk0LUrw?t=6981
2021,LF,338,2145,3,Pokenerd,Yes,Roll,860560,183.0,860560.0,183.0,581460.0,133.0,,,,,Intentional,18,,No,279100.0,,https://youtu.be/vl1AZk0LUrw?t=7477
2021,LF,338,2146,3,jerpi,No,Tap,756460,173.0,,,556740.0,130.0,,,,,Natural,18,,No,199720.0,,https://youtu.be/vl1AZk0LUrw?t=7477
2021,LF,338,2147,4,Pokenerd,Yes,Roll,1090160,240.0,1090160.0,240.0,584880.0,131.0,1079920.0,232.0,,,Natural,18,,No,495040.0,10240.0,https://youtu.be/vl1AZk0LUrw?t=7958
2021,LF,338,2148,4,jerpi,No,Tap,1021143,229.0,,,541943.0,131.0,,,,,Natural,18,,No,479200.0,,https://youtu.be/vl1AZk0LUrw?t=7958
2021,GF,339,2149,1,dogplayingtetris,Yes,Tap,1310440,233.0,1310440.0,233.0,656700.0,133.0,1310440.0,233.0,,,Natural,18,,No,653740.0,0.0,https://youtu.be/Oy34E9KbgbE?t=17
2021,GF,339,2150,1,Pokenerd,No,Roll,1300880,246.0,,,696840.0,132.0,1276380.0,231.0,,,Natural,18,,No,579540.0,24500.0,https://youtu.be/Oy34E9KbgbE?t=17
2021,GF,339,2151,2,dogplayingtetris,Yes,Tap,683100,139.0,683100.0,139.0,656700.0,132.0,,,,,Intentional,18,,No,26400.0,,https://youtu.be/Oy34E9KbgbE?t=822
2021,GF,339,2152,2,Pokenerd,No,Roll,569540,137.0,,,564740.0,131.0,,,,,Natural,18,,No,4800.0,,https://youtu.be/Oy34E9KbgbE?t=822
2021,GF,339,2153,3,dogplayingtetris,Yes,Tap,196080,45.0,196080.0,45.0,,,,,,,Intentional,18,,No,,,https://youtu.be/Oy34E9KbgbE?t=1399
2021,GF,339,2154,3,Pokenerd,No,Roll,134140,45.0,,,,,,,,,Natural,18,,No,,,https://youtu.be/Oy34E9KbgbE?t=1399
2021,WQ,340,2155,1,Huffulufugus,Yes,Roll,598180,189.0,598180.0,189.0,418440.0,132.0,,,,,Intentional,18,,No,179740.0,,https://youtu.be/mp7pDsSwlqI?t=4157
2021,WQ,340,2156,1,Scottobozo,No,Tap,593181,142.0,,,578401.0,130.0,,,,,Natural,18,,No,14780.0,,https://youtu.be/mp7pDsSwlqI?t=4157 
2021,WQ,340,2157,2,Huffulufugus,Yes,Roll,334020,85.0,334020.0,85.0,,,,,,,Intentional,18,,No,,,https://youtu.be/mp7pDsSwlqI?t=4634
2021,WQ,340,2158,2,Scottobozo,No,DAS,213561,70.0,,,,,,,,,Natural,18,,No,,,https://youtu.be/mp7pDsSwlqI?t=4634
2021,WQ,340,2159,3,Huffulufugus,No,Roll,1010860,255.0,,,586020.0,133.0,978120.0,230.0,,,Natural,18,,No,392100.0,32740.0,https://youtu.be/mp7pDsSwlqI?t=5336
2021,WQ,340,2160,3,Scottobozo,Yes,DAS,1016762,233.0,1016762.0,233.0,509262.0,130.0,1016762.0,233.0,,,Natural,18,,No,507500.0,0.0,https://youtu.be/mp7pDsSwlqI?t=5336
2021,WQ,340,2161,4,Huffulufugus,Yes,Roll,1277860,311.0,1125300.0,248.0,599360.0,131.0,1098340.0,232.0,,,Natural,18,,No,498980.0,179520.0,https://youtu.be/mp7pDsSwlqI?t=6182
2021,WQ,340,2162,4,Scottobozo,No,DAS,801421,219.0,,,499741.0,130.0,,,,,Natural,18,,No,301680.0,,https://youtu.be/mp7pDsSwlqI?t=6182
2021,WQ,341,2163,1,e_flat7,Yes,Tap,515700,145.0,515700.0,145.0,484180.0,133.0,,,,,Intentional,18,,No,31520.0,,https://youtu.be/mp7pDsSwlqI?t=3747
2021,WQ,341,2164,1,doge,No,Tap,400560,130.0,,,400560.0,130.0,,,,,Natural,18,,No,0.0,,https://youtu.be/mp7pDsSwlqI?t=3747
2021,WQ,341,2165,2,e_flat7,No,Tap,837840,198.0,,,509260.0,131.0,,,,,Natural,18,,No,328580.0,,https://youtu.be/mp7pDsSwlqI?t=4157
2021,WQ,341,2166,2,doge,Yes,Tap,859060,209.0,859060.0,209.0,531680.0,133.0,,,,,Intentional,18,,No,327380.0,,https://youtu.be/mp7pDsSwlqI?t=4157
2021,WQ,341,2167,3,e_flat7,No,Tap,1016780,233.0,,,502420.0,131.0,1016780.0,233.0,,,Natural,18,,No,514360.0,0.0,https://youtu.be/mp7pDsSwlqI?t=4769
2021,WQ,341,2168,3,doge,Yes,Tap,1083780,250.0,1083780.0,250.0,531680.0,131.0,1060520.0,232.0,,,Natural,18,,No,528840.0,23260.0,https://youtu.be/mp7pDsSwlqI?t=4769
2021,WQ,341,2169,4,e_flat7,Yes,Tap,1000680,235.0,947560.0,218.0,507740.0,133.0,993480.0,230.0,,,Natural,18,,No,485740.0,7200.0,https://youtu.be/mp7pDsSwlqI?t=5434
2021,WQ,341,2170,4,doge,No,Tap,935986,214.0,,,489506.0,130.0,,,,,Natural,18,,No,446480.0,,https://youtu.be/mp7pDsSwlqI?t=5434
2021,WQ,341,2171,5,e_flat7,Yes,Tap,1058580,238.0,1058580.0,238.0,499000.0,131.0,1047180.0,233.0,,,Natural,18,,No,548180.0,11400.0,https://youtu.be/mp7pDsSwlqI?t=6029
2021,WQ,341,2172,5,doge,No,Tap,1036620,232.0,,,555980.0,130.0,1036620.0,232.0,,,Natural,18,,No,480640.0,0.0,https://youtu.be/mp7pDsSwlqI?t=6029
2021,WS,342,2173,1,Huffulufugus,Yes,Roll,1208180,312.0,1119220.0,251.0,520640.0,130.0,1091000.0,230.0,,,Natural,18,,No,570360.0,117180.0,https://youtu.be/mp7pDsSwlqI?t=7102
2021,WS,342,2174,1,e_flat7,No,Tap,903200,225.0,,,543060.0,130.0,,,,,Natural,18,,No,360140.0,,https://youtu.be/mp7pDsSwlqI?t=7102
2021,WS,342,2175,2,Huffulufugus,Yes,Roll,857840,231.0,857840.0,231.0,470500.0,130.0,,,,,Natural,18,,No,,,https://youtu.be/mp7pDsSwlqI?t=7808
2021,WS,342,2176,2,e_flat7,No,Tap,770340,242.0,,,429460.0,130.0,758200.0,233.0,,,Natural,18,,No,328740.0,12140.0,https://youtu.be/mp7pDsSwlqI?t=7808
2021,WS,342,2177,3,Huffulufugus,Yes,Roll,1033700,238.0,1033700.0,238.0,499000.0,130.0,1027100.0,233.0,,,Natural,18,,No,528100.0,6600.0,https://youtu.be/mp7pDsSwlqI?t=8390
2021,WS,342,2178,3,e_flat7,No,Tap,990780,234.0,,,480760.0,131.0,988380.0,232.0,,,Natural,18,,No,507620.0,2400.0,https://youtu.be/mp7pDsSwlqI?t=8390
2021,LQ,343,2179,1,Scottobozo,Yes,DAS,285381,62.0,285381.0,62.0,,,,,,,Intentional,18,,No,,,https://youtu.be/mp7pDsSwlqI?t=7112
2021,LQ,343,2180,1,doge,No,Tap,107160,58.0,,,,,,,,,Natural,18,,No,,,https://youtu.be/mp7pDsSwlqI?t=7112
2021,LQ,343,2181,2,Scottobozo,No,DAS,1012482,227.0,,,505502.0,131.0,,,,,Natural,18,,No,506980.0,,https://youtu.be/mp7pDsSwlqI?t=7319
2021,LQ,343,2182,2,doge,Yes,Tap,1108544,248.0,1108544.0,248.0,540524.0,132.0,1080524.0,231.0,,,Intentional,18,,No,540000.0,28020.0,https://youtu.be/mp7pDsSwlqI?t=7319
2021,LQ,343,2183,3,Scottobozo,No,DAS,696681,205.0,,,464421.0,132.0,,,,,Natural,18,,No,232260.0,,https://youtu.be/mp7pDsSwlqI?t=7988
2021,LQ,343,2184,3,doge,Yes,Tap,1045280,237.0,955740.0,218.0,539280.0,131.0,1038680.0,232.0,,,Natural,18,,No,499400.0,6600.0,https://youtu.be/mp7pDsSwlqI?t=7988
2021,LQ,343,2185,4,Scottobozo,No,DAS,547761,142.0,,,516841.0,130.0,,,,,Natural,18,,No,30920.0,,https://youtu.be/mp7pDsSwlqI?t=8608
2021,LQ,343,2186,4,doge,Yes,Tap,557100,143.0,557100.0,143.0,547260.0,133.0,,,,,Intentional,18,,No,9840.0,,https://youtu.be/mp7pDsSwlqI?t=8608
2021,WQ,344,2187,1,Sidnev,Yes,Tap,1082461,245.0,1082461.0,245.0,547641.0,130.0,1067221.0,233.0,,,Natural,18,,No,519580.0,15240.0,https://youtu.be/mp7pDsSwlqI?t=1812
2021,WQ,344,2188,1,Tugi,No,DAS,918380,235.0,,,501260.0,130.0,,,,,Natural,18,,No,,,https://youtu.be/mp7pDsSwlqI?t=1812
2021,WQ,344,2189,2,Sidnev,Yes,Tap,945761,231.0,945761.0,231.0,565501.0,133.0,945761.0,231.0,,,Natural,18,,No,380260.0,0.0,https://youtu.be/mp7pDsSwlqI?t=2408
2021,WQ,344,2190,2,Tugi,No,DAS,815880,212.0,,,559040.0,133.0,,,,,Natural,18,,No,256840.0,,https://youtu.be/mp7pDsSwlqI?t=2408
2021,WQ,344,2191,3,Sidnev,Yes,Tap,1161741,230.0,1161741.0,230.0,582221.0,131.0,1161741.0,230.0,,,Natural,18,,No,579520.0,0.0,https://youtu.be/mp7pDsSwlqI?t=2971
2021,WQ,344,2192,3,Tugi,No,DAS,704080,210.0,,,505460.0,131.0,,,,,Natural,18,,No,198620.0,,https://youtu.be/mp7pDsSwlqI?t=2971
2021,WQ,345,2193,1,CheeZ,Yes,Roll,1068300,245.0,1068300.0,245.0,481520.0,130.0,1019360.0,232.0,,,Natural,18,,No,537840.0,48940.0,https://youtu.be/mp7pDsSwlqI?t=9342 
2021,WQ,345,2194,1,Sodium,No,Tap,969020,230.0,,,600840.0,133.0,969020.0,230.0,,,Natural,18,,No,368180.0,0.0,https://youtu.be/mp7pDsSwlqI?t=9342
2021,WQ,345,2195,2,CheeZ,Yes,Roll,611280,141.0,611280.0,141.0,562080.0,133.0,,,,,Intentional,18,,No,49200.0,,https://youtu.be/mp7pDsSwlqI?t=9933
2021,WQ,345,2196,2,Sodium,No,Tap,371220,133.0,,,370420.0,132.0,,,,,Natural,18,,No,800.0,,https://youtu.be/mp7pDsSwlqI?t=9933
2021,WQ,345,2197,3,CheeZ,No,Roll,50540,14.0,,,,,,,,,Natural,18,,No,,,https://youtu.be/mp7pDsSwlqI?t=10325
2021,WQ,345,2198,3,Sodium,Yes,Tap,79800,25.0,79800.0,25.0,,,,,,,Intentional,18,,No,,,https://youtu.be/mp7pDsSwlqI?t=10325
2021,WQ,345,2199,4,CheeZ,No,Roll,489181,199.0,,,400961.0,130.0,,,,,Natural,18,,No,88220.0,,https://youtu.be/mp7pDsSwlqI?t=10427
2021,WQ,345,2200,4,Sodium,Yes,Tap,802340,198.0,802340.0,198.0,536220.0,130.0,,,,,Intentional,18,,No,266120.0,,https://youtu.be/mp7pDsSwlqI?t=10427
2021,WQ,345,2201,5,CheeZ,No,Roll,807380,227.0,,,568920.0,132.0,,,,,Natural,18,,No,238460.0,,https://youtu.be/mp7pDsSwlqI?t=10933
2021,WQ,345,2202,5,Sodium,Yes,Tap,999580,227.0,999580.0,227.0,565120.0,133.0,,,,,Intentional,18,,No,434460.0,,https://youtu.be/mp7pDsSwlqI?t=10933
2021,WS,346,2203,1,Sidnev,No,Tap,466641,108.0,,,,,,,,,Natural,18,,No,,,https://youtu.be/mp7pDsSwlqI?t=11803
2021,WS,346,2204,1,Sodium,Yes,Tap,476400,137.0,476400.0,137.0,472400.0,133.0,,,,,Intentional,18,,No,4000.0,,https://youtu.be/mp7pDsSwlqI?t=11803
2021,WS,346,2205,2,Sidnev,Yes,Tap,1120401,233.0,1120401.0,233.0,560941.0,130.0,1120401.0,233.0,,,Natural,18,,No,559460.0,0.0,https://youtu.be/mp7pDsSwlqI?t=12178
2021,WS,346,2206,2,Sodium,No,Tap,901600,232.0,,,501660.0,131.0,898600.0,230.0,,,Natural,18,,No,396940.0,3000.0,https://youtu.be/mp7pDsSwlqI?t=12178
2021,WS,346,2207,3,Sidnev,Yes,Tap,1008141,230.0,1008141.0,230.0,560561.0,133.0,,,,,Natural,18,,No,,,https://youtu.be/mp7pDsSwlqI?t=12776
2021,WS,346,2208,3,Sodium,No,Tap,696182,245.0,,,327602.0,130.0,,,,,Natural,18,,No,,,https://youtu.be/mp7pDsSwlqI?t=12776
2021,WS,346,2209,4,Sidnev,No,Tap,55871,21.0,,,,,,,,,Natural,18,,No,,,https://youtu.be/mp7pDsSwlqI?t=13357
2021,WS,346,2210,4,Sodium,Yes,Tap,140220,28.0,140220.0,28.0,,,,,,,Intentional,18,,No,,,https://youtu.be/mp7pDsSwlqI?t=13357
2021,WS,346,2211,5,Sidnev,No,Tap,676261,146.0,,,599321.0,130.0,,,,,Natural,18,,No,76940.0,,https://youtu.be/mp7pDsSwlqI?t=13496
2021,WS,346,2212,5,Sodium,Yes,Tap,770280,230.0,679560.0,206.0,434400.0,132.0,770280.0,230.0,,,Natural,18,,No,335880.0,0.0,https://youtu.be/mp7pDsSwlqI?t=13496
2021,LQ,347,2213,1,Tugi,No,DAS,848140,230.0,,,485700.0,131.0,848140.0,230.0,,,Natural,18,,No,362440.0,0.0,https://youtu.be/mp7pDsSwlqI?t=11794
2021,LQ,347,2214,1,CheeZ,Yes,Roll,1024180,301.0,934300.0,247.0,618700.0,131.0,914080.0,232.0,,,Natural,18,,No,295380.0,110100.0,https://youtu.be/mp7pDsSwlqI?t=11794
2021,LQ,347,2215,2,Tugi,No,DAS,580100,149.0,,,517220.0,130.0,,,,,Natural,18,,No,62880.0,,https://youtu.be/mp7pDsSwlqI?t=12470
2021,LQ,347,2216,2,CheeZ,Yes,Roll,638420,158.0,638420.0,158.0,506600.0,133.0,,,,,Intentional,18,,No,131820.0,,https://youtu.be/mp7pDsSwlqI?t=12470
2021,LQ,347,2217,3,Tugi,Yes,DAS,600288,145.0,600288.0,145.0,546888.0,132.0,,,,,Natural,18,,No,53400.0,,https://youtu.be/mp7pDsSwlqI?t=12905
2021,LQ,347,2218,3,CheeZ,No,Roll,572740,160.0,,,542560.0,130.0,,,,,Natural,18,,No,30180.0,,https://youtu.be/mp7pDsSwlqI?t=12905
2021,LQ,347,2219,4,Tugi,Yes,DAS,163400,33.0,163400.0,33.0,,,,,,,Intentional,18,,No,,,https://youtu.be/mp7pDsSwlqI?t=13357
2021,LQ,347,2220,4,CheeZ,No,Roll,82080,28.0,,,,,,,,,Natural,18,,No,,,https://youtu.be/mp7pDsSwlqI?t=13357
2021,LQ,347,2221,5,Tugi,No,DAS,584840,156.0,,,519520.0,131.0,,,,,Natural,18,,No,65320.0,,https://youtu.be/mp7pDsSwlqI?t=13516
2021,LQ,347,2222,5,CheeZ,Yes,Roll,587700,196.0,587700.0,196.0,406320.0,130.0,,,,,Intentional,18,,No,181380.0,,https://youtu.be/mp7pDsSwlqI?t=13516
2021,LQ,348,2223,1,Sidnev,No,Tap,902061,215.0,,,509261.0,132.0,,,,,Natural,18,,No,392800.0,,https://youtu.be/mp7pDsSwlqI?t=16383
2021,LQ,348,2224,1,doge,Yes,Tap,1029420,232.0,992260.0,227.0,447700.0,132.0,1029420.0,232.0,,,Natural,18,,No,581720.0,0.0,https://youtu.be/mp7pDsSwlqI?t=16383
2021,LQ,348,2225,2,Sidnev,Yes,Tap,475391,123.0,475391.0,123.0,,,,,,,Intentional,18,,No,,,https://youtu.be/mp7pDsSwlqI?t=16986
2021,LQ,348,2226,2,doge,No,Tap,371640,120.0,,,,,,,,,Natural,18,,No,,,https://youtu.be/mp7pDsSwlqI?t=16986
2021,LQ,348,2227,3,Sidnev,Yes,Tap,734981,171.0,734981.0,171.0,559801.0,133.0,,,,,Intentional,18,,No,175180.0,,https://youtu.be/mp7pDsSwlqI?t=17384
2021,LQ,348,2228,3,doge,No,Tap,613746,162.0,,,515706.0,130.0,,,,,Natural,18,,No,98040.0,,https://youtu.be/mp7pDsSwlqI?t=17384
2021,LQ,348,2229,4,Sidnev,Yes,Tap,964001,236.0,964001.0,236.0,544461.0,131.0,957401.0,231.0,,,Natural,18,,No,412940.0,6600.0,https://youtu.be/mp7pDsSwlqI?t=17830
2021,LQ,348,2230,4,doge,No,Tap,900883,230.0,,,582223.0,133.0,900883.0,230.0,,,Natural,18,,No,318660.0,0.0,https://youtu.be/mp7pDsSwlqI?t=17830
2021,LQ,349,2231,1,e_flat7,No,Tap,566700,140.0,,,558260.0,130.0,,,,,Natural,18,,No,8440.0,,https://youtu.be/mp7pDsSwlqI?t=16421
2021,LQ,349,2232,1,CheeZ,Yes,Roll,642300,154.0,642300.0,154.0,555280.0,131.0,,,,,Intentional,18,,No,87020.0,,https://youtu.be/mp7pDsSwlqI?t=16421
2021,LQ,349,2233,2,e_flat7,No,Tap,995960,232.0,,,559840.0,130.0,,,,,Natural,18,,No,,,https://youtu.be/mp7pDsSwlqI?t=16829
2021,LQ,349,2234,2,CheeZ,Yes,Roll,1099440,247.0,1099440.0,247.0,481520.0,130.0,1045280.0,230.0,,,Natural,18,,No,563760.0,54160.0,https://youtu.be/mp7pDsSwlqI?t=16829 
2021,LQ,349,2235,3,e_flat7,Yes,Tap,199531,52.0,199531.0,52.0,,,,,,,Intentional,18,,No,,,https://youtu.be/mp7pDsSwlqI?t=17432
2021,LQ,349,2236,3,CheeZ,No,Roll,149340,40.0,,,,,,,,,Natural,18,,No,,,https://youtu.be/mp7pDsSwlqI?t=17432
2021,LQ,349,2237,4,e_flat7,No,Tap,932815,231.0,,,558675.0,132.0,932815.0,231.0,,,Natural,18,,No,374140.0,0.0,https://youtu.be/mp7pDsSwlqI?t=17586
2021,LQ,349,2238,4,CheeZ,Yes,Roll,980080,235.0,980080.0,235.0,445420.0,131.0,974680.0,231.0,,,Natural,18,,No,529260.0,5400.0,https://youtu.be/mp7pDsSwlqI?t=17586
2021,WF,350,2239,1,Huffulufugus,No,Roll,1035720,284.0,,,536600.0,130.0,955960.0,231.0,,,Natural,18,,No,419360.0,79760.0,https://youtu.be/mp7pDsSwlqI?t=18701
2021,WF,350,2240,1,Sodium,Yes,Tap,1140760,225.0,1140760.0,225.0,614100.0,130.0,,,,,Natural,18,,No,526660.0,,https://youtu.be/mp7pDsSwlqI?t=18701
2021,WF,350,2241,2,Huffulufugus,No,Roll,502840,131.0,,,502840.0,131.0,,,,,Natural,18,,No,0.0,,https://youtu.be/mp7pDsSwlqI?t=19352
2021,WF,350,2242,2,Sodium,Yes,Tap,632540,152.0,632540.0,152.0,549920.0,132.0,,,,,Intentional,18,,No,82620.0,,https://youtu.be/mp7pDsSwlqI?t=19352
2021,WF,350,2243,3,Huffulufugus,Yes,Roll,940220,253.0,940220.0,253.0,470160.0,131.0,914280.0,233.0,,,Aggressive,18,,No,444120.0,25940.0,https://youtu.be/mp7pDsSwlqI?t=19806
2021,WF,350,2244,3,Sodium,No,Tap,928240,230.0,,,542320.0,131.0,928240.0,230.0,,,Natural,18,,No,385920.0,0.0,https://youtu.be/mp7pDsSwlqI?t=19806
2021,WF,350,2245,4,Huffulufugus,Yes,Roll,755020,186.0,755020.0,186.0,581820.0,130.0,,,,,Intentional,18,,No,173200.0,,https://youtu.be/mp7pDsSwlqI?t=20451
2021,WF,350,2246,4,Sodium,No,Tap,683420,173.0,,,530540.0,133.0,,,,,Natural,18,,No,152880.0,,https://youtu.be/mp7pDsSwlqI?t=20451
2021,WF,350,2247,5,Huffulufugus,No,Roll,906580,251.0,,,516460.0,130.0,850120.0,232.0,,,Natural,18,,No,333660.0,56460.0,https://youtu.be/mp7pDsSwlqI?t=21014
2021,WF,350,2248,5,Sodium,Yes,Tap,989380,250.0,989380.0,250.0,564360.0,132.0,967280.0,233.0,,,Natural,18,,No,402920.0,22100.0,https://youtu.be/mp7pDsSwlqI?t=21014
2021,LS,351,2249,1,Sidnev,Yes,Tap,1001641,210.0,1001641.0,210.0,575741.0,130.0,,,,,Intentional,18,,No,425900.0,,https://youtu.be/mp7pDsSwlqI?t=18664
2021,LS,351,2250,1,CheeZ,No,Roll,719020,193.0,,,466700.0,132.0,,,,,Natural,18,,No,252320.0,,https://youtu.be/mp7pDsSwlqI?t=18664
2021,LS,351,2251,2,Sidnev,No,Tap,799881,195.0,,,617181.0,132.0,,,,,Natural,18,,No,182700.0,,https://youtu.be/mp7pDsSwlqI?t=19181
2021,LS,351,2252,2,CheeZ,Yes,Roll,806500,223.0,806500.0,223.0,443560.0,131.0,,,,,Intentional,18,,No,362940.0,,https://youtu.be/mp7pDsSwlqI?t=19181
2021,LS,351,2253,3,Sidnev,No,Tap,1042761,230.0,,,545361.0,132.0,1042761.0,230.0,,,Natural,18,,No,497400.0,0.0,https://youtu.be/mp7pDsSwlqI?t=19806
2021,LS,351,2254,3,CheeZ,Yes,Roll,1086887,224.0,1086887.0,224.0,640747.0,133.0,,,,,Natural,18,,No,446140.0,,https://youtu.be/mp7pDsSwlqI?t=19806
2021,LS,351,2255,4,Sidnev,No,Tap,588121,138.0,,,561321.0,131.0,,,,,Natural,18,,No,26800.0,,https://youtu.be/mp7pDsSwlqI?t=20881
2021,LS,351,2256,4,CheeZ,Yes,Roll,699840,241.0,619960.0,227.0,394540.0,131.0,655960.0,231.0,,,Aggressive,18,,No,261420.0,43880.0,https://youtu.be/mp7pDsSwlqI?t=20881
2021,LF,352,2257,1,Huffulufugus,Yes,Roll,165300,35.0,165300.0,35.0,,,,,,,Intentional,18,,No,,,https://youtu.be/mp7pDsSwlqI?t=22146
2021,LF,352,2258,1,CheeZ,No,Roll,85500,28.0,,,,,,,,,Natural,18,,No,,,https://youtu.be/mp7pDsSwlqI?t=22146
2021,LF,352,2259,2,Huffulufugus,Yes,Roll,1173951,236.0,1173951.0,236.0,562851.0,133.0,1135551.0,230.0,,,Natural,18,,No,572700.0,38400.0,https://youtu.be/mp7pDsSwlqI?t=22285
2021,LF,352,2260,2,CheeZ,No,Roll,1030492,230.0,,,598272.0,133.0,1030492.0,230.0,,,Natural,18,,No,432220.0,0.0,https://youtu.be/mp7pDsSwlqI?t=22285
2021,LF,352,2261,3,Huffulufugus,Yes,Roll,1178840,239.0,1178840.0,239.0,656700.0,132.0,1140440.0,233.0,,,Natural,18,,No,483740.0,38400.0,https://youtu.be/mp7pDsSwlqI?t=22873
2021,LF,352,2262,3,CheeZ,No,Roll,1086580,273.0,,,601980.0,133.0,998500.0,233.0,,,Natural,18,,No,396520.0,88080.0,https://youtu.be/mp7pDsSwlqI?t=22873
2021,GF,353,2263,1,Sodium,No,Tap,661120,162.0,,,545740.0,132.0,,,,,Natural,18,,No,115380.0,,https://youtu.be/HwZM6fP6lqk?t=98
2021,GF,353,2264,1,Huffulufugus,Yes,Roll,668040,205.0,668040.0,205.0,348940.0,131.0,,,,,Intentional,18,,No,319100.0,,https://youtu.be/HwZM6fP6lqk?t=98
2021,GF,353,2265,2,Sodium,No,Tap,501380,133.0,,,498980.0,130.0,,,,,Natural,18,,No,2400.0,,https://youtu.be/HwZM6fP6lqk?t=602
2021,GF,353,2266,2,Huffulufugus,Yes,Roll,536120,143.0,536120.0,143.0,500120.0,130.0,,,,,Intentional,18,,No,36000.0,,https://youtu.be/HwZM6fP6lqk?t=602
2021,GF,353,2267,3,Sodium,No,Tap,375820,78.0,,,,,,,,,Natural,18,,No,,,https://youtu.be/HwZM6fP6lqk?t=1000
2021,GF,353,2268,3,Huffulufugus,Yes,Roll,380380,83.0,380380.0,83.0,,,,,,,Intentional,18,,No,,,https://youtu.be/HwZM6fP6lqk?t=1000
2021,GF,354,2269,1,Sodium,No,Tap,1019622,235.0,,,559022.0,130.0,1014222.0,231.0,,,Natural,18,,No,455200.0,5400.0,https://youtu.be/HwZM6fP6lqk?t=1264
2021,GF,354,2270,1,Huffulufugus,Yes,Roll,1216500,278.0,1123340.0,243.0,562320.0,132.0,1075160.0,230.0,,,Natural,18,,No,512840.0,141340.0,https://youtu.be/HwZM6fP6lqk?t=1264
2021,GF,354,2271,2,Sodium,No,Tap,686540,172.0,,,561320.0,130.0,,,,,Natural,18,,No,125220.0,,https://youtu.be/HwZM6fP6lqk?t=1876
2021,GF,354,2272,2,Huffulufugus,Yes,Roll,706080,196.0,703480.0,194.0,491060.0,130.0,,,,,Aggressive,18,,No,215020.0,,https://youtu.be/HwZM6fP6lqk?t=1876
2021,GF,354,2273,3,Sodium,No,Tap,108300,37.0,,,,,,,,,Natural,18,,No,,,https://youtu.be/HwZM6fP6lqk?t=2374
2021,GF,354,2274,3,Huffulufugus,Yes,Roll,238260,53.0,191140.0,43.0,,,,,,,Intentional,18,,No,,,https://youtu.be/HwZM6fP6lqk?t=2374
2021,WQ,355,2275,1,JdMfX_,Yes,Tap,1044900,220.0,1044900.0,220.0,617940.0,133.0,,,,,Intentional,18,,No,426960.0,,https://youtu.be/SsoH3vgyAow?t=2455
2021,WQ,355,2276,1,Tsuki,No,Tap,773260,210.0,,,421480.0,133.0,,,,,Natural,18,,No,351780.0,,https://youtu.be/SsoH3vgyAow?t=2455
2021,WQ,355,2277,2,JdMfX_,Yes,Tap,878720,187.0,878720.0,187.0,626680.0,133.0,,,,,Intentional,18,,No,252040.0,,https://youtu.be/SsoH3vgyAow?t=3219
2021,WQ,355,2278,2,Tsuki,No,Tap,628640,179.0,,,526360.0,132.0,,,,,Natural,18,,No,102280.0,,https://youtu.be/SsoH3vgyAow?t=3219
2021,WQ,355,2279,3,JdMfX_,Yes,Tap,77900,19.0,77900.0,19.0,,,,,,,Intentional,18,,No,,,https://youtu.be/SsoH3vgyAow?t=3765
2021,WQ,355,2280,3,Tsuki,No,Tap,12920,12.0,,,,,,,,,Natural,18,,No,,,https://youtu.be/SsoH3vgyAow?t=3765
2021,WQ,356,2281,1,Alex T,Yes,Tap,647080,148.0,647080.0,148.0,568160.0,131.0,,,,,Intentional,18,,No,78920.0,,https://youtu.be/SsoH3vgyAow?t=3346
2021,WQ,356,2282,1,Benjy,No,Tap,521880,132.0,,,519880.0,130.0,,,,,Natural,18,,No,2000.0,,https://youtu.be/SsoH3vgyAow?t=3346
2021,WQ,356,2283,2,Alex T,Yes,Tap,727120,179.0,727120.0,179.0,546120.0,133.0,,,,,Intentional,18,,No,181000.0,,https://youtu.be/SsoH3vgyAow?t=3765
2021,WQ,356,2284,2,Benjy,No,Tap,567320,173.0,,,410060.0,130.0,,,,,Natural,18,,No,157260.0,,https://youtu.be/SsoH3vgyAow?t=3765
2021,WQ,356,2285,3,Alex T,Yes,Tap,1183040,266.0,1159700.0,249.0,614500.0,130.0,1134060.0,230.0,,,Natural,18,,No,519560.0,48980.0,https://youtu.be/SsoH3vgyAow?t=4254
2021,WQ,356,2286,3,Benjy,No,Tap,1064040,229.0,,,617980.0,130.0,,,,,Natural,18,,No,446060.0,,https://youtu.be/SsoH3vgyAow?t=4254
2021,WS,357,2287,1,JdMfX_,Yes,Tap,605900,139.0,605900.0,139.0,557900.0,131.0,,,,,Intentional,18,,No,48000.0,,https://youtu.be/SsoH3vgyAow?t=5189
2021,WS,357,2288,1,Alex T,No,Tap,484920,130.0,,,484920.0,130.0,,,,,Natural,18,,No,0.0,,https://youtu.be/SsoH3vgyAow?t=5189
2021,WS,357,2289,2,JdMfX_,No,Tap,803820,205.0,,,464020.0,130.0,,,,,Natural,18,,No,339800.0,,https://youtu.be/SsoH3vgyAow?t=5591
2021,WS,357,2290,2,Alex T,Yes,Tap,959083,211.0,959083.0,211.0,528663.0,131.0,,,,,Natural,18,,No,430420.0,,https://youtu.be/SsoH3vgyAow?t=5591
2021,WS,357,2291,3,JdMfX_,Yes,Tap,1034980,236.0,1034980.0,236.0,545360.0,132.0,1027780.0,230.0,,,Natural,18,,No,482420.0,7200.0,https://youtu.be/SsoH3vgyAow?t=6242
2021,WS,357,2292,3,Alex T,No,Tap,967980,246.0,,,467120.0,131.0,948460.0,231.0,,,Natural,18,,No,481340.0,19520.0,https://youtu.be/SsoH3vgyAow?t=6242
2021,WS,357,2293,4,JdMfX_,Yes,Tap,1059280,223.0,1058120.0,222.0,564360.0,133.0,,,,,Intentional,18,,No,494920.0,,https://youtu.be/SsoH3vgyAow?t=6853
2021,WS,357,2294,4,Alex T,No,Tap,1024060,213.0,,,639600.0,132.0,,,,,Natural,18,,No,384460.0,,https://youtu.be/SsoH3vgyAow?t=6853
2021,LQ,358,2295,1,Tsuki,No,Tap,11400,14.0,,,,,,,,,Natural,18,,No,,,https://youtu.be/SsoH3vgyAow?t=5189
2021,LQ,358,2296,1,Benjy,Yes,Tap,139100,27.0,139100.0,27.0,,,,,,,Intentional,18,,No,,,https://youtu.be/SsoH3vgyAow?t=5189
2021,LQ,358,2297,2,Tsuki,Yes,Tap,909680,223.0,909680.0,223.0,500120.0,130.0,,,,,Intentional,18,,No,409560.0,,https://youtu.be/SsoH3vgyAow?t=5302
2021,LQ,358,2298,2,Benjy,No,Tap,799940,213.0,,,453780.0,130.0,,,,,Natural,18,,No,346160.0,,https://youtu.be/SsoH3vgyAow?t=5302
2021,LQ,358,2299,3,Tsuki,No,Tap,199120,53.0,,,,,,,,,Natural,18,,No,,,https://youtu.be/SsoH3vgyAow?t=5863
2021,LQ,358,2300,3,Benjy,Yes,Tap,226480,62.0,226480.0,62.0,,,,,,,Intentional,18,,No,,,https://youtu.be/SsoH3vgyAow?t=5863
2021,LQ,358,2301,4,Tsuki,No,Tap,984120,233.0,,,579180.0,130.0,979920.0,230.0,,,Natural,18,,No,400740.0,4200.0,https://youtu.be/SsoH3vgyAow?t=6071
2021,LQ,358,2302,4,Benjy,Yes,Tap,1029140,234.0,1029140.0,234.0,563980.0,131.0,1024340.0,230.0,,,Natural,18,,No,460360.0,4800.0,https://youtu.be/SsoH3vgyAow?t=6071
2021,WQ,359,2303,1,Nevanator,No,Tap,911160,229.0,,,575800.0,130.0,,,,,Natural,18,,No,335360.0,,https://youtu.be/SsoH3vgyAow?t=8175
2021,WQ,359,2304,1,Greentea,Yes,DAS,1026260,232.0,1026260.0,232.0,599680.0,130.0,1023260.0,230.0,,,Natural,18,,No,423580.0,3000.0,https://youtu.be/SsoH3vgyAow?t=8175 
2021,WQ,359,2305,2,Nevanator,No,Tap,467120,146.0,,,456440.0,133.0,,,,,Natural,18,,No,10680.0,,https://youtu.be/SsoH3vgyAow?t=8795
2021,WQ,359,2306,2,Greentea,Yes,DAS,472600,158.0,472600.0,158.0,446980.0,130.0,,,,,Intentional,18,,No,25620.0,,https://youtu.be/SsoH3vgyAow?t=8795
2021,WQ,359,2307,3,Nevanator,Yes,Tap,1154880,232.0,973080.0,201.0,606540.0,131.0,1152480.0,230.0,,,Natural,18,,No,545940.0,2400.0,https://youtu.be/SsoH3vgyAow?t=9226
2021,WQ,359,2308,3,Greentea,No,DAS,759360,188.0,,,618700.0,131.0,,,,,Natural,18,,No,140660.0,,https://youtu.be/SsoH3vgyAow?t=9226
2021,WQ,359,2309,4,Nevanator,No,Tap,0,0.0,,,,,,,,,Natural,18,,No,,,https://youtu.be/SsoH3vgyAow?t=9802
2021,WQ,359,2310,4,Greentea,Yes,DAS,30780,10.0,30780.0,10.0,,,,,,,Intentional,18,,No,,,https://youtu.be/SsoH3vgyAow?t=9802
2021,WQ,360,2311,1,Rhubarb,Yes,Tap,1032500,232.0,1032500.0,232.0,573840.0,130.0,1032500.0,232.0,,,Natural,18,,No,458660.0,0.0,https://youtu.be/SsoH3vgyAow?t=8175
2021,WQ,360,2312,1,TheMisterValor,No,DAS,901260,223.0,,,434000.0,130.0,,,,,Natural,18,,No,467260.0,,https://youtu.be/SsoH3vgyAow?t=8175
2021,WQ,360,2313,2,Rhubarb,Yes,Tap,528080,156.0,528080.0,156.0,450740.0,131.0,,,,,Intentional,18,,No,77340.0,,https://youtu.be/SsoH3vgyAow?t=8795
2021,WQ,360,2314,2,TheMisterValor,No,DAS,520380,142.0,,,481180.0,130.0,,,,,Natural,18,,No,39200.0,,https://youtu.be/SsoH3vgyAow?t=8795
2021,WQ,360,2315,3,Rhubarb,Yes,Tap,593080,154.0,593080.0,154.0,486080.0,133.0,,,,,Intentional,18,,No,107000.0,,https://youtu.be/SsoH3vgyAow?t=9226
2021,WQ,360,2316,3,TheMisterValor,No,DAS,541760,145.0,,,505500.0,131.0,,,,,Natural,18,,No,36260.0,,https://youtu.be/SsoH3vgyAow?t=9226
2021,WS,361,2317,1,Greentea,Yes,DAS,739420,167.0,739420.0,167.0,614880.0,130.0,,,,,Intentional,18,,No,124540.0,,https://youtu.be/SsoH3vgyAow?t=10250
2021,WS,361,2318,1,Rhubarb,No,Tap,696340,169.0,,,544460.0,131.0,,,,,Natural,18,,No,151880.0,,https://youtu.be/SsoH3vgyAow?t=10250
2021,WS,361,2319,2,Greentea,No,DAS,223820,59.0,,,,,,,,,Natural,18,,No,,,https://youtu.be/SsoH3vgyAow?t=10739
2021,WS,361,2320,2,Rhubarb,Yes,Tap,269420,63.0,269420.0,63.0,,,,,,,Intentional,18,,No,,,https://youtu.be/SsoH3vgyAow?t=10739
2021,WS,361,2321,3,Greentea,No,DAS,950260,237.0,,,478100.0,132.0,941860.0,231.0,,,Natural,18,,No,463760.0,8400.0,https://youtu.be/SsoH3vgyAow?t=10956
2021,WS,361,2322,3,Rhubarb,Yes,Tap,969280,233.0,969280.0,233.0,581460.0,132.0,968080.0,232.0,,,Natural,18,,No,386620.0,1200.0,https://youtu.be/SsoH3vgyAow?t=10956
2021,WS,361,2323,4,Greentea,Yes,DAS,1047860,236.0,1047860.0,236.0,596660.0,131.0,1040060.0,230.0,,,Natural,18,,No,443400.0,7800.0,https://youtu.be/SsoH3vgyAow?t=11555 
2021,WS,361,2324,4,Rhubarb,No,Tap,874600,236.0,,,524460.0,130.0,863200.0,231.0,,,Natural,18,,No,338740.0,11400.0,https://youtu.be/SsoH3vgyAow?t=11555
2021,WS,361,2325,5,Greentea,No,DAS,829780,214.0,,,527120.0,133.0,,,,,Natural,18,,No,302660.0,,https://youtu.be/SsoH3vgyAow?t=12145
2021,WS,361,2326,5,Rhubarb,Yes,Tap,953920,234.0,879520.0,223.0,540800.0,133.0,950320.0,231.0,,,Aggressive,18,,No,409520.0,3600.0,https://youtu.be/SsoH3vgyAow?t=12145
2021,LQ,362,2327,1,Nevanator,Yes,Tap,776000,187.0,776000.0,187.0,559800.0,132.0,,,,,Intentional,18,,No,216200.0,,https://youtu.be/SsoH3vgyAow?t=10250
2021,LQ,362,2328,1,TheMisterValor,No,DAS,644000,171.0,,,559040.0,131.0,,,,,Natural,18,,No,84960.0,,https://youtu.be/SsoH3vgyAow?t=10250
2021,LQ,362,2329,2,Nevanator,Yes,Tap,802300,197.0,802300.0,197.0,565880.0,133.0,,,,,Intentional,18,,No,236420.0,,https://youtu.be/SsoH3vgyAow?t=10739
2021,LQ,362,2330,2,TheMisterValor,No,DAS,701640,188.0,,,499740.0,130.0,,,,,Natural,18,,No,201900.0,,https://youtu.be/SsoH3vgyAow?t=10739
2021,LQ,362,2331,3,Nevanator,Yes,Tap,822720,179.0,822720.0,179.0,634280.0,130.0,,,,,Intentional,18,,No,188440.0,,https://youtu.be/SsoH3vgyAow?t=11253
2021,LQ,362,2332,3,TheMisterValor,No,DAS,496360,164.0,,,460620.0,130.0,,,,,Natural,18,,No,35740.0,,https://youtu.be/SsoH3vgyAow?t=11253
2021,LQ,363,2333,1,Greentea,No,DAS,938860,222.0,,,540020.0,130.0,,,,,Natural,18,,No,398840.0,,https://youtu.be/SsoH3vgyAow?t=15270
2021,LQ,363,2334,1,Benjy,Yes,Tap,992432,239.0,992432.0,239.0,468852.0,130.0,982832.0,231.0,,,Natural,18,,No,513980.0,9600.0,https://youtu.be/SsoH3vgyAow?t=15270
2021,LQ,363,2335,2,Greentea,No,DAS,794260,202.0,,,530540.0,133.0,,,,,Natural,18,,No,263720.0,,https://youtu.be/SsoH3vgyAow?t=15868
2021,LQ,363,2336,2,Benjy,Yes,Tap,945520,212.0,945520.0,212.0,579180.0,132.0,,,,,Intentional,18,,No,366340.0,,https://youtu.be/SsoH3vgyAow?t=15868
2021,LQ,363,2337,3,Greentea,Yes,DAS,633200,147.0,633200.0,147.0,576940.0,131.0,,,,,Intentional,18,,No,56260.0,,https://youtu.be/SsoH3vgyAow?t=16425
2021,LQ,363,2338,3,Benjy,No,Tap,526280,147.0,,,465180.0,131.0,,,,,Natural,18,,No,61100.0,,https://youtu.be/SsoH3vgyAow?t=16425
2021,LQ,363,2339,4,Greentea,Yes,DAS,601600,159.0,601600.0,159.0,487980.0,130.0,,,,,Intentional,18,,No,113620.0,,https://youtu.be/SsoH3vgyAow?t=16873
2021,LQ,363,2340,4,Benjy,No,Tap,494580,154.0,,,432120.0,130.0,,,,,Natural,18,,No,62460.0,,https://youtu.be/SsoH3vgyAow?t=16873
2021,LQ,363,2341,5,Greentea,No,DAS,761460,196.0,,,498220.0,130.0,,,,,Natural,18,,No,263240.0,,https://youtu.be/SsoH3vgyAow?t=17316
2021,LQ,363,2342,5,Benjy,Yes,Tap,840040,210.0,840040.0,210.0,540800.0,130.0,,,,,Intentional,18,,No,299240.0,,https://youtu.be/SsoH3vgyAow?t=17316
2021,LQ,364,2343,1,Alex T,Yes,Tap,797803,171.0,797803.0,171.0,557163.0,130.0,,,,,Intentional,18,,No,240640.0,,https://youtu.be/SsoH3vgyAow?t=15270
2021,LQ,364,2344,1,Nevanator,No,Tap,584762,159.0,,,451262.0,132.0,,,,,Natural,18,,No,133500.0,,https://youtu.be/SsoH3vgyAow?t=15270
2021,LQ,364,2345,2,Alex T,Yes,Tap,679800,145.0,679800.0,145.0,605400.0,133.0,,,,,Intentional,18,,No,74400.0,,https://youtu.be/SsoH3vgyAow?t=15722
2021,LQ,364,2346,2,Nevanator,No,Tap,497620,137.0,,,472020.0,131.0,,,,,Natural,18,,No,25600.0,,https://youtu.be/SsoH3vgyAow?t=15722
2021,LQ,364,2347,3,Alex T,Yes,Tap,187720,77.0,187720.0,77.0,,,,,,,Intentional,18,,No,,,https://youtu.be/SsoH3vgyAow?t=16161
2021,LQ,364,2348,3,Nevanator,No,Tap,166060,56.0,,,,,,,,,Natural,18,,No,,,https://youtu.be/SsoH3vgyAow?t=16161
2021,WF,365,2349,1,JdMfX_,Yes,Tap,1045240,232.0,1045240.0,232.0,565880.0,133.0,1045240.0,232.0,,,Natural,18,,No,479360.0,0.0,https://youtu.be/SsoH3vgyAow?t=18757
2021,WF,365,2350,1,Rhubarb,No,Tap,1007740,238.0,,,423360.0,130.0,999940.0,232.0,,,Natural,18,,No,576580.0,7800.0,https://youtu.be/SsoH3vgyAow?t=18757
2021,WF,365,2351,2,JdMfX_,Yes,Tap,1004360,209.0,1004360.0,209.0,557900.0,130.0,,,,,Intentional,18,,No,446460.0,,https://youtu.be/SsoH3vgyAow?t=19362
2021,WF,365,2352,2,Rhubarb,No,Tap,818780,203.0,,,614520.0,130.0,,,,,Natural,18,,No,204260.0,,https://youtu.be/SsoH3vgyAow?t=19362
2021,WF,365,2353,3,JdMfX_,Yes,Tap,1094940,232.0,1094940.0,232.0,567020.0,130.0,1092540.0,230.0,,,Natural,18,,No,525520.0,2400.0,https://youtu.be/SsoH3vgyAow?t=19903
2021,WF,365,2354,3,Rhubarb,No,Tap,922460,231.0,,,500900.0,130.0,922460.0,231.0,,,Natural,18,,No,421560.0,0.0,https://youtu.be/SsoH3vgyAow?t=19903
2021,LS,366,2355,1,Benjy,Yes,Tap,375440,93.0,375440.0,93.0,,,,,,,Intentional,18,,No,,,https://youtu.be/SsoH3vgyAow?t=18757
2021,LS,366,2356,1,Alex T,No,Tap,363739,86.0,,,,,,,,,Natural,18,,No,,,https://youtu.be/SsoH3vgyAow?t=18757
2021,LS,366,2357,2,Benjy,No,Tap,962060,229.0,,,523360.0,130.0,,,,,Natural,18,,No,438700.0,,https://youtu.be/SsoH3vgyAow?t=19046
2021,LS,366,2358,2,Alex T,Yes,Tap,1274318,234.0,1274318.0,234.0,638098.0,130.0,1273118.0,233.0,,,Natural,18,,No,635020.0,1200.0,https://youtu.be/SsoH3vgyAow?t=19046
2021,LS,366,2359,3,Benjy,Yes,Tap,1107000,232.0,1107000.0,232.0,550540.0,131.0,1107000.0,232.0,,,Natural,18,,No,556460.0,0.0,https://youtu.be/SsoH3vgyAow?t=19815
2021,LS,366,2360,3,Alex T,No,Tap,1090780,233.0,,,513440.0,132.0,1089580.0,232.0,,,Natural,18,,No,576140.0,1200.0,https://youtu.be/SsoH3vgyAow?t=19815
2021,LS,366,2361,4,Benjy,No,Tap,732240,217.0,,,378920.0,132.0,,,,,Natural,18,,No,353320.0,,https://youtu.be/SsoH3vgyAow?t=20481
2021,LS,366,2362,4,Alex T,Yes,Tap,1015060,297.0,931960.0,241.0,403220.0,130.0,918060.0,230.0,,,Natural,18,,No,514840.0,97000.0,https://youtu.be/SsoH3vgyAow?t=20481
2021,LS,366,2363,5,Benjy,Yes,Tap,957840,228.0,957840.0,228.0,504740.0,131.0,,,,,Natural,18,,No,453100.0,,https://youtu.be/SsoH3vgyAow?t=21156
2021,LS,366,2364,5,Alex T,No,Tap,951600,237.0,,,543460.0,132.0,943200.0,231.0,,,Natural,18,,No,399740.0,8400.0,https://youtu.be/SsoH3vgyAow?t=21156
2021,LF,367,2365,1,Rhubarb,Yes,Tap,763560,208.0,763560.0,208.0,520280.0,132.0,,,,,Intentional,18,,No,243280.0,,https://youtu.be/SsoH3vgyAow?t=22320
2021,LF,367,2366,1,Benjy,No,Tap,722100,196.0,,,560560.0,133.0,,,,,Natural,18,,No,161540.0,,https://youtu.be/SsoH3vgyAow?t=22320
2021,LF,367,2367,2,Rhubarb,No,Tap,725120,201.0,,,524060.0,130.0,,,,,Natural,18,,No,201060.0,,https://youtu.be/SsoH3vgyAow?t=22864
2021,LF,367,2368,2,Benjy,Yes,Tap,846120,203.0,846120.0,203.0,542700.0,132.0,,,,,Intentional,18,,No,303420.0,,https://youtu.be/SsoH3vgyAow?t=22864
2021,LF,367,2369,3,Rhubarb,No,Tap,311220,69.0,,,,,,,,,Natural,18,,No,,,https://youtu.be/SsoH3vgyAow?t=23411
2021,LF,367,2370,3,Benjy,Yes,Tap,315780,76.0,315780.0,76.0,,,,,,,Intentional,18,,No,,,https://youtu.be/SsoH3vgyAow?t=23411
2021,LF,367,2371,4,Rhubarb,No,Tap,799720,227.0,,,320060.0,130.0,,,,,Natural,18,,No,479660.0,,https://youtu.be/SsoH3vgyAow?t=23675
2021,LF,367,2372,4,Benjy,Yes,Tap,864320,223.0,864320.0,223.0,481140.0,132.0,,,,,Natural,18,,No,383180.0,,https://youtu.be/SsoH3vgyAow?t=23675
2021,GF,368,2373,1,JdMfX_,No,Tap,1076580,223.0,,,584800.0,132.0,,,,,Natural,18,,No,491780.0,,https://youtu.be/SsoH3vgyAow?t=24796
2021,GF,368,2374,1,Benjy,Yes,Tap,1191920,236.0,1191920.0,236.0,593980.0,130.0,1187120.0,232.0,,,Natural,18,,No,593140.0,4800.0,https://youtu.be/SsoH3vgyAow?t=24796
2021,GF,368,2375,2,JdMfX_,Yes,Tap,805940,176.0,805940.0,176.0,584880.0,133.0,,,,,Intentional,18,,No,221060.0,,https://youtu.be/SsoH3vgyAow?t=25426
2021,GF,368,2376,2,Benjy,No,Tap,792480,162.0,,,656320.0,133.0,,,,,Natural,18,,No,136160.0,,https://youtu.be/SsoH3vgyAow?t=25426
2021,GF,368,2377,3,JdMfX_,Yes,Tap,892000,219.0,892000.0,219.0,503160.0,130.0,,,,,Intentional,18,,No,388840.0,,https://youtu.be/SsoH3vgyAow?t=25920
2021,GF,368,2378,3,Benjy,No,Tap,875740,206.0,,,598940.0,130.0,,,,,Natural,18,,No,276800.0,,https://youtu.be/SsoH3vgyAow?t=25920
2021,GF,368,2379,4,JdMfX_,Yes,Tap,1033900,232.0,1033900.0,232.0,523680.0,130.0,1030900.0,230.0,,,Natural,18,,No,507220.0,3000.0,https://youtu.be/SsoH3vgyAow?t=26510
2021,GF,368,2380,4,Benjy,No,Tap,898920,226.0,,,467440.0,130.0,,,,,Natural,18,,No,431480.0,,https://youtu.be/SsoH3vgyAow?t=26510
2021,WQ,369,2381,1,PixelAndy,Yes,Tap,747500,159.0,747500.0,159.0,637320.0,133.0,,,,,Intentional,18,,No,110180.0,,https://youtu.be/0OKVqRzlLtE?t=1450
2021,WQ,369,2382,1,AdamMts,No,DAS,497640,153.0,,,433260.0,132.0,,,,,Natural,18,,No,64380.0,,https://youtu.be/0OKVqRzlLtE?t=1450
2021,WQ,369,2383,2,PixelAndy,Yes,Tap,805220,184.0,805220.0,184.0,565120.0,133.0,,,,,Intentional,18,,No,240100.0,,https://youtu.be/0OKVqRzlLtE?t=1898
2021,WQ,369,2384,2,AdamMts,No,DAS,527020,173.0,,,464040.0,131.0,,,,,Natural,18,,No,62980.0,,https://youtu.be/0OKVqRzlLtE?t=1898
2021,WQ,369,2385,3,PixelAndy,Yes,Tap,985020,,985020.0,,580320.0,131.0,,,,,Natural,18,,No,,,https://youtu.be/0OKVqRzlLtE?t=2380
2021,WQ,369,2386,3,AdamMts,No,DAS,763040,187.0,,,501660.0,131.0,,,,,Natural,18,,No,261380.0,,https://youtu.be/0OKVqRzlLtE?t=2380
2021,WQ,370,2387,1,jim8c,Yes,Tap,631500,158.0,631500.0,158.0,541940.0,131.0,,,,,Intentional,18,,No,89560.0,,https://youtu.be/0OKVqRzlLtE?t=1450
2021,WQ,370,2388,1,Asta,No,Tap,530220,148.0,,,470120.0,130.0,,,,,Natural,18,,No,60100.0,,https://youtu.be/0OKVqRzlLtE?t=1450
2021,WQ,370,2389,2,jim8c,No,Tap,630220,201.0,,,448440.0,130.0,,,,,Natural,18,,No,181780.0,,https://youtu.be/0OKVqRzlLtE?t=1898
2021,WQ,370,2390,2,Asta,Yes,Tap,780060,218.0,780060.0,218.0,469720.0,130.0,,,,,Intentional,18,,No,310340.0,,https://youtu.be/0OKVqRzlLtE?t=1898
2021,WQ,370,2391,3,jim8c,No,Tap,294120,87.0,,,,,,,,,Natural,18,,No,,,https://youtu.be/0OKVqRzlLtE?t=2445
2021,WQ,370,2392,3,Asta,Yes,Tap,435100,97.0,435100.0,97.0,,,,,,,Intentional,18,,No,,,https://youtu.be/0OKVqRzlLtE?t=2445
2021,WQ,370,2393,4,jim8c,Yes,Tap,794800,200.0,794800.0,200.0,484180.0,131.0,,,,,Intentional,18,,No,310620.0,,https://youtu.be/0OKVqRzlLtE?t=2733
2021,WQ,370,2394,4,Asta,No,Tap,695080,188.0,,,494060.0,133.0,,,,,Natural,18,,No,201020.0,,https://youtu.be/0OKVqRzlLtE?t=2733
2021,WQ,370,2395,5,jim8c,No,Tap,587400,166.0,,,442760.0,130.0,,,,,Natural,18,,No,144640.0,,https://youtu.be/0OKVqRzlLtE?t=3256
2021,WQ,370,2396,5,Asta,Yes,Tap,707020,173.0,707020.0,173.0,526740.0,132.0,,,,,Intentional,18,,No,180280.0,,https://youtu.be/0OKVqRzlLtE?t=3256
2021,WS,371,2397,1,PixelAndy,Yes,Tap,563740,135.0,563740.0,135.0,560940.0,132.0,,,,,Intentional,18,,No,2800.0,,https://youtu.be/0OKVqRzlLtE?t=4042
2021,WS,371,2398,1,Asta,No,Tap,482980,127.0,,,,,,,,,Natural,18,,No,,,https://youtu.be/0OKVqRzlLtE?t=4042
2021,WS,371,2399,2,PixelAndy,No,Tap,1040360,234.0,,,514940.0,131.0,1037960.0,232.0,,,Natural,18,,No,523020.0,2400.0,https://youtu.be/0OKVqRzlLtE?t=4441
2021,WS,371,2400,2,Asta,Yes,Tap,1089060,230.0,1089060.0,230.0,581820.0,130.0,1089060.0,230.0,,,Natural,18,,No,507240.0,0.0,https://youtu.be/0OKVqRzlLtE?t=4441
2021,WS,371,2401,3,PixelAndy,No,Tap,615960,207.0,,,451480.0,130.0,,,,,Natural,18,,No,164480.0,,https://youtu.be/0OKVqRzlLtE?t=5043
2021,WS,371,2402,3,Asta,Yes,Tap,922200,230.0,866540.0,213.0,503940.0,131.0,922200.0,230.0,,,Natural,18,,No,418260.0,0.0,https://youtu.be/0OKVqRzlLtE?t=5043
2021,WS,371,2403,4,PixelAndy,Yes,Tap,952840,234.0,952840.0,234.0,501320.0,131.0,951640.0,233.0,,,Intentional,18,,No,450320.0,1200.0,https://youtu.be/0OKVqRzlLtE?t=5704
2021,WS,371,2404,4,Asta,No,Tap,934340,223.0,,,489880.0,131.0,,,,,Natural,18,,No,444460.0,,https://youtu.be/0OKVqRzlLtE?t=5704
2021,WS,371,2405,5,PixelAndy,No,Tap,1065120,255.0,,,559400.0,130.0,999940.0,230.0,,,Natural,18,,No,440540.0,65180.0,https://youtu.be/0OKVqRzlLtE?t=6314
2021,WS,371,2406,5,Asta,Yes,Tap,1080800,234.0,1080800.0,234.0,548020.0,131.0,1079600.0,233.0,,,Natural,18,,No,531580.0,1200.0,https://youtu.be/0OKVqRzlLtE?t=6314
2021,LQ,372,2407,1,AdamMts,Yes,DAS,759580,230.0,662860.0,202.0,478480.0,131.0,,,,,Natural,18,,No,,,https://youtu.be/0OKVqRzlLtE?t=4042
2021,LQ,372,2408,1,jim8c,No,Tap,662030,157.0,,,548410.0,130.0,,,,,Natural,18,,No,113620.0,,https://youtu.be/0OKVqRzlLtE?t=4042
2021,LQ,372,2409,2,AdamMts,No,DAS,827360,233.0,,,400960.0,131.0,827360.0,233.0,,,Natural,18,,No,426400.0,0.0,https://youtu.be/0OKVqRzlLtE?t=4623
2021,LQ,372,2410,2,jim8c,Yes,Tap,925860,231.0,925860.0,231.0,582640.0,131.0,925860.0,231.0,,,Natural,18,,No,343220.0,0.0,https://youtu.be/0OKVqRzlLtE?t=4623
2021,LQ,372,2411,3,AdamMts,Yes,DAS,629840,209.0,577940.0,188.0,491020.0,133.0,,,,,Intentional,18,,No,138820.0,,https://youtu.be/0OKVqRzlLtE?t=5235
2021,LQ,372,2412,3,jim8c,No,Tap,576900,130.0,,,576900.0,130.0,,,,,Natural,18,,No,0.0,,https://youtu.be/0OKVqRzlLtE?t=5235
2021,LQ,372,2413,4,AdamMts,Yes,DAS,795300,233.0,745340.0,218.0,525600.0,132.0,794100.0,232.0,,,Natural,18,,No,268500.0,1200.0,https://youtu.be/0OKVqRzlLtE?t=5860
2021,LQ,372,2414,4,jim8c,No,Tap,744934,182.0,,,559434.0,133.0,,,,,Natural,18,,No,185500.0,,https://youtu.be/0OKVqRzlLtE?t=5860
2021,WQ,373,2415,1,Odinn,No,Tap,117040,67.0,,,,,,,,,Natural,18,,No,,,https://youtu.be/0OKVqRzlLtE?t=7399
2021,WQ,373,2416,1,Peekayric,Yes,Tap,258415,69.0,258415.0,69.0,,,,,,,Intentional,18,,No,,,https://youtu.be/0OKVqRzlLtE?t=7399
2021,WQ,373,2417,2,Odinn,No,Tap,907642,231.0,,,525220.0,133.0,907642.0,231.0,,,Natural,18,,No,382422.0,0.0,https://youtu.be/0OKVqRzlLtE?t=7643
2021,WQ,373,2418,2,Peekayric,Yes,Tap,1027040,236.0,1027040.0,236.0,504560.0,131.0,1022240.0,232.0,,,Intentional,18,,No,517680.0,4800.0,https://youtu.be/0OKVqRzlLtE?t=7643
2021,WQ,373,2419,3,Odinn,Yes,Tap,160360,52.0,160360.0,52.0,,,,,,,Intentional,18,,No,,,https://youtu.be/0OKVqRzlLtE?t=8284
2021,WQ,373,2420,3,Peekayric,No,Tap,138700,45.0,,,,,,,,,Natural,18,,No,,,https://youtu.be/0OKVqRzlLtE?t=8284
2021,WQ,373,2421,4,Odinn,No,Tap,507460,134.0,,,505460.0,132.0,,,,,Natural,18,,No,2000.0,,https://youtu.be/0OKVqRzlLtE?t=8476
2021,WQ,373,2422,4,Peekayric,Yes,Tap,547123,137.0,547123.0,137.0,520723.0,130.0,,,,,Intentional,18,,No,26400.0,,https://youtu.be/0OKVqRzlLtE?t=8476
2021,WQ,374,2423,1,moja,No,Tap,381520,80.0,,,,,,,,,Natural,18,,No,,,https://youtu.be/0OKVqRzlLtE?t=7399
2021,WQ,374,2424,1,Blauwalbube,Yes,Tap,381522,106.0,381522.0,106.0,,,,,,,Intentional,18,,No,,,https://youtu.be/0OKVqRzlLtE?t=7399
2021,WQ,374,2425,2,moja,Yes,Tap,890180,214.0,890180.0,214.0,468580.0,130.0,,,,,Intentional,18,,No,421600.0,,https://youtu.be/0OKVqRzlLtE?t=7753
2021,WQ,374,2426,2,Blauwalbube,No,Tap,841640,204.0,,,522920.0,130.0,,,,,Natural,18,,No,318720.0,,https://youtu.be/0OKVqRzlLtE?t=7753
2021,WQ,374,2427,3,moja,No,Tap,941100,230.0,,,485320.0,131.0,941100.0,230.0,,,Natural,18,,No,455780.0,0.0,https://youtu.be/0OKVqRzlLtE?t=8284
2021,WQ,374,2428,3,Blauwalbube,Yes,Tap,960700,235.0,960700.0,235.0,451500.0,133.0,957700.0,233.0,,,Natural,18,,No,506200.0,3000.0,https://youtu.be/0OKVqRzlLtE?t=8284
2021,WQ,374,2429,4,moja,Yes,Tap,549800,140.0,549800.0,140.0,521800.0,133.0,,,,,Intentional,18,,No,28000.0,,https://youtu.be/0OKVqRzlLtE?t=8889
2021,WQ,374,2430,4,Blauwalbube,No,Tap,540020,130.0,,,540020.0,130.0,,,,,Natural,18,,No,0.0,,https://youtu.be/0OKVqRzlLtE?t=8889
2021,WQ,374,2431,5,moja,Yes,Tap,854780,202.0,854780.0,202.0,584860.0,130.0,,,,,Intentional,18,,No,269920.0,,https://youtu.be/0OKVqRzlLtE?t=9279
2021,WQ,374,2432,5,Blauwalbube,No,Tap,690320,190.0,,,535100.0,132.0,,,,,Natural,18,,No,155220.0,,https://youtu.be/0OKVqRzlLtE?t=9279
2021,WS,375,2433,1,Peekayric,No,Tap,917860,219.0,,,563980.0,131.0,,,,,Natural,18,,No,353880.0,,https://youtu.be/0OKVqRzlLtE?t=10052
2021,WS,375,2434,1,moja,Yes,Tap,922680,227.0,922680.0,227.0,490260.0,132.0,,,,,Natural,18,,No,432420.0,,https://youtu.be/0OKVqRzlLtE?t=10052
2021,WS,375,2435,2,Peekayric,Yes,Tap,736106,171.0,736106.0,171.0,579946.0,130.0,,,,,Intentional,18,,No,156160.0,,https://youtu.be/0OKVqRzlLtE?t=10641
2021,WS,375,2436,2,moja,No,Tap,496160,165.0,,,436680.0,131.0,,,,,Natural,18,,No,59480.0,,https://youtu.be/0OKVqRzlLtE?t=10641
2021,WS,375,2437,3,Peekayric,No,Tap,433700,132.0,,,432100.0,130.0,,,,,Natural,18,,No,1600.0,,https://youtu.be/0OKVqRzlLtE?t=11104
2021,WS,375,2438,3,moja,Yes,Tap,497200,144.0,497200.0,144.0,484160.0,130.0,,,,,Intentional,18,,No,13040.0,,https://youtu.be/0OKVqRzlLtE?t=11104
2021,WS,375,2439,4,Peekayric,Yes,Tap,700507,151.0,700507.0,151.0,597187.0,132.0,,,,,Intentional,18,,No,103320.0,,https://youtu.be/0OKVqRzlLtE?t=11507
2021,WS,375,2440,4,moja,No,Tap,553500,139.0,,,504700.0,130.0,,,,,Natural,18,,No,48800.0,,https://youtu.be/0OKVqRzlLtE?t=11507
2021,WS,375,2441,5,Peekayric,Yes,Tap,657795,162.0,657795.0,162.0,559795.0,130.0,,,,,Intentional,18,,No,98000.0,,https://youtu.be/0OKVqRzlLtE?t=11901
2021,WS,375,2442,5,moja,No,Tap,653420,146.0,,,614500.0,130.0,,,,,Natural,18,,No,38920.0,,https://youtu.be/0OKVqRzlLtE?t=11901
2021,LQ,376,2443,1,Odinn,Yes,Tap,163780,54.0,163780.0,54.0,,,,,,,Intentional,18,,No,,,https://youtu.be/0OKVqRzlLtE?t=10014
2021,LQ,376,2444,1,Blauwalbube,No,Tap,150493,40.0,,,,,,,,,Natural,18,,No,,,https://youtu.be/0OKVqRzlLtE?t=10014
2021,LQ,376,2445,2,Odinn,No,Tap,495120,149.0,,,455680.0,132.0,,,,,Natural,18,,No,39440.0,,https://youtu.be/0OKVqRzlLtE?t=10184
2021,LQ,376,2446,2,Blauwalbube,Yes,Tap,756460,187.0,648260.0,154.0,560940.0,133.0,,,,,Natural,18,,No,195520.0,,https://youtu.be/0OKVqRzlLtE?t=10184
2021,LQ,376,2447,3,Odinn,No,Tap,123500,32.0,,,,,,,,,Natural,18,,No,,,https://youtu.be/0OKVqRzlLtE?t=10654
2021,LQ,376,2448,3,Blauwalbube,Yes,Tap,193840,42.0,193840.0,42.0,,,,,,,Intentional,18,,No,,,https://youtu.be/0OKVqRzlLtE?t=10654
2021,LQ,376,2449,4,Odinn,Yes,Tap,855020,240.0,855020.0,240.0,447700.0,133.0,810580.0,230.0,,,Natural,18,,No,362880.0,44440.0,https://youtu.be/0OKVqRzlLtE?t=10841
2021,LQ,376,2450,4,Blauwalbube,No,Tap,842860,250.0,,,352740.0,130.0,790160.0,233.0,,,Natural,18,,No,437420.0,52700.0,https://youtu.be/0OKVqRzlLtE?t=10841
2021,LQ,376,2451,5,Odinn,Yes,Tap,998826,224.0,998826.0,224.0,561706.0,131.0,,,,,Natural,18,,No,437120.0,,https://youtu.be/0OKVqRzlLtE?t=11476
2021,LQ,376,2452,5,Blauwalbube,No,Tap,863180,213.0,,,407020.0,130.0,,,,,Natural,18,,No,456160.0,,https://youtu.be/0OKVqRzlLtE?t=11476
2021,LQ,377,2453,1,moja,Yes,Tap,924380,233.0,924380.0,233.0,441980.0,130.0,924380.0,233.0,,,Natural,18,,No,482400.0,0.0,https://youtu.be/0OKVqRzlLtE?t=12889
2021,LQ,377,2454,1,AdamMts,No,DAS,853040,231.0,,,468980.0,132.0,853040.0,231.0,,,Natural,18,,No,384060.0,0.0,https://youtu.be/0OKVqRzlLtE?t=12889
2021,LQ,377,2455,2,moja,Yes,Tap,1099080,252.0,1099080.0,252.0,564360.0,131.0,1023520.0,230.0,,,Natural,18,,No,459160.0,75560.0,https://youtu.be/0OKVqRzlLtE?t=13543
2021,LQ,377,2456,2,AdamMts,No,DAS,955680,238.0,,,534700.0,130.0,917280.0,232.0,,,Natural,18,,No,382580.0,38400.0,https://youtu.be/0OKVqRzlLtE?t=13543
2021,LQ,377,2457,3,moja,Yes,Tap,575960,157.0,575960.0,157.0,505500.0,131.0,,,,,Intentional,18,,No,70460.0,,https://youtu.be/0OKVqRzlLtE?t=14152
2021,LQ,377,2458,3,AdamMts,No,DAS,493500,137.0,,,467500.0,131.0,,,,,Natural,18,,No,26000.0,,https://youtu.be/0OKVqRzlLtE?t=14152
2021,LQ,378,2459,1,PixelAndy,Yes,Tap,419900,84.0,419900.0,84.0,,,,,,,Intentional,18,,No,,,https://youtu.be/0OKVqRzlLtE?t=12869
2021,LQ,378,2460,1,Odinn,No,Tap,396346,79.0,,,,,,,,,Natural,18,,No,,,https://youtu.be/0OKVqRzlLtE?t=12869
2021,LQ,378,2461,2,PixelAndy,No,Tap,1063140,231.0,,,584500.0,131.0,,,,,Natural,18,,No,,,https://youtu.be/0OKVqRzlLtE?t=13152
2021,LQ,378,2462,2,Odinn,Yes,Tap,1089044,237.0,1089044.0,237.0,478864.0,130.0,1050684.0,231.0,,,Natural,18,,No,571820.0,38360.0,https://youtu.be/0OKVqRzlLtE?t=13152
2021,LQ,378,2463,3,PixelAndy,Yes,Tap,1021480,223.0,1021480.0,223.0,557900.0,130.0,,,,,Intentional,18,,No,463580.0,,https://youtu.be/0OKVqRzlLtE?t=13850
2021,LQ,378,2464,3,Odinn,No,Tap,858660,203.0,,,445800.0,132.0,,,,,Natural,18,,No,412860.0,,https://youtu.be/0OKVqRzlLtE?t=13850
2021,LQ,378,2465,4,PixelAndy,Yes,Tap,623940,149.0,623940.0,149.0,580700.0,132.0,,,,,Intentional,18,,No,43240.0,,https://youtu.be/0OKVqRzlLtE?t=14406
2021,LQ,378,2466,4,Odinn,No,Tap,488880,150.0,,,407800.0,130.0,,,,,Natural,18,,No,81080.0,,https://youtu.be/0OKVqRzlLtE?t=14406
2021,WF,379,2467,1,Asta,Yes,Tap,175945,63.0,175945.0,63.0,,,,,,,Intentional,18,,No,,,https://youtu.be/0OKVqRzlLtE?t=18006
2021,WF,379,2468,1,Peekayric,No,Tap,175940,47.0,,,,,,,,,Natural,18,,No,,,https://youtu.be/0OKVqRzlLtE?t=18006
2021,WF,379,2469,2,Asta,Yes,Tap,869160,231.0,869160.0,231.0,522040.0,130.0,869160.0,231.0,,,Natural,18,,No,347120.0,0.0,https://youtu.be/0OKVqRzlLtE?t=18228
2021,WF,379,2470,2,Peekayric,No,Tap,861620,222.0,,,484560.0,133.0,,,,,Natural,18,,No,377060.0,,https://youtu.be/0OKVqRzlLtE?t=18228
2021,WF,379,2471,3,Asta,Yes,Tap,673000,169.0,673000.0,169.0,538900.0,131.0,,,,,Intentional,18,,No,134100.0,,https://youtu.be/0OKVqRzlLtE?t=18818
2021,WF,379,2472,3,Peekayric,No,Tap,561528,148.0,,,542328.0,131.0,,,,,Natural,18,,No,19200.0,,https://youtu.be/0OKVqRzlLtE?t=18818
2021,LS,380,2473,1,moja,No,Tap,514520,127.0,,,,,,,,,Natural,18,,No,,,https://youtu.be/0OKVqRzlLtE?t=18006
2021,LS,380,2474,1,PixelAndy,Yes,Tap,579500,127.0,579500.0,127.0,,,,,,,Intentional,18,,No,,,https://youtu.be/0OKVqRzlLtE?t=18006
2021,LS,380,2475,2,moja,No,Tap,541160,167.0,,,414300.0,130.0,,,,,Natural,18,,No,126860.0,,https://youtu.be/0OKVqRzlLtE?t=18368
2021,LS,380,2476,2,PixelAndy,Yes,Tap,710140,173.0,710140.0,173.0,579560.0,130.0,,,,,Intentional,18,,No,130580.0,,https://youtu.be/0OKVqRzlLtE?t=18368
2021,LS,380,2477,3,moja,No,Tap,399380,98.0,,,,,,,,,Natural,18,,No,,,https://youtu.be/0OKVqRzlLtE?t=18818
2021,LS,380,2478,3,PixelAndy,Yes,Tap,495140,105.0,495140.0,105.0,,,,,,,Intentional,18,,No,,,https://youtu.be/0OKVqRzlLtE?t=18818
2021,LF,381,2479,1,Peekayric,No,Tap,929783,231.0,,,446283.0,133.0,929783.0,231.0,,,Natural,18,,No,483500.0,0.0,https://youtu.be/0OKVqRzlLtE?t=19583
2021,LF,381,2480,1,PixelAndy,Yes,Tap,998120,230.0,998120.0,230.0,543120.0,130.0,998120.0,230.0,,,Natural,18,,No,455000.0,0.0,https://youtu.be/0OKVqRzlLtE?t=19583
2021,LF,381,2481,2,Peekayric,No,Tap,907109,218.0,,,601220.0,133.0,,,,,Natural,18,,No,305889.0,,https://youtu.be/0OKVqRzlLtE?t=20168
2021,LF,381,2482,2,PixelAndy,Yes,Tap,1004640,223.0,1004640.0,223.0,510569.0,133.0,,,,,Natural,18,,No,494071.0,,https://youtu.be/0OKVqRzlLtE?t=20168
2021,LF,381,2483,3,Peekayric,No,Tap,204001,56.0,,,,,,,,,Natural,18,,No,,,https://youtu.be/0OKVqRzlLtE?t=20763
2021,LF,381,2484,3,PixelAndy,Yes,Tap,224580,56.0,224580.0,56.0,,,,,,,Intentional,18,,No,,,https://youtu.be/0OKVqRzlLtE?t=20763
2021,GF,382,2485,1,Asta,Yes,Tap,1006540,231.0,1006540.0,231.0,581060.0,130.0,1006540.0,231.0,,,Natural,18,,No,425480.0,0.0,https://youtu.be/iGPgP2QCLJA?t=114
2021,GF,382,2486,1,PixelAndy,No,Tap,902620,233.0,,,508500.0,130.0,902620.0,233.0,,,Natural,18,,No,394120.0,0.0,https://youtu.be/iGPgP2QCLJA?t=114
2021,GF,382,2487,2,Asta,No,Tap,931020,217.0,,,522180.0,130.0,,,,,Natural,18,,No,408840.0,,https://youtu.be/iGPgP2QCLJA?t=718
2021,GF,382,2488,2,PixelAndy,Yes,Tap,1021800,223.0,1021800.0,223.0,640360.0,133.0,,,,,Intentional,18,,No,381440.0,,https://youtu.be/iGPgP2QCLJA?t=718
2021,GF,382,2489,3,Asta,Yes,Tap,194560,47.0,194560.0,47.0,,,,,,,Intentional,18,,No,,,https://youtu.be/iGPgP2QCLJA?t=1294
2021,GF,382,2490,3,PixelAndy,No,Tap,88160,32.0,,,,,,,,,Natural,18,,No,,,https://youtu.be/iGPgP2QCLJA?t=1294
2021,GF,382,2491,4,Asta,No,Tap,764220,218.0,,,522220.0,130.0,,,,,Natural,18,,No,242000.0,,https://youtu.be/iGPgP2QCLJA?t=1582
2021,GF,382,2492,4,PixelAndy,Yes,Tap,1018121,222.0,1018121.0,222.0,559461.0,130.0,,,,,Intentional,18,,No,458660.0,,https://youtu.be/iGPgP2QCLJA?t=1582
2021,GF,382,2493,5,Asta,No,Tap,522500,125.0,,,,,,,,,Natural,18,,No,,,https://youtu.be/iGPgP2QCLJA?t=2146
2021,GF,382,2494,5,PixelAndy,Yes,Tap,635080,131.0,635080.0,131.0,635080.0,131.0,,,,,Intentional,18,,No,0.0,,https://youtu.be/iGPgP2QCLJA?t=2146
2021,GFBR,383,2495,1,Asta,No,Tap,334020,75.0,,,,,,,,,Natural,18,,No,,,https://youtu.be/iGPgP2QCLJA?t=2557
2021,GFBR,383,2496,1,PixelAndy,Yes,Tap,348080,90.0,348080.0,90.0,,,,,,,Intentional,18,,No,,,https://youtu.be/iGPgP2QCLJA?t=2557
2021,GFBR,383,2497,2,Asta,No,Tap,824940,232.0,,,431360.0,133.0,824940.0,232.0,,,Natural,18,,No,393580.0,0.0,https://youtu.be/iGPgP2QCLJA?t=2830
2021,GFBR,383,2498,2,PixelAndy,Yes,Tap,1042440,241.0,1030960.0,232.0,595900.0,131.0,1030960.0,232.0,,,Natural,18,,No,435060.0,11480.0,https://youtu.be/iGPgP2QCLJA?t=2830
2021,GFBR,383,2499,3,Asta,No,Tap,983400,231.0,,,524440.0,130.0,982200.0,230.0,,,Natural,18,,No,457760.0,1200.0,https://youtu.be/iGPgP2QCLJA?t=3520
2021,GFBR,383,2500,3,PixelAndy,Yes,Tap,1028360,230.0,1028360.0,230.0,526360.0,132.0,1028360.0,230.0,,,Natural,18,,No,502000.0,0.0,https://youtu.be/iGPgP2QCLJA?t=3520
2021,WQ,384,2501,1,Eren,No,Tap,907280,234.0,,,516520.0,130.0,901880.0,230.0,,,Natural,18,,No,385360.0,5400.0,https://youtu.be/8ZiS4cUYRnA?t=8066
2021,WQ,384,2502,1,KofiOW,Yes,Tap,944640,223.0,944640.0,223.0,538520.0,131.0,,,,,Natural,18,,No,406120.0,,https://youtu.be/8ZiS4cUYRnA?t=8066
2021,WQ,384,2503,2,Eren,No,Tap,454320,140.0,,,445020.0,130.0,,,,,Natural,18,,No,9300.0,,https://youtu.be/8ZiS4cUYRnA?t=8653
2021,WQ,384,2504,2,KofiOW,Yes,Tap,468060,187.0,468060.0,187.0,373960.0,130.0,,,,,Intentional,18,,No,94100.0,,https://youtu.be/8ZiS4cUYRnA?t=8653
2021,WQ,384,2505,3,Eren,Yes,Tap,806620,192.0,806620.0,192.0,580700.0,131.0,,,,,Natural,18,,No,225920.0,,https://youtu.be/8ZiS4cUYRnA?t=9153
2021,WQ,384,2506,3,KofiOW,No,Tap,608800,194.0,,,439760.0,131.0,,,,,Natural,18,,No,169040.0,,https://youtu.be/8ZiS4cUYRnA?t=9153
2021,WQ,384,2507,4,Eren,Yes,Tap,897940,229.0,897940.0,229.0,458320.0,130.0,,,,,Natural,18,,No,439620.0,,https://youtu.be/8ZiS4cUYRnA?t=9723
2021,WQ,384,2508,4,KofiOW,No,Tap,777240,213.0,,,561700.0,133.0,,,,,Natural,18,,No,215540.0,,https://youtu.be/8ZiS4cUYRnA?t=9723
2021,WQ,384,2509,5,Eren,Yes,Tap,837280,235.0,768060.0,206.0,347380.0,131.0,830680.0,230.0,,,Natural,18,,No,483300.0,6600.0,https://youtu.be/8ZiS4cUYRnA?t=10350
2021,WQ,384,2510,5,KofiOW,No,Tap,712660,177.0,,,617940.0,133.0,,,,,Natural,18,,No,94720.0,,https://youtu.be/8ZiS4cUYRnA?t=10350
2021,WQ,385,2511,1,IanKanetsu,Yes,Tap,779580,196.0,779580.0,196.0,471620.0,130.0,,,,,Natural,18,,No,307960.0,,https://youtu.be/8ZiS4cUYRnA?t=8066
2021,WQ,385,2512,1,Cobalt,No,Tap,552860,186.0,,,427800.0,132.0,,,,,Natural,18,,No,125060.0,,https://youtu.be/8ZiS4cUYRnA?t=8066
2021,WQ,385,2513,2,IanKanetsu,Yes,Tap,786960,187.0,786960.0,187.0,504320.0,130.0,,,,,Natural,18,,No,282640.0,,https://youtu.be/8ZiS4cUYRnA?t=8584
2021,WQ,385,2514,2,Cobalt,No,Tap,663260,170.0,,,539660.0,133.0,,,,,Natural,18,,No,123600.0,,https://youtu.be/8ZiS4cUYRnA?t=8584
2021,WQ,385,2515,3,IanKanetsu,No,Tap,718443,231.0,,,378123.0,131.0,718443.0,231.0,,,Natural,18,,No,340320.0,0.0,https://youtu.be/8ZiS4cUYRnA?t=9056
2021,WQ,385,2516,3,Cobalt,Yes,Tap,833760,225.0,833760.0,225.0,503180.0,133.0,,,,,Intentional,18,,No,330580.0,,https://youtu.be/8ZiS4cUYRnA?t=9056
2021,WQ,385,2517,4,IanKanetsu,No,Tap,245100,57.0,,,,,,,,,Natural,18,,No,,,https://youtu.be/8ZiS4cUYRnA?t=9797
2021,WQ,385,2518,4,Cobalt,Yes,Tap,306660,65.0,306660.0,65.0,,,,,,,Intentional,18,,No,,,https://youtu.be/8ZiS4cUYRnA?t=9797
2021,WQ,385,2519,5,IanKanetsu,Yes,Tap,1000900,233.0,1000900.0,233.0,500140.0,131.0,997300.0,230.0,,,Natural,18,,No,497160.0,3600.0,https://youtu.be/8ZiS4cUYRnA?t=10015
2021,WQ,385,2520,5,Cobalt,No,Tap,795180,230.0,,,,,795180.0,230.0,,,Natural,18,,No,,0.0,https://youtu.be/8ZiS4cUYRnA?t=10015
2021,WS,386,2521,1,Eren,Yes,Tap,996260,224.0,850820.0,199.0,497460.0,130.0,,,,,Natural,18,,No,498800.0,,https://youtu.be/8ZiS4cUYRnA?t=11387
2021,WS,386,2522,1,IanKanetsu,No,Tap,699060,192.0,,,472060.0,130.0,,,,,Natural,18,,No,227000.0,,https://youtu.be/8ZiS4cUYRnA?t=11387
2021,WS,386,2523,2,Eren,No,Tap,776900,221.0,,,477700.0,130.0,,,,,Natural,18,,No,299200.0,,https://youtu.be/8ZiS4cUYRnA?t=12013
2021,WS,386,2524,2,IanKanetsu,Yes,Tap,932340,229.0,932340.0,229.0,468460.0,130.0,,,,,Natural,18,,No,463880.0,,https://youtu.be/8ZiS4cUYRnA?t=12013
2021,WS,386,2525,3,Eren,Yes,Tap,587540,159.0,587540.0,159.0,519140.0,132.0,,,,,Intentional,18,,No,68400.0,,https://youtu.be/8ZiS4cUYRnA?t=12644
2021,WS,386,2526,3,IanKanetsu,No,Tap,469500,148.0,,,412780.0,131.0,,,,,Natural,18,,No,56720.0,,https://youtu.be/8ZiS4cUYRnA?t=12644
2021,WS,386,2527,4,Eren,Yes,Tap,993100,223.0,993100.0,223.0,542320.0,132.0,,,,,Natural,18,,No,450780.0,,https://youtu.be/8ZiS4cUYRnA?t=13129
2021,WS,386,2528,4,IanKanetsu,No,Tap,975980,229.0,,,485940.0,132.0,,,,,Natural,18,,No,490040.0,,https://youtu.be/8ZiS4cUYRnA?t=13129
2021,LQ,387,2529,1,KofiOW,Yes,Tap,899700,234.0,899700.0,234.0,562460.0,130.0,898500.0,233.0,,,Natural,18,,No,336040.0,1200.0,https://youtu.be/8ZiS4cUYRnA?t=11387
2021,LQ,387,2530,1,Cobalt,No,Tap,825260,232.0,,,372460.0,132.0,824060.0,231.0,,,Natural,18,,No,451600.0,1200.0,https://youtu.be/8ZiS4cUYRnA?t=11387
2021,LQ,387,2531,2,KofiOW,Yes,Tap,97286,23.0,97286.0,23.0,,,,,,,Intentional,18,,No,,,https://youtu.be/8ZiS4cUYRnA?t=12013
2021,LQ,387,2532,2,Cobalt,No,Tap,52820,17.0,,,,,,,,,Natural,18,,No,,,https://youtu.be/8ZiS4cUYRnA?t=12013
2021,LQ,387,2533,3,KofiOW,Yes,Tap,61940,23.0,61940.0,23.0,,,,,,,Intentional,18,,No,,,https://youtu.be/8ZiS4cUYRnA?t=12118
2021,LQ,387,2534,3,Cobalt,No,Tap,35340,19.0,,,,,,,,,Natural,18,,No,,,https://youtu.be/8ZiS4cUYRnA?t=12118
2021,WQ,388,2535,1,EricICX,No,Tap,386080,89.0,,,,,,,,,Natural,18,,No,,,https://youtu.be/8ZiS4cUYRnA?t=3019
2021,WQ,388,2536,1,HarrieMcRacc,Yes,Tap,459812,119.0,459812.0,119.0,,,,,,,Intentional,18,,No,,,https://youtu.be/8ZiS4cUYRnA?t=3019
2021,WQ,388,2537,2,EricICX,Yes,Tap,658720,149.0,658720.0,149.0,598540.0,130.0,,,,,Intentional,18,,No,60180.0,,https://youtu.be/8ZiS4cUYRnA?t=3416
2021,WQ,388,2538,2,HarrieMcRacc,No,Tap,426686,137.0,,,421886.0,131.0,,,,,Natural,18,,No,4800.0,,https://youtu.be/8ZiS4cUYRnA?t=3416
2021,WQ,388,2539,3,EricICX,Yes,Tap,269040,66.0,269040.0,66.0,,,,,,,Intentional,18,,No,,,https://youtu.be/8ZiS4cUYRnA?t=3854
2021,WQ,388,2540,3,HarrieMcRacc,No,Tap,245481,62.0,,,,,,,,,Natural,18,,No,,,https://youtu.be/8ZiS4cUYRnA?t=3854
2021,WQ,388,2541,4,EricICX,No,Tap,657520,199.0,,,413880.0,132.0,,,,,Natural,18,,No,243640.0,,https://youtu.be/8ZiS4cUYRnA?t=4407
2021,WQ,388,2542,4,HarrieMcRacc,Yes,Tap,665880,195.0,665880.0,195.0,508500.0,132.0,,,,,Natural,18,,No,157380.0,,https://youtu.be/8ZiS4cUYRnA?t=4407
2021,WQ,388,2543,5,EricICX,Yes,Tap,151620,34.0,114000.0,20.0,,,,,,,Intentional,18,,No,,,https://youtu.be/8ZiS4cUYRnA?t=4947
2021,WQ,388,2544,5,HarrieMcRacc,No,Tap,11400,6.0,,,,,,,,,Natural,18,,No,,,https://youtu.be/8ZiS4cUYRnA?t=4947
2021,WQ,389,2545,1,Tristop,No,Tap,1059760,235.0,,,558640.0,130.0,1054360.0,231.0,,,Natural,18,,No,495720.0,5400.0,https://youtu.be/8ZiS4cUYRnA?t=2264
2021,WQ,389,2546,1,MylesTheGreat,Yes,Roll,1100640,238.0,1100640.0,238.0,489360.0,131.0,1055640.0,231.0,,,Natural,18,,No,566280.0,45000.0,https://youtu.be/8ZiS4cUYRnA?t=2264
2021,WQ,389,2547,2,Tristop,No,Tap,694120,172.0,,,577280.0,131.0,,,,,Natural,18,,No,116840.0,,https://youtu.be/8ZiS4cUYRnA?t=3516
2021,WQ,389,2548,2,MylesTheGreat,Yes,Roll,705320,184.0,705320.0,184.0,518380.0,130.0,,,,,Intentional,18,,No,186940.0,,https://youtu.be/8ZiS4cUYRnA?t=3516
2021,WQ,389,2549,3,Tristop,Yes,Tap,944720,230.0,944720.0,230.0,431720.0,130.0,944720.0,230.0,,,Natural,18,,No,513000.0,0.0,https://youtu.be/8ZiS4cUYRnA?t=3514
2021,WQ,389,2550,3,MylesTheGreat,No,Roll,844060,231.0,,,482700.0,131.0,844060.0,231.0,,,Natural,18,,No,361360.0,0.0,https://youtu.be/8ZiS4cUYRnA?t=3514
2021,WQ,389,2551,4,Tristop,No,Tap,429400,92.0,,,,,,,,,Natural,18,,No,,,https://youtu.be/8ZiS4cUYRnA?t=4117
2021,WQ,389,2552,4,MylesTheGreat,Yes,Roll,430540,119.0,430540.0,119.0,,,,,,,Intentional,18,,No,,,https://youtu.be/8ZiS4cUYRnA?t=4117
2021,WS,390,2553,1,EricICX,No,Tap,374300,95.0,,,,,,,,,Natural,18,,No,,,https://youtu.be/8ZiS4cUYRnA?t=5353
2021,WS,390,2554,1,MylesTheGreat,Yes,Roll,424840,98.0,424840.0,98.0,,,,,,,Intentional,18,,No,,,https://youtu.be/8ZiS4cUYRnA?t=5353
2021,WS,390,2555,2,EricICX,No,Tap,501260,130.0,,,501260.0,130.0,,,,,Natural,18,,No,0.0,,https://youtu.be/8ZiS4cUYRnA?t=5648
2021,WS,390,2556,2,MylesTheGreat,Yes,Roll,549020,138.0,549020.0,138.0,521420.0,130.0,,,,,Intentional,18,,No,27600.0,,https://youtu.be/8ZiS4cUYRnA?t=5648
2021,WS,390,2557,3,EricICX,Yes,Roll,1160620,239.0,1160620.0,239.0,563980.0,130.0,1119220.0,231.0,,,Natural,18,,No,555240.0,41400.0,https://youtu.be/8ZiS4cUYRnA?t=6034
2021,WS,390,2558,3,MylesTheGreat,No,Roll,937660,230.0,,,504180.0,130.0,937660.0,230.0,,,Natural,18,,No,433480.0,0.0,https://youtu.be/8ZiS4cUYRnA?t=6034
2021,WS,390,2559,4,EricICX,No,Tap,548380,143.0,,,536600.0,130.0,,,,,Natural,18,,No,11780.0,,https://youtu.be/8ZiS4cUYRnA?t=6698
2021,WS,390,2560,4,MylesTheGreat,Yes,Roll,660240,150.0,660240.0,150.0,575760.0,131.0,,,,,Intentional,18,,No,84480.0,,https://youtu.be/8ZiS4cUYRnA?t=6698
2021,LQ,391,2561,1,HarrieMcRacc,No,Tap,31160,14.0,,,,,,,,,Natural,18,,No,,,https://youtu.be/8ZiS4cUYRnA?t=5353
2021,LQ,391,2562,1,Tristop,Yes,Tap,95380,21.0,95380.0,21.0,,,,,,,Intentional,18,,No,,,https://youtu.be/8ZiS4cUYRnA?t=5353
2021,LQ,391,2563,2,HarrieMcRacc,Yes,Tap,629110,194.0,629110.0,194.0,487670.0,131.0,,,,,Intentional,18,,No,141440.0,,https://youtu.be/8ZiS4cUYRnA?t=5468
2021,LQ,391,2564,2,Tristop,No,Tap,614900,146.0,,,579980.0,131.0,,,,,Natural,18,,No,34920.0,,https://youtu.be/8ZiS4cUYRnA?t=5468
2021,LQ,391,2565,3,HarrieMcRacc,No,Tap,559020,146.0,,,524080.0,132.0,,,,,Natural,18,,No,34940.0,,https://youtu.be/8ZiS4cUYRnA?t=6022
2021,LQ,391,2566,3,Tristop,Yes,Tap,560660,159.0,560660.0,159.0,446160.0,130.0,,,,,Intentional,18,,No,114500.0,,https://youtu.be/8ZiS4cUYRnA?t=6022
2021,LQ,391,2567,4,HarrieMcRacc,Yes,Tap,321860,78.0,321860.0,78.0,,,,,,,Intentional,18,,No,,,https://youtu.be/8ZiS4cUYRnA?t=6454
2021,LQ,391,2568,4,Tristop,No,Tap,250420,63.0,,,,,,,,,Natural,18,,No,,,https://youtu.be/8ZiS4cUYRnA?t=6454
2021,LQ,391,2569,5,HarrieMcRacc,No,Tap,844180,207.0,,,504320.0,132.0,,,,,Natural,18,,No,339860.0,,https://youtu.be/8ZiS4cUYRnA?t=6698
2021,LQ,391,2570,5,Tristop,Yes,Tap,897740,218.0,897740.0,218.0,443140.0,130.0,,,,,Natural,18,,No,454600.0,,https://youtu.be/8ZiS4cUYRnA?t=6698
2021,LQ,392,2571,1,EricICX,No,Tap,604140,151.0,,,587160.0,131.0,,,,,Natural,18,,No,16980.0,,https://youtu.be/8ZiS4cUYRnA?t=16805
2021,LQ,392,2572,1,KofiOW,Yes,Tap,607260,160.0,607260.0,160.0,577280.0,131.0,,,,,Intentional,18,,No,29980.0,,https://youtu.be/8ZiS4cUYRnA?t=16805
2021,LQ,392,2573,2,EricICX,Yes,Tap,959800,231.0,959800.0,231.0,486820.0,130.0,959800.0,231.0,,,Natural,18,,No,472980.0,0.0,https://youtu.be/8ZiS4cUYRnA?t=17251
2021,LQ,392,2574,2,KofiOW,No,Tap,846400,218.0,,,526360.0,132.0,,,,,Natural,18,,No,320040.0,,https://youtu.be/8ZiS4cUYRnA?t=17251
2021,LQ,392,2575,3,EricICX,Yes,Tap,471960,99.0,471960.0,99.0,,,,,,,Intentional,18,,No,,,https://youtu.be/8ZiS4cUYRnA?t=17872
2021,LQ,392,2576,3,KofiOW,No,Tap,308560,90.0,,,,,,,,,Natural,18,,No,,,https://youtu.be/8ZiS4cUYRnA?t=17872
2021,LQ,392,2577,4,EricICX,No,Tap,772800,173.0,,,621360.0,133.0,,,,,Natural,18,,No,151440.0,,https://youtu.be/8ZiS4cUYRnA?t=18211
2021,LQ,392,2578,4,KofiOW,Yes,Tap,777000,217.0,777000.0,217.0,524080.0,133.0,,,,,Intentional,18,,No,252920.0,,https://youtu.be/8ZiS4cUYRnA?t=18211
2021,LQ,392,2579,5,EricICX,Yes,Tap,983200,261.0,965840.0,249.0,544980.0,131.0,941400.0,230.0,,,Natural,18,,No,396420.0,41800.0,https://youtu.be/8ZiS4cUYRnA?t=18796
2021,LQ,392,2580,5,KofiOW,No,Tap,850680,227.0,,,462500.0,130.0,,,,,Natural,18,,No,388180.0,,https://youtu.be/8ZiS4cUYRnA?t=18796
2021,LQ,393,2581,1,IanKanetsu,No,Tap,394060,114.0,,,,,,,,,Natural,18,,No,,,https://youtu.be/8ZiS4cUYRnA?t=16805
2021,LQ,393,2582,1,Tristop,Yes,Tap,564680,117.0,564680.0,117.0,,,,,,,Intentional,18,,No,,,https://youtu.be/8ZiS4cUYRnA?t=16805
2021,LQ,393,2583,2,IanKanetsu,No,Tap,794000,234.0,,,498660.0,131.0,791600.0,232.0,,,Natural,18,,No,292940.0,2400.0,https://youtu.be/8ZiS4cUYRnA?t=17134
2021,LQ,393,2584,2,Tristop,Yes,Tap,1015980,233.0,979980.0,229.0,562840.0,133.0,1015980.0,233.0,,,Natural,18,,No,453140.0,0.0,https://youtu.be/8ZiS4cUYRnA?t=17134
2021,LQ,393,2585,3,IanKanetsu,No,Tap,569207,174.0,,,463667.0,130.0,,,,,Natural,18,,No,105540.0,,https://youtu.be/8ZiS4cUYRnA?t=17710
2021,LQ,393,2586,3,Tristop,Yes,Tap,604320,185.0,604320.0,185.0,429500.0,131.0,,,,,Intentional,18,,No,174820.0,,https://youtu.be/8ZiS4cUYRnA?t=17710
2021,WF,394,2587,1,Eren,Yes,Tap,870360,183.0,870360.0,183.0,655180.0,132.0,,,,,Natural,18,,No,215180.0,,https://youtu.be/8ZiS4cUYRnA?t=19983
2021,WF,394,2588,1,MylesTheGreat,No,Roll,682820,179.0,,,575420.0,130.0,,,,,Natural,18,,No,107400.0,,https://youtu.be/8ZiS4cUYRnA?t=19983
2021,WF,394,2589,2,Eren,No,Tap,711660,189.0,,,541560.0,133.0,,,,,Natural,18,,No,170100.0,,https://youtu.be/8ZiS4cUYRnA?t=20484
2021,WF,394,2590,2,MylesTheGreat,Yes,Roll,904660,203.0,904660.0,203.0,540800.0,130.0,,,,,Intentional,18,,No,363860.0,,https://youtu.be/8ZiS4cUYRnA?t=20484
2021,WF,394,2591,3,Eren,Yes,Tap,250800,60.0,250800.0,60.0,,,,,,,Intentional,18,,No,,,https://youtu.be/8ZiS4cUYRnA?t=20999
2021,WF,394,2592,3,MylesTheGreat,No,Roll,177460,46.0,,,,,,,,,Natural,18,,No,,,https://youtu.be/8ZiS4cUYRnA?t=20999
2021,WF,394,2593,4,Eren,No,Tap,772620,229.0,,,441980.0,130.0,,,,,Natural,18,,No,330640.0,,https://youtu.be/8ZiS4cUYRnA?t=21198
2021,WF,394,2594,4,MylesTheGreat,Yes,Roll,872520,208.0,872520.0,208.0,503940.0,133.0,,,,,Natural,18,,No,368580.0,,https://youtu.be/8ZiS4cUYRnA?t=21198
2021,WF,394,2595,5,Eren,Yes,Tap,971180,232.0,859300.0,215.0,517660.0,130.0,969980.0,231.0,,,Natural,18,,No,452320.0,1200.0,https://youtu.be/8ZiS4cUYRnA?t=21792
2021,WF,394,2596,5,MylesTheGreat,No,Roll,792300,195.0,,,561700.0,132.0,,,,,Natural,18,,No,230600.0,,https://youtu.be/8ZiS4cUYRnA?t=21792
2021,LS,395,2597,1,EricICX,No,Tap,901160,214.0,,,540080.0,131.0,,,,,Natural,18,,No,361080.0,,https://youtu.be/8ZiS4cUYRnA?t=19983
2021,LS,395,2598,1,Tristop,Yes,Tap,932440,225.0,932440.0,225.0,524880.0,131.0,,,,,Intentional,18,,No,407560.0,,https://youtu.be/8ZiS4cUYRnA?t=19983
2021,LS,395,2599,2,EricICX,No,Roll,1116300,241.0,,,598560.0,133.0,1065560.0,230.0,,,Natural,18,,No,467000.0,50740.0,https://youtu.be/8ZiS4cUYRnA?t=20530
2021,LS,395,2600,2,Tristop,Yes,Tap,1180120,233.0,1180120.0,233.0,595500.0,130.0,1176520.0,230.0,,,Natural,18,,No,581020.0,3600.0,https://youtu.be/8ZiS4cUYRnA?t=20530
2021,LS,395,2601,3,EricICX,No,Tap,823860,230.0,,,344320.0,130.0,823860.0,230.0,,,Natural,18,,No,479540.0,0.0,https://youtu.be/8ZiS4cUYRnA?t=21153
2021,LS,395,2602,3,Tristop,Yes,Tap,1105720,233.0,1034920.0,225.0,528120.0,132.0,,,,,Natural,18,,No,,,https://youtu.be/8ZiS4cUYRnA?t=21153
2021,LF,396,2603,1,MylesTheGreat,No,Roll,595180,149.0,,,558280.0,131.0,,,,,Natural,18,,No,36900.0,,https://youtu.be/8ZiS4cUYRnA?t=22791
2021,LF,396,2604,1,Tristop,Yes,Tap,707220,166.0,707220.0,166.0,557520.0,130.0,,,,,Intentional,18,,No,149700.0,,https://youtu.be/8ZiS4cUYRnA?t=22791
2021,LF,396,2605,2,MylesTheGreat,No,Roll,895140,191.0,,,576900.0,132.0,,,,,Natural,18,,No,318240.0,,https://youtu.be/8ZiS4cUYRnA?t=23283
2021,LF,396,2606,2,Tristop,Yes,Tap,938860,208.0,938860.0,208.0,586780.0,131.0,,,,,Intentional,18,,No,352080.0,,https://youtu.be/8ZiS4cUYRnA?t=23283
2021,LF,396,2607,3,MylesTheGreat,Yes,Roll,1173460,262.0,1141220.0,238.0,582260.0,131.0,1099820.0,230.0,,,Natural,18,,No,517560.0,73640.0,https://youtu.be/8ZiS4cUYRnA?t=23805
2021,LF,396,2608,3,Tristop,No,Tap,1017520,231.0,,,525600.0,132.0,1016320.0,230.0,,,Natural,18,,No,490720.0,1200.0,https://youtu.be/8ZiS4cUYRnA?t=23805
2021,LF,396,2609,4,MylesTheGreat,No,Roll,952500,235.0,,,462940.0,131.0,948900.0,232.0,,,Natural,18,,No,485960.0,3600.0,https://youtu.be/8ZiS4cUYRnA?t=24740
2021,LF,396,2610,4,Tristop,Yes,Tap,1081600,228.0,1081600.0,228.0,588300.0,133.0,,,,,Natural,18,,No,493300.0,,https://youtu.be/8ZiS4cUYRnA?t=24740
2021,GF,397,2611,1,Eren,No,Tap,735420,203.0,,,468600.0,130.0,,,,,Natural,18,,No,266820.0,,https://youtu.be/NsO2XvoDy6g?t=18
2021,GF,397,2612,1,Tristop,Yes,Tap,867980,210.0,867980.0,210.0,525840.0,130.0,,,,,Intentional,18,,No,342140.0,,https://youtu.be/NsO2XvoDy6g?t=18
2021,GF,397,2613,2,Eren,No,Tap,1012280,239.0,,,565120.0,132.0,1003880.0,232.0,,,Natural,18,,No,438760.0,8400.0,https://youtu.be/NsO2XvoDy6g?t=547
2021,GF,397,2614,2,Tristop,Yes,Tap,1018540,234.0,1018540.0,234.0,484160.0,130.0,1015540.0,232.0,,,Natural,18,,No,531380.0,3000.0,https://youtu.be/NsO2XvoDy6g?t=547
2021,GF,397,2615,3,Eren,No,Tap,574960,142.0,,,523360.0,131.0,,,,,Natural,18,,No,51600.0,,https://youtu.be/NsO2XvoDy6g?t=1154
2021,GF,397,2616,3,Tristop,Yes,Tap,590540,160.0,590540.0,160.0,470360.0,130.0,,,,,Intentional,18,,No,120180.0,,https://youtu.be/NsO2XvoDy6g?t=1154
2021,GFBR,398,2617,1,Eren,No,Tap,515880,135.0,,,512680.0,131.0,,,,,Natural,18,,No,3200.0,,https://youtu.be/NsO2XvoDy6g?t=1584
2021,GFBR,398,2618,1,Tristop,Yes,Tap,576700,144.0,576700.0,144.0,522160.0,130.0,,,,,Intentional,18,,No,54540.0,,https://youtu.be/NsO2XvoDy6g?t=1584
2021,GFBR,398,2619,2,Eren,No,Tap,714600,189.0,,,520660.0,130.0,,,,,Natural,18,,No,193940.0,,https://youtu.be/NsO2XvoDy6g?t=1974
2021,GFBR,398,2620,2,Tristop,Yes,Tap,952140,203.0,952140.0,203.0,582260.0,131.0,,,,,Intentional,18,,No,369880.0,,https://youtu.be/NsO2XvoDy6g?t=1974
2021,GFBR,398,2621,3,Eren,No,Tap,210520,85.0,,,,,,,,,Natural,18,,No,,,https://youtu.be/NsO2XvoDy6g?t=2473
2021,GFBR,398,2622,3,Tristop,Yes,Tap,360620,93.0,360620.0,93.0,,,,,,,Intentional,18,,No,,,https://youtu.be/NsO2XvoDy6g?t=2473
2021,WQ,399,2623,1,Fractal,Yes,Tap,224580,55.0,224580.0,55.0,,,,,,,Intentional,18,,No,,,https://youtu.be/_oefLeX9Tyg?t=1589
2021,WQ,399,2624,1,Brighton,No,Tap,190760,42.0,,,,,,,,,Natural,18,,No,,,https://youtu.be/_oefLeX9Tyg?t=1589
2021,WQ,399,2625,2,Fractal,Yes,Tap,729500,156.0,729500.0,156.0,598940.0,132.0,,,,,Intentional,18,,No,130560.0,,https://youtu.be/_oefLeX9Tyg?t=1799
2021,WQ,399,2626,2,Brighton,No,Tap,429780,150.0,,,369780.0,130.0,,,,,Natural,18,,No,60000.0,,https://youtu.be/_oefLeX9Tyg?t=1799
2021,WQ,399,2627,3,Fractal,Yes,Roll,973160,262.0,489980.0,160.0,413500.0,131.0,865780.0,230.0,,,Natural,18,,No,452280.0,107380.0,https://youtu.be/_oefLeX9Tyg?t=2228
2021,WQ,399,2628,3,Brighton,No,Tap,471594,119.0,,,,,,,,,Natural,18,,No,,,https://youtu.be/_oefLeX9Tyg?t=2228
2021,WQ,400,2629,1,Clockworker,Yes,Tap,434300,169.0,434300.0,169.0,348120.0,130.0,,,,,Intentional,18,,No,86180.0,,https://youtu.be/_oefLeX9Tyg?t=1589
2021,WQ,400,2630,1,mel_nsoda,No,Tap,428700,133.0,,,425900.0,130.0,,,,,Natural,18,,No,2800.0,,https://youtu.be/_oefLeX9Tyg?t=1589
2021,WQ,400,2631,2,Clockworker,No,Tap,642960,193.0,,,390300.0,130.0,,,,,Natural,18,,No,252660.0,,https://youtu.be/_oefLeX9Tyg?t=2053
2021,WQ,400,2632,2,mel_nsoda,Yes,Tap,826940,206.0,826940.0,206.0,453820.0,131.0,,,,,Intentional,18,,No,373120.0,,https://youtu.be/_oefLeX9Tyg?t=2053
2021,WQ,400,2633,3,Clockworker,Yes,Tap,211280,43.0,211280.0,43.0,,,,,,,Intentional,18,,No,,,https://youtu.be/_oefLeX9Tyg?t=2577
2021,WQ,400,2634,3,mel_nsoda,No,Tap,76760,39.0,,,,,,,,,Natural,18,,No,,,https://youtu.be/_oefLeX9Tyg?t=2577
2021,WQ,400,2635,4,Clockworker,No,Tap,827120,233.0,,,424180.0,130.0,825920.0,232.0,,,Natural,18,,No,401740.0,1200.0,https://youtu.be/_oefLeX9Tyg?t=2748
2021,WQ,400,2636,4,mel_nsoda,Yes,Tap,886720,234.0,886720.0,234.0,561700.0,133.0,881920.0,230.0,,,Natural,18,,No,320220.0,4800.0,https://youtu.be/_oefLeX9Tyg?t=2748
2021,WQ,400,2637,5,Clockworker,No,Tap,558080,166.0,,,432120.0,131.0,,,,,Natural,18,,No,125960.0,,https://youtu.be/_oefLeX9Tyg?t=3381
2021,WQ,400,2638,5,mel_nsoda,Yes,Tap,626320,173.0,626320.0,173.0,487980.0,133.0,,,,,Natural,18,,No,138340.0,,https://youtu.be/_oefLeX9Tyg?t=3381
2021,WS,401,2639,1,Fractal,Yes,Tap,1013480,204.0,1013480.0,204.0,627440.0,133.0,,,,,Intentional,18,,No,386040.0,,https://youtu.be/_oefLeX9Tyg?t=4188
2021,WS,401,2640,1,mel_nsoda,No,Tap,694820,184.0,,,529780.0,131.0,,,,,Natural,18,,No,165040.0,,https://youtu.be/_oefLeX9Tyg?t=4188
2021,WS,401,2641,2,Fractal,Yes,Roll,1027120,257.0,974220.0,243.0,547260.0,132.0,958980.0,232.0,,,Natural,18,,No,411720.0,68140.0,https://youtu.be/_oefLeX9Tyg?t=4708
2021,WS,401,2642,2,mel_nsoda,No,Tap,897620,234.0,,,354260.0,130.0,888620.0,231.0,,,Natural,18,,No,534360.0,9000.0,https://youtu.be/_oefLeX9Tyg?t=4708
2021,WS,401,2643,3,Fractal,Yes,Tap,155800,42.0,155800.0,42.0,,,,,,,Intentional,18,,No,,,https://youtu.be/_oefLeX9Tyg?t=5348
2021,WS,401,2644,3,mel_nsoda,No,Tap,99560,26.0,,,,,,,,,Natural,18,,No,,,https://youtu.be/_oefLeX9Tyg?t=5348
2021,LQ,402,2645,1,Brighton,No,Tap,196840,50.0,,,,,,,,,Natural,18,,No,,,https://youtu.be/_oefLeX9Tyg?t=4188
2021,LQ,402,2646,1,Clockworker,Yes,Tap,267520,79.0,219260.0,68.0,,,,,,,Intentional,18,,No,,,https://youtu.be/_oefLeX9Tyg?t=4188
2021,LQ,402,2647,2,Brighton,No,Tap,249721,65.0,,,,,,,,,Natural,18,,No,,,https://youtu.be/_oefLeX9Tyg?t=4433
2021,LQ,402,2648,2,Clockworker,Yes,Tap,318831,72.0,318831.0,72.0,,,,,,,Intentional,18,,No,,,https://youtu.be/_oefLeX9Tyg?t=4433
2021,LQ,402,2649,3,Brighton,No,Tap,714396,187.0,,,525996.0,132.0,,,,,Natural,18,,No,188400.0,,https://youtu.be/_oefLeX9Tyg?t=4677
2021,LQ,402,2650,3,Clockworker,Yes,Tap,754280,192.0,754280.0,192.0,454920.0,131.0,,,,,Natural,18,,No,299360.0,,https://youtu.be/_oefLeX9Tyg?t=4677
2021,WQ,403,2651,1,Opaux,Yes,Tap,843760,196.0,843760.0,196.0,540420.0,130.0,,,,,Natural,18,,No,303340.0,,https://youtu.be/_oefLeX9Tyg?t=5991
2021,WQ,403,2652,1,Marq,No,Tap,744019,198.0,,,504379.0,130.0,,,,,Natural,18,,No,239640.0,,https://youtu.be/_oefLeX9Tyg?t=5991
2021,WQ,403,2653,2,Opaux,No,Tap,826124,206.0,,,558684.0,132.0,,,,,Natural,18,,No,267440.0,,https://youtu.be/_oefLeX9Tyg?t=6542
2021,WQ,403,2654,2,Marq,Yes,Tap,827905,232.0,827905.0,232.0,456085.0,130.0,827905.0,232.0,,,Natural,18,,No,371820.0,0.0,https://youtu.be/_oefLeX9Tyg?t=6542
2021,WQ,403,2655,3,Opaux,Yes,Tap,762992,201.0,762992.0,201.0,469092.0,130.0,,,,,Intentional,18,,No,293900.0,,https://youtu.be/_oefLeX9Tyg?t=7169
2021,WQ,403,2656,3,Marq,No,Tap,637170,186.0,,,472090.0,130.0,,,,,Natural,18,,No,165080.0,,https://youtu.be/_oefLeX9Tyg?t=7169
2021,WQ,403,2657,4,Opaux,Yes,Tap,1084274,230.0,1084274.0,230.0,581854.0,132.0,1084274.0,230.0,,,Natural,18,,No,502420.0,0.0,https://youtu.be/_oefLeX9Tyg?t=7772
2021,WQ,403,2658,4,Marq,No,Tap,1073677,231.0,,,560717.0,130.0,1073677.0,231.0,,,Natural,18,,No,512960.0,0.0,https://youtu.be/_oefLeX9Tyg?t=7772
2021,WQ,404,2659,1,TetrisTime,Yes,Tap,307800,121.0,307800.0,121.0,,,,,,,Intentional,18,,No,,,https://youtu.be/_oefLeX9Tyg?t=5991
2021,WQ,404,2660,1,LongBoy,No,Tap,288808,82.0,,,,,,,,,Natural,18,,No,,,https://youtu.be/_oefLeX9Tyg?t=5991
2021,WQ,404,2661,2,TetrisTime,No,Tap,956900,241.0,,,438960.0,131.0,939760.0,232.0,,,Natural,18,,No,500800.0,17140.0,https://youtu.be/_oefLeX9Tyg?t=6353
2021,WQ,404,2662,2,LongBoy,Yes,Tap,964127,231.0,964127.0,231.0,543467.0,131.0,964127.0,231.0,,,Natural,18,,No,420660.0,0.0,https://youtu.be/_oefLeX9Tyg?t=6353
2021,WQ,404,2663,3,TetrisTime,No,Tap,293740,93.0,,,,,,,,,Natural,18,,No,,,https://youtu.be/_oefLeX9Tyg?t=6978
2021,WQ,404,2664,3,LongBoy,Yes,Tap,420661,103.0,420661.0,103.0,,,,,,,Intentional,18,,No,,,https://youtu.be/_oefLeX9Tyg?t=6978
2021,WQ,404,2665,4,TetrisTime,Yes,Tap,880561,222.0,880561.0,222.0,431741.0,130.0,,,,,Natural,18,,No,448820.0,,https://youtu.be/_oefLeX9Tyg?t=7810
2021,WQ,404,2666,4,LongBoy,No,Tap,878691,231.0,,,454551.0,132.0,,,,,Natural,18,,No,,,https://youtu.be/_oefLeX9Tyg?t=7810
2021,WQ,404,2667,5,TetrisTime,Yes,Tap,737920,175.0,737920.0,175.0,580700.0,131.0,,,,,Intentional,18,,No,157220.0,,https://youtu.be/_oefLeX9Tyg?t=8422 (broadcast cutoff)
2021,WQ,404,2668,5,LongBoy,No,Tap,447631,179.0,,,336751.0,133.0,,,,,Natural,18,,No,110880.0,,https://youtu.be/_oefLeX9Tyg?t=8422
2021,WS,405,2669,1,Opaux,Yes,Tap,937147,209.0,937147.0,209.0,549147.0,130.0,,,,,Intentional,18,,No,388000.0,,https://youtu.be/_oefLeX9Tyg?t=9298
2021,WS,405,2670,1,TetrisTime,No,Tap,820140,190.0,,,598160.0,130.0,,,,,Natural,18,,No,221980.0,,https://youtu.be/_oefLeX9Tyg?t=9298
2021,WS,405,2671,2,Opaux,Yes,Tap,908912,199.0,908912.0,199.0,579572.0,130.0,,,,,Intentional,18,,No,329340.0,,https://youtu.be/_oefLeX9Tyg?t=9816
2021,WS,405,2672,2,TetrisTime,No,Tap,603240,191.0,,,383080.0,130.0,,,,,Natural,18,,No,220160.0,,https://youtu.be/_oefLeX9Tyg?t=9816
2021,WS,405,2673,3,Opaux,No,Tap,860021,215.0,,,564741.0,132.0,,,,,Natural,18,,No,295280.0,,https://youtu.be/_oefLeX9Tyg?t=10357
2021,WS,405,2674,3,TetrisTime,Yes,Tap,989140,232.0,989140.0,232.0,559780.0,130.0,986740.0,230.0,,,Intentional,18,,No,426960.0,2400.0,https://youtu.be/_oefLeX9Tyg?t=10357
2021,WS,405,2675,4,Opaux,No,Tap,374306,96.0,,,,,,,,,Natural,18,,No,,,https://youtu.be/_oefLeX9Tyg?t=10962
2021,WS,405,2676,4,TetrisTime,Yes,Tap,389500,124.0,389500.0,124.0,,,,,,,Intentional,18,,No,,,https://youtu.be/_oefLeX9Tyg?t=10962
2021,WS,405,2677,5,Opaux,No,Tap,400140,84.0,,,,,,,,,Natural,18,,No,,,https://youtu.be/_oefLeX9Tyg?t=11351
2021,WS,405,2678,5,TetrisTime,Yes,Tap,427880,94.0,427880.0,94.0,,,,,,,Intentional,18,,No,,,https://youtu.be/_oefLeX9Tyg?t=11351
2021,LQ,406,2679,1,Marq,Yes,Tap,273032,106.0,273032.0,106.0,,,,,,,Intentional,18,,No,,,https://youtu.be/_oefLeX9Tyg?t=9298
2021,LQ,406,2680,1,LongBoy,No,Tap,272840,71.0,,,,,,,,,Natural,18,,No,,,https://youtu.be/_oefLeX9Tyg?t=9298
2021,LQ,406,2681,2,Marq,Yes,Tap,494318,162.0,494318.0,162.0,461118.0,130.0,,,,,Intentional,18,,No,33200.0,,https://youtu.be/_oefLeX9Tyg?t=9602
2021,LQ,406,2682,2,LongBoy,No,Tap,492861,124.0,,,,,,,,,Natural,18,,No,,,https://youtu.be/_oefLeX9Tyg?t=9602
2021,LQ,406,2683,3,Marq,Yes,Tap,725542,214.0,725542.0,214.0,388922.0,131.0,,,,,Intentional,18,,No,336620.0,,https://youtu.be/_oefLeX9Tyg?t=10076
2021,LQ,406,2684,3,LongBoy,No,Tap,656241,209.0,,,418421.0,130.0,,,,,Natural,18,,No,237820.0,,https://youtu.be/_oefLeX9Tyg?t=10076
2021,LQ,407,2685,1,Opaux,Yes,Tap,397860,80.0,397860.0,80.0,,,,,,,Intentional,18,,No,,,https://youtu.be/_oefLeX9Tyg?t=14103
2021,LQ,407,2686,1,Clockworker,No,Tap,221160,74.0,,,,,,,,,Natural,18,,No,,,https://youtu.be/_oefLeX9Tyg?t=14103
2021,LQ,407,2687,2,Opaux,Yes,Tap,1123007,231.0,1123007.0,231.0,525587.0,130.0,1123007.0,231.0,,,Natural,18,,No,597420.0,0.0,https://youtu.be/_oefLeX9Tyg?t=14352
2021,LQ,407,2688,2,Clockworker,No,Tap,986240,236.0,,,520280.0,132.0,980240.0,231.0,,,Natural,18,,No,459960.0,6000.0,https://youtu.be/_oefLeX9Tyg?t=14352
2021,LQ,407,2689,3,Opaux,Yes,Tap,954251,232.0,954251.0,232.0,409791.0,132.0,954251.0,232.0,,,Natural,18,,No,544460.0,0.0,https://youtu.be/_oefLeX9Tyg?t=14944
2021,LQ,407,2690,3,Clockworker,No,Tap,785580,220.0,,,505840.0,133.0,,,,,Natural,18,,No,279740.0,,https://youtu.be/_oefLeX9Tyg?t=14944
2021,LQ,408,2691,1,mel_nsoda,No,Tap,205960,60.0,,,,,,,,,Natural,18,,No,,,https://youtu.be/_oefLeX9Tyg?t=14103
2021,LQ,408,2692,1,Marq,Yes,Tap,231069,67.0,231069.0,67.0,,,,,,,Intentional,18,,No,,,https://youtu.be/_oefLeX9Tyg?t=14103
2021,LQ,408,2693,2,mel_nsoda,No,Tap,606940,161.0,,,468580.0,130.0,,,,,Natural,18,,No,138360.0,,https://youtu.be/_oefLeX9Tyg?t=14352
2021,LQ,408,2694,2,Marq,Yes,Tap,709892,177.0,709892.0,177.0,521112.0,130.0,,,,,Intentional,18,,No,188780.0,,https://youtu.be/_oefLeX9Tyg?t=14352
2021,LQ,408,2695,3,mel_nsoda,Yes,Tap,947160,243.0,935000.0,233.0,468600.0,133.0,,,,,Natural,18,,No,,,https://youtu.be/_oefLeX9Tyg?t=14798
2021,LQ,408,2696,3,Marq,No,Tap,842763,222.0,,,447763.0,131.0,,,,,Natural,18,,No,395000.0,,https://youtu.be/_oefLeX9Tyg?t=14798
2021,LQ,408,2697,4,mel_nsoda,No,Tap,281200,74.0,,,,,,,,,Natural,18,,No,,,https://youtu.be/_oefLeX9Tyg?t=15417
2021,LQ,408,2698,4,Marq,Yes,Tap,307125,84.0,307125.0,84.0,,,,,,,Intentional,18,,No,,,https://youtu.be/_oefLeX9Tyg?t=15417
2021,WF,409,2699,1,Fractal,No,Tap,150100,40.0,,,,,,,,,Natural,18,,No,,,https://youtu.be/_oefLeX9Tyg?t=16678
2021,WF,409,2700,1,TetrisTime,Yes,Tap,223060,53.0,223060.0,53.0,,,,,,,Intentional,18,,No,,,https://youtu.be/_oefLeX9Tyg?t=16678
2021,WF,409,2701,2,Fractal,No,Roll,1036200,233.0,,,560180.0,132.0,1035000.0,232.0,,,Natural,18,,No,474820.0,1200.0,https://youtu.be/_oefLeX9Tyg?t=16874
2021,WF,409,2702,2,TetrisTime,Yes,Tap,1037840,230.0,1037840.0,230.0,548020.0,130.0,1037840.0,230.0,,,Natural,18,,No,489820.0,0.0,https://youtu.be/_oefLeX9Tyg?t=16874
2021,WF,409,2703,3,Fractal,Yes,Tap,635500,140.0,635500.0,140.0,585500.0,131.0,,,,,Intentional,18,,No,50000.0,,https://youtu.be/_oefLeX9Tyg?t=17542
2021,WF,409,2704,3,TetrisTime,No,Tap,555560,127.0,,,,,,,,,Natural,18,,No,,,https://youtu.be/_oefLeX9Tyg?t=17542
2021,WF,409,2705,4,Fractal,No,Roll,884720,230.0,,,541560.0,131.0,884720.0,230.0,,,Natural,18,,No,343160.0,0.0,https://youtu.be/_oefLeX9Tyg?t=17960
2021,WF,409,2706,4,TetrisTime,Yes,Tap,1011740,230.0,1011740.0,230.0,622880.0,131.0,1011740.0,230.0,,,Natural,18,,No,388860.0,0.0,https://youtu.be/_oefLeX9Tyg?t=17960
2021,LS,410,2707,1,Opaux,Yes,Tap,712674,157.0,712674.0,157.0,604274.0,132.0,,,,,Intentional,18,,No,108400.0,,https://youtu.be/_oefLeX9Tyg?t=16678
2021,LS,410,2708,1,Marq,No,Tap,469012,159.0,,,379072.0,133.0,,,,,Natural,18,,No,89940.0,,https://youtu.be/_oefLeX9Tyg?t=16678
2021,LS,410,2709,2,Opaux,Yes,Tap,240920,56.0,240920.0,56.0,,,,,,,Intentional,18,,No,,,https://youtu.be/_oefLeX9Tyg?t=17136
2021,LS,410,2710,2,Marq,No,Tap,197824,50.0,,,,,,,,,Natural,18,,No,,,https://youtu.be/_oefLeX9Tyg?t=17136
2021,LS,410,2711,3,Opaux,No,Tap,540691,151.0,,,502531.0,130.0,,,,,Natural,18,,No,38160.0,,https://youtu.be/_oefLeX9Tyg?t=17373
2021,LS,410,2712,3,Marq,Yes,Tap,592153,171.0,592153.0,171.0,393893.0,130.0,,,,,Intentional,18,,No,198260.0,,https://youtu.be/_oefLeX9Tyg?t=17373
2021,LS,410,2713,4,Opaux,No,Tap,561390,162.0,,,486110.0,131.0,,,,,Natural,18,,No,75280.0,,https://youtu.be/_oefLeX9Tyg?t=17810
2021,LS,410,2714,4,Marq,Yes,Tap,743816,179.0,743816.0,179.0,507296.0,132.0,,,,,Intentional,18,,No,236520.0,,https://youtu.be/_oefLeX9Tyg?t=17810
2021,LS,410,2715,5,Opaux,No,Tap,188480,63.0,,,,,,,,,Natural,18,,No,,,https://youtu.be/_oefLeX9Tyg?t=18271
2021,LS,410,2716,5,Marq,Yes,Tap,298864,71.0,298864.0,71.0,,,,,,,Intentional,18,,No,,,https://youtu.be/_oefLeX9Tyg?t=18271
2021,LF,411,2717,1,Fractal,No,Tap,139840,28.0,,,,,,,,,Natural,18,,No,,,https://youtu.be/_oefLeX9Tyg?t=19184
2021,LF,411,2718,1,Marq,Yes,Tap,194189,42.0,194189.0,42.0,,,,,,,Intentional,18,,No,,,https://youtu.be/_oefLeX9Tyg?t=19184
2021,LF,411,2719,2,Fractal,Yes,Tap,523080,134.0,523080.0,134.0,519880.0,130.0,,,,,Natural,18,,No,3200.0,,https://youtu.be/_oefLeX9Tyg?t=19331
2021,LF,411,2720,2,Marq,No,Tap,521391,146.0,,,481991.0,130.0,,,,,Natural,18,,No,39400.0,,https://youtu.be/_oefLeX9Tyg?t=19331
2021,LF,411,2721,3,Fractal,Yes,Roll,1045860,241.0,1045860.0,241.0,499760.0,132.0,1034960.0,233.0,,,Natural,18,,No,535200.0,10900.0,https://youtu.be/_oefLeX9Tyg?t=19781
2021,LF,411,2722,3,Marq,No,Tap,815225,237.0,,,487837.0,130.0,809225.0,232.0,,,Natural,18,,No,321388.0,6000.0,https://youtu.be/_oefLeX9Tyg?t=19781
2021,LF,411,2723,4,Fractal,No,Tap,683780,186.0,,,545740.0,132.0,,,,,Natural,18,,No,138040.0,,https://youtu.be/_oefLeX9Tyg?t=20371
2021,LF,411,2724,4,Marq,Yes,Tap,796692,197.0,796692.0,197.0,561232.0,133.0,,,,,Intentional,18,,No,235460.0,,https://youtu.be/_oefLeX9Tyg?t=20371
2021,LF,411,2725,5,Fractal,Yes,Roll,1199560,298.0,1103040.0,240.0,593600.0,130.0,1089200.0,230.0,,,Natural,18,,No,495600.0,110360.0,https://youtu.be/_oefLeX9Tyg?t=20882
2021,LF,411,2726,5,Marq,No,Tap,897699,243.0,,,427739.0,130.0,883079.0,232.0,,,Natural,18,,No,455340.0,14620.0,https://youtu.be/_oefLeX9Tyg?t=20882
2021,GF,412,2727,1,TetrisTime,Yes,Tap,767860,212.0,732100.0,206.0,429700.0,131.0,,,,,Intentional,18,,No,338160.0,,https://youtu.be/Hiej76yphVA?t=34
2021,GF,412,2728,1,Fractal,No,Tap,729560,159.0,,,660120.0,133.0,,,,,Natural,18,,No,69440.0,,https://youtu.be/Hiej76yphVA?t=34
2021,GF,412,2729,2,TetrisTime,Yes,Tap,88920,34.0,88920.0,34.0,,,,,,,Intentional,18,,No,,,https://youtu.be/Hiej76yphVA?t=558
2021,GF,412,2730,2,Fractal,No,Tap,55102,19.0,,,,,,,,,Natural,18,,No,,,https://youtu.be/Hiej76yphVA?t=558
2021,GF,412,2731,3,TetrisTime,No,Tap,399380,102.0,,,,,,,,,Natural,18,,No,,,https://youtu.be/Hiej76yphVA?t=727
2021,GF,412,2732,3,Fractal,Yes,Tap,473480,101.0,473480.0,101.0,,,,,,,Intentional,18,,No,,,https://youtu.be/Hiej76yphVA?t=727
2021,GF,412,2733,4,TetrisTime,No,Tap,603500,169.0,,,505080.0,133.0,,,,,Natural,18,,No,98420.0,,https://youtu.be/Hiej76yphVA?t=1137
2021,GF,412,2734,4,Fractal,Yes,Tap,777600,179.0,777600.0,179.0,544600.0,133.0,,,,,Intentional,18,,No,233000.0,,https://youtu.be/Hiej76yphVA?t=1137
2021,GF,412,2735,5,TetrisTime,Yes,Tap,662880,176.0,662880.0,176.0,485320.0,130.0,,,,,Intentional,18,,No,177560.0,,https://youtu.be/Hiej76yphVA?t=1717
2021,GF,412,2736,5,Fractal,No,Tap,535020,156.0,,,449980.0,132.0,,,,,Natural,18,,No,85040.0,,https://youtu.be/Hiej76yphVA?t=1717
2021,Top 8,413,2737,1,JdMfX_,Yes,Tap,1178460,235.0,1178460.0,235.0,598560.0,130.0,1176060.0,233.0,,,Natural,18,,Yes,577500.0,2400.0,https://youtu.be/FzyMIiIN4io?t=47
2021,Top 8,413,2738,1,Ruins,No,Roll,1076300,239.0,,,574280.0,130.0,1061300.0,231.0,,,Natural,18,,Yes,487020.0,15000.0,https://youtu.be/FzyMIiIN4io?t=47
2021,Top 8,413,2739,2,JdMfX_,No,Tap,1222840,239.0,,,578040.0,131.0,1184440.0,233.0,,,Natural,18,,Yes,606400.0,38400.0,https://youtu.be/FzyMIiIN4io?t=640
2021,Top 8,413,2740,2,Ruins,Yes,Roll,1346080,273.0,1235780.0,246.0,634280.0,130.0,1150540.0,230.0,,,Natural,18,,Yes,516260.0,195540.0,https://youtu.be/FzyMIiIN4io?t=640
2021,Top 8,413,2741,3,JdMfX_,Yes,Tap,906600,188.0,906600.0,188.0,614120.0,130.0,,,,,Natural,18,,Yes,292480.0,,https://youtu.be/FzyMIiIN4io?t=1248
2021,Top 8,413,2742,3,Ruins,No,Roll,885820,202.0,,,563260.0,131.0,,,,,Natural,18,,Yes,322560.0,,https://youtu.be/FzyMIiIN4io?t=1248
2021,Top 8,413,2743,4,JdMfX_,No,Tap,964780,217.0,,,501660.0,130.0,,,,,Natural,18,,Yes,463120.0,,https://youtu.be/FzyMIiIN4io?t=1815
2021,Top 8,413,2744,4,Ruins,Yes,Roll,988520,231.0,988520.0,231.0,557900.0,130.0,988520.0,231.0,,,Natural,18,,Yes,430620.0,0.0,https://youtu.be/FzyMIiIN4io?t=1815
2021,Top 8,413,2745,5,JdMfX_,Yes,Tap,1067560,220.0,1067560.0,220.0,599700.0,130.0,,,,,Natural,18,,Yes,467860.0,,https://youtu.be/FzyMIiIN4io?t=2398
2021,Top 8,413,2746,5,Ruins,No,Roll,1034800,231.0,,,597420.0,132.0,1033600.0,230.0,,,Natural,18,,Yes,436180.0,1200.0,https://youtu.be/FzyMIiIN4io?t=2398
2021,Top 8,414,2747,1,TetrisTime,No,Tap,678900,213.0,,,426080.0,130.0,,,,,Natural,18,,Yes,252820.0,,https://youtu.be/-XaZFVXT-04?t=41
2021,Top 8,414,2748,1,Huffulufugus,Yes,Roll,875080,241.0,875080.0,241.0,453780.0,131.0,830000.0,230.0,,,Natural,18,,Yes,376220.0,45080.0,https://youtu.be/-XaZFVXT-04?t=41
2021,Top 8,414,2749,2,TetrisTime,No,Tap,917780,243.0,,,546500.0,133.0,871420.0,231.0,,,Natural,18,,Yes,324920.0,46360.0,https://youtu.be/-XaZFVXT-04?t=681
2021,Top 8,414,2750,2,Huffulufugus,Yes,Roll,1019060,242.0,1019060.0,242.0,597800.0,132.0,974540.0,231.0,,,Natural,18,,Yes,376740.0,44520.0,https://youtu.be/-XaZFVXT-04?t=681
2021,Top 8,414,2751,3,TetrisTime,No,Tap,790120,244.0,,,313540.0,130.0,774860.0,232.0,,,Natural,18,,Yes,461320.0,15260.0,https://youtu.be/-XaZFVXT-04?t=1365
2021,Top 8,414,2752,3,Huffulufugus,Yes,Roll,1132640,357.0,893820.0,230.0,451120.0,133.0,893820.0,230.0,,,Natural,18,,Yes,442700.0,238820.0,https://youtu.be/-XaZFVXT-04?t=1365
2021,Top 8,415,2753,1,dogplayingtetris,No,Tap,983340,247.0,,,487980.0,131.0,,,,,Natural,18,,Yes,,,https://youtu.be/L3AGSlxXuSk?t=3
2021,Top 8,415,2754,1,Tristop,Yes,Roll,1039900,234.0,1039900.0,234.0,546120.0,133.0,1003900.0,230.0,,,Natural,18,,Yes,457780.0,36000.0,https://youtu.be/L3AGSlxXuSk?t=3 
2021,Top 8,415,2755,2,dogplayingtetris,Yes,Tap,1187960,236.0,1187960.0,236.0,601980.0,133.0,1150760.0,231.0,,,Natural,18,,Yes,548780.0,37200.0,https://youtu.be/L3AGSlxXuSk?t=703
2021,Top 8,415,2756,2,Tristop,No,Roll,1115920,245.0,,,600460.0,132.0,1091060.0,230.0,,,Natural,18,,Yes,490600.0,24860.0,https://youtu.be/L3AGSlxXuSk?t=703
2021,Top 8,415,2757,3,dogplayingtetris,Yes,Tap,1083640,252.0,1063140.0,237.0,579940.0,131.0,1054740.0,231.0,,,Natural,18,,Yes,474800.0,28900.0,https://youtu.be/L3AGSlxXuSk?t=1343
2021,Top 8,415,2758,3,Tristop,No,Roll,825720,227.0,,,510400.0,132.0,,,,,Natural,18,,Yes,315320.0,,https://youtu.be/L3AGSlxXuSk?t=1343
2021,Top 8,415,2759,4,dogplayingtetris,Yes,Tap,147829,57.0,147829.0,57.0,,,,,,,Intentional,18,,Yes,,,https://youtu.be/L3AGSlxXuSk?&t=2062
2021,Top 8,415,2760,4,Tristop,No,Tap,123500,32.0,,,,,,,,,Natural,18,,Yes,,,https://youtu.be/L3AGSlxXuSk?&t=2062
2021,Top 8,416,2761,1,Nenu,No,Tap,584940,202.0,,,446180.0,130.0,,,,,Natural,18,,Yes,138760.0,,https://youtu.be/98MklNydJ2k?t=36
2021,Top 8,416,2762,1,PixelAndy,Yes,Tap,754520,185.0,754520.0,185.0,578420.0,131.0,,,,,Natural,18,,Yes,176100.0,,https://youtu.be/98MklNydJ2k?t=36
2021,Top 8,416,2763,2,Nenu,No,Tap,999540,232.0,,,521800.0,130.0,999540.0,232.0,,,Natural,18,,Yes,477740.0,0.0,https://youtu.be/98MklNydJ2k?t=644
2021,Top 8,416,2764,2,PixelAndy,Yes,Tap,1122020,256.0,1019440.0,230.0,561360.0,131.0,1019440.0,230.0,,,Natural,18,,Yes,458080.0,102580.0,https://youtu.be/98MklNydJ2k?t=644
2021,Top 8,416,2765,3,Nenu,No,Tap,1188640,233.0,,,657460.0,131.0,1187440.0,232.0,,,Natural,18,,Yes,529980.0,1200.0,https://youtu.be/98MklNydJ2k?t=1299
2021,Top 8,416,2766,3,PixelAndy,Yes,Tap,1240200,239.0,1240200.0,239.0,656320.0,132.0,1227000.0,233.0,,,Natural,18,,Yes,570680.0,13200.0,https://youtu.be/98MklNydJ2k?t=1299
2021,Semis,417,2767,1,JdMfX_,No,Tap,1128660,230.0,,,579940.0,131.0,1128660.0,230.0,,,Natural,18,,Yes,548720.0,0.0,https://youtu.be/wELh6bO_ze0?t=48
2021,Semis,417,2768,1,Huffulufugus,Yes,Roll,1193600,305.0,1168860.0,289.0,561320.0,131.0,1088400.0,232.0,,,Natural,18,,Yes,527080.0,105200.0,https://youtu.be/wELh6bO_ze0?t=48
2021,Semis,417,2769,2,JdMfX_,Yes,Tap,974540,214.0,974540.0,214.0,543840.0,130.0,,,,,Intentional,18,,Yes,430700.0,,https://youtu.be/wELh6bO_ze0?t=748
2021,Semis,417,2770,2,Huffulufugus,No,Roll,878940,214.0,,,543840.0,130.0,,,,,Natural,18,,Yes,335100.0,,https://youtu.be/wELh6bO_ze0?t=748
2021,Semis,417,2771,3,JdMfX_,Yes,Tap,1295400,263.0,1259740.0,241.0,571200.0,132.0,1248800.0,233.0,,,Natural,18,,Yes,677600.0,46600.0,https://youtu.be/wELh6bO_ze0?t=1334
2021,Semis,417,2772,3,Huffulufugus,No,Roll,1121260,235.0,,,587450.0,132.0,1109260.0,230.0,,,Natural,18,,Yes,521810.0,12000.0,https://youtu.be/wELh6bO_ze0?t=1334
2021,Semis,417,2773,4,JdMfX_,No,Tap,1013400,238.0,,,542560.0,130.0,1001400.0,233.0,,,Natural,18,,Yes,458840.0,12000.0,https://youtu.be/wELh6bO_ze0?t=2033
2021,Semis,417,2774,4,Huffulufugus,Yes,Roll,1192140,345.0,1016500.0,267.0,481880.0,130.0,965000.0,230.0,,,Natural,18,,Yes,483120.0,227140.0,https://youtu.be/wELh6bO_ze0?t=2033
2021,Semis,417,2775,5,JdMfX_,No,Tap,1014060,215.0,,,557140.0,130.0,,,,,Natural,18,,Yes,456920.0,,https://youtu.be/wELh6bO_ze0?t=2809
2021,Semis,417,2776,5,Huffulufugus,Yes,Roll,1076120,227.0,1076120.0,227.0,598980.0,131.0,,,,,Intentional,18,,Yes,477140.0,,https://youtu.be/wELh6bO_ze0?t=2809
2021,Semis,418,2777,1,dogplayingtetris,Yes,Tap,1071522,247.0,1071522.0,247.0,501662.0,131.0,1047022.0,232.0,,,Natural,18,,Yes,545360.0,24500.0,https://youtu.be/vVy98xYhw9c?t=13
2021,Semis,418,2778,1,PixelAndy,No,Tap,1033960,234.0,,,566260.0,132.0,1028560.0,230.0,,,Natural,18,,Yes,462300.0,5400.0,https://youtu.be/vVy98xYhw9c?t=13
2021,Semis,418,2779,2,dogplayingtetris,No,Tap,685040,168.0,,,597780.0,130.0,,,,,Natural,18,,Yes,87260.0,,https://youtu.be/vVy98xYhw9c?t=649
2021,Semis,418,2780,2,PixelAndy,Yes,Tap,829480,178.0,829480.0,178.0,617940.0,130.0,,,,,Intentional,18,,Yes,211540.0,,https://youtu.be/vVy98xYhw9c?t=649
2021,Semis,418,2781,3,dogplayingtetris,Yes,Tap,1139920,251.0,1082360.0,230.0,622500.0,131.0,1082360.0,230.0,,,Natural,18,,Yes,459860.0,57560.0,https://youtu.be/vVy98xYhw9c?t=1142
2021,Semis,418,2782,3,PixelAndy,No,Tap,1025920,239.0,,,383840.0,130.0,985720.0,232.0,,,Natural,18,,Yes,601880.0,40200.0,https://youtu.be/vVy98xYhw9c?t=1142
2021,Semis,418,2783,4,dogplayingtetris,Yes,Tap,1194960,237.0,1194960.0,237.0,599320.0,131.0,1189560.0,233.0,,,Natural,18,,Yes,590240.0,5400.0,https://youtu.be/vVy98xYhw9c?t=1840
2021,Semis,418,2784,4,PixelAndy,No,Tap,1094540,234.0,,,560180.0,133.0,1093340.0,233.0,,,Natural,18,,Yes,533160.0,1200.0,https://youtu.be/vVy98xYhw9c?t=1840
2021,Finals,419,2785,1,Huffulufugus,No,Roll,991220,239.0,,,524840.0,130.0,974420.0,230.0,,,Natural,18,,Yes,449580.0,16800.0,https://youtu.be/d_HcmEMlwS4?t=42
2021,Finals,419,2786,1,dogplayingtetris,Yes,Tap,1080380,243.0,1080380.0,243.0,449220.0,131.0,1058580.0,231.0,,,Natural,18,,Yes,609360.0,21800.0,https://youtu.be/d_HcmEMlwS4?t=42
2021,Finals,419,2787,2,Huffulufugus,Yes,Roll,1041780,236.0,1041780.0,236.0,505080.0,130.0,1030380.0,231.0,,,Natural,18,,Yes,525300.0,11400.0,https://youtu.be/d_HcmEMlwS4?t=734
2021,Finals,419,2788,2,dogplayingtetris,No,Tap,892160,297.0,,,444700.0,130.0,,,,,Natural,18,,Yes,,,https://youtu.be/d_HcmEMlwS4?t=734
2021,Finals,419,2789,3,Huffulufugus,No,Roll,1126740,274.0,,,541600.0,131.0,1071140.0,232.0,,,Natural,18,,Yes,529540.0,55600.0,https://youtu.be/d_HcmEMlwS4?t=1445
2021,Finals,419,2790,3,dogplayingtetris,Yes,Tap,1165160,236.0,1165160.0,236.0,533060.0,130.0,1160360.0,232.0,,,Natural,18,,Yes,627300.0,4800.0,https://youtu.be/d_HcmEMlwS4?t=1445
2021,Finals,419,2791,4,Huffulufugus,No,Roll,1143700,269.0,,,559400.0,130.0,1017280.0,230.0,,,Natural,18,,Yes,457880.0,126420.0,https://youtu.be/d_HcmEMlwS4?t=2275
2021,Finals,419,2792,4,dogplayingtetris,Yes,Tap,1268100,245.0,1268100.0,245.0,618320.0,133.0,1251600.0,233.0,,,Natural,18,,Yes,633280.0,16500.0,https://youtu.be/d_HcmEMlwS4?t=2275
2022,Top 64,420,2793,1,CheeZ,Yes,Roll,786820,169.0,786820.0,169.0,658980.0,131.0,,,,,Intentional,18,,Yes,127840.0,,https://youtu.be/s1dWmYBIeVw?t=14
2022,Top 64,420,2794,1,BirbWizard,No,Roll,573080,160.0,,,523320.0,131.0,,,,,Natural,18,,Yes,49760.0,,https://youtu.be/s1dWmYBIeVw?t=14
2022,Top 64,420,2795,2,CheeZ,No,Roll,937400,238.0,,,577280.0,131.0,892400.0,231.0,,,Natural,18,,Yes,315120.0,45000.0,https://youtu.be/s1dWmYBIeVw?t=465
2022,Top 64,420,2796,2,BirbWizard,Yes,Roll,1008220,236.0,1008220.0,236.0,475860.0,131.0,1003420.0,232.0,,,Natural,18,,Yes,527560.0,4800.0,https://youtu.be/s1dWmYBIeVw?t=465
2022,Top 64,420,2797,3,CheeZ,No,Roll,646826,165.0,,,536606.0,130.0,,,,,Natural,18,,Yes,110220.0,,https://youtu.be/s1dWmYBIeVw?t=1039
2022,Top 64,420,2798,3,BirbWizard,Yes,Roll,746940,166.0,746940.0,166.0,638320.0,132.0,,,,,Intentional,18,,Yes,108620.0,,https://youtu.be/s1dWmYBIeVw?t=1039
2022,Top 64,420,2799,4,CheeZ,Yes,Roll,1047160,241.0,1047160.0,241.0,578800.0,133.0,1002620.0,231.0,,,Intentional,18,,Yes,423820.0,44540.0,https://youtu.be/s1dWmYBIeVw?t=1488
2022,Top 64,420,2800,4,BirbWizard,No,Roll,1023740,231.0,,,595520.0,131.0,1023740.0,231.0,,,Natural,18,,Yes,428220.0,0.0,https://youtu.be/s1dWmYBIeVw?t=1488
2022,Top 64,420,2801,5,CheeZ,No,Roll,908960,259.0,,,561680.0,130.0,827020.0,232.0,,,Natural,18,,Yes,265340.0,81940.0,https://youtu.be/s1dWmYBIeVw?t=2076
2022,Top 64,420,2802,5,BirbWizard,Yes,Roll,994680,252.0,994680.0,252.0,524080.0,130.0,970020.0,233.0,,,Natural,18,,Yes,445940.0,24660.0,https://youtu.be/s1dWmYBIeVw?t=2076
2022,Top 64,421,2803,1,smoljordan,Yes,Roll,700200,199.0,700200.0,199.0,482320.0,131.0,,,,,Intentional,18,,Yes,217880.0,,https://youtu.be/s1dWmYBIeVw?t=14
2022,Top 64,421,2804,1,Sharky,No,DAS,673047,182.0,,,543419.0,130.0,,,,,Natural,18,,Yes,129628.0,,https://youtu.be/s1dWmYBIeVw?t=14
2022,Top 64,421,2805,2,smoljordan,Yes,Roll,244340,75.0,244340.0,75.0,,,,,,,Intentional,18,,Yes,,,https://youtu.be/s1dWmYBIeVw?t=527
2022,Top 64,421,2806,2,Sharky,No,DAS,234700,48.0,,,,,,,,,Natural,18,,Yes,,,https://youtu.be/s1dWmYBIeVw?t=527
2022,Top 64,421,2807,3,smoljordan,No,Roll,677440,176.0,,,503180.0,132.0,,,,,Natural,18,,Yes,174260.0,,https://youtu.be/s1dWmYBIeVw?t=763
2022,Top 64,421,2808,3,Sharky,Yes,DAS,744496,186.0,744496.0,186.0,481100.0,130.0,,,,,Intentional,18,,Yes,263396.0,,https://youtu.be/s1dWmYBIeVw?t=763
2022,Top 64,421,2809,4,smoljordan,Yes,Roll,552860,165.0,552860.0,165.0,431740.0,132.0,,,,,Intentional,18,,Yes,121120.0,,https://youtu.be/s1dWmYBIeVw?t=1257
2022,Top 64,421,2810,4,Sharky,No,DAS,539535,158.0,,,428951.0,131.0,,,,,Natural,18,,Yes,110584.0,,https://youtu.be/s1dWmYBIeVw?t=1257
2022,Top 64,422,2811,1,Nolan,No,Tap,164160,57.0,,,,,,,,,Natural,18,,Yes,,,https://youtu.be/s1dWmYBIeVw?t=2061
2022,Top 64,422,2812,1,Marq,Yes,Tap,228000,59.0,228000.0,59.0,,,,,,,Intentional,18,,Yes,,,https://youtu.be/s1dWmYBIeVw?t=2061
2022,Top 64,422,2813,2,Nolan,Yes,Tap,347320,82.0,347320.0,82.0,,,,,,,Intentional,18,,Yes,,,https://youtu.be/s1dWmYBIeVw?t=2280
2022,Top 64,422,2814,2,Marq,No,Tap,255371,73.0,,,,,,,,,Natural,18,,Yes,,,https://youtu.be/s1dWmYBIeVw?t=2280
2022,Top 64,422,2815,3,Nolan,Yes,Tap,757680,199.0,757680.0,199.0,544980.0,130.0,,,,,Intentional,18,,Yes,212700.0,,https://youtu.be/s1dWmYBIeVw?t=2527
2022,Top 64,422,2816,3,Marq,No,Tap,529942,192.0,,,374322.0,130.0,,,,,Natural,18,,Yes,155620.0,,https://youtu.be/s1dWmYBIeVw?t=2527
2022,Top 64,422,2817,4,Nolan,Yes,Tap,1000067,227.0,1000067.0,227.0,559407.0,130.0,,,,,Intentional,18,,Yes,440660.0,,https://youtu.be/s1dWmYBIeVw?t=3038
2022,Top 64,422,2818,4,Marq,No,Tap,775103,225.0,,,463583.0,130.0,,,,,Natural,18,,Yes,311520.0,,https://youtu.be/s1dWmYBIeVw?t=3038
2022,Top 64,423,2819,1,Draco,No,Tap,108315,36.0,,,,,,,,,Natural,18,,Yes,,,https://youtu.be/9B7rbsemqdA?t=8
2022,Top 64,423,2820,1,KofiOW,Yes,Tap,194940,47.0,194940.0,47.0,,,,,,,Intentional,18,,Yes,,,https://youtu.be/9B7rbsemqdA?t=8
2022,Top 64,423,2821,2,Draco,Yes,Tap,1061140,232.0,1061140.0,232.0,580880.0,131.0,1061140.0,232.0,,,Natural,18,,Yes,480260.0,0.0,https://youtu.be/9B7rbsemqdA?t=189
2022,Top 64,423,2822,2,KofiOW,No,Tap,926940,235.0,,,501700.0,130.0,924540.0,233.0,,,Natural,18,,Yes,422840.0,2400.0,https://youtu.be/9B7rbsemqdA?t=189
2022,Top 64,423,2823,3,Draco,No,Tap,682351,187.0,,,543231.0,130.0,,,,,Natural,18,,Yes,139120.0,,https://youtu.be/9B7rbsemqdA?t=837
2022,Top 64,423,2824,3,KofiOW,Yes,Tap,813940,190.0,813940.0,190.0,606540.0,131.0,,,,,Intentional,18,,Yes,207400.0,,https://youtu.be/9B7rbsemqdA?t=837
2022,Top 64,423,2825,4,Draco,Yes,Tap,709614,198.0,709614.0,198.0,465934.0,130.0,,,,,Intentional,18,,Yes,243680.0,,https://youtu.be/9B7rbsemqdA?t=1348
2022,Top 64,423,2826,4,KofiOW,No,Tap,595560,171.0,,,491020.0,133.0,,,,,Natural,18,,Yes,104540.0,,https://youtu.be/9B7rbsemqdA?t=1348
2022,Top 64,423,2827,5,Draco,No,Tap,571423,167.0,,,425120.0,131.0,,,,,Natural,18,,Yes,146303.0,,https://youtu.be/9B7rbsemqdA?t=1844
2022,Top 64,423,2828,5,KofiOW,Yes,Tap,644300,173.0,644300.0,173.0,488400.0,130.0,,,,,Intentional,18,,Yes,155900.0,,https://youtu.be/9B7rbsemqdA?t=1844
2022,Top 64,424,2829,1,Somalian,Yes,Tap,670520,176.0,670520.0,176.0,491060.0,130.0,,,,,Intentional,18,,Yes,179460.0,,https://youtu.be/9B7rbsemqdA?t=8
2022,Top 64,424,2830,1,Scottobozo,No,DAS,577182,166.0,,,504322.0,133.0,,,,,Natural,18,,Yes,72860.0,,https://youtu.be/9B7rbsemqdA?t=8
2022,Top 64,424,2831,2,Somalian,Yes,Tap,616440,157.0,616440.0,157.0,547260.0,133.0,,,,,Intentional,18,,Yes,69180.0,,https://youtu.be/9B7rbsemqdA?t=480
2022,Top 64,424,2832,2,Scottobozo,No,DAS,575145,142.0,,,545765.0,132.0,,,,,Natural,18,,Yes,29380.0,,https://youtu.be/9B7rbsemqdA?t=480
2022,Top 64,424,2833,3,Somalian,No,Tap,610491,154.0,,,541971.0,130.0,,,,,Natural,18,,Yes,68520.0,,https://youtu.be/9B7rbsemqdA?t=906
2022,Top 64,424,2834,3,Scottobozo,Yes,DAS,631781,155.0,631781.0,155.0,546741.0,131.0,,,,,Intentional,18,,Yes,85040.0,,https://youtu.be/9B7rbsemqdA?t=906
2022,Top 64,424,2835,4,Somalian,Yes,Tap,905140,211.0,905140.0,211.0,544220.0,131.0,,,,,Intentional,18,,Yes,360920.0,,https://youtu.be/9B7rbsemqdA?t=1345
2022,Top 64,424,2836,4,Scottobozo,No,DAS,721421,204.0,,,443901.0,130.0,,,,,Natural,18,,Yes,277520.0,,https://youtu.be/9B7rbsemqdA?t=1345
2022,Top 64,425,2837,1,Redshurt,Yes,Tap,237120,47.0,237120.0,47.0,,,,,,,Intentional,18,,Yes,,,https://youtu.be/s1dWmYBIeVw?t=3026
2022,Top 64,425,2838,1,Opaux,No,Roll,95380,41.0,,,,,,,,,Natural,18,,Yes,,,https://youtu.be/s1dWmYBIeVw?t=3026
2022,Top 64,425,2839,2,Redshurt,No,Tap,126540,36.0,,,,,,,,,Natural,18,,Yes,,,https://youtu.be/s1dWmYBIeVw?t=3183
2022,Top 64,425,2840,2,Opaux,Yes,Roll,209000,41.0,209000.0,41.0,,,,,,,Intentional,18,,Yes,,,https://youtu.be/s1dWmYBIeVw?t=3183
2022,Top 64,425,2841,3,Redshurt,No,Tap,568980,143.0,,,517620.0,131.0,,,,,Natural,18,,Yes,51360.0,,https://youtu.be/s1dWmYBIeVw?t=3313
2022,Top 64,425,2842,3,Opaux,Yes,Roll,578380,149.0,578380.0,149.0,498240.0,131.0,,,,,Intentional,18,,Yes,80140.0,,https://youtu.be/s1dWmYBIeVw?t=3313
2022,Top 64,425,2843,4,Redshurt,Yes,Tap,1042640,236.0,1042640.0,236.0,638460.0,131.0,1003640.0,230.0,,,Natural,18,,Yes,365180.0,39000.0,https://youtu.be/s1dWmYBIeVw?t=3704
2022,Top 64,425,2844,4,Opaux,No,Roll,1040095,250.0,,,493695.0,133.0,973175.0,230.0,,,Natural,18,,Yes,479480.0,66920.0,https://youtu.be/s1dWmYBIeVw?t=3704
2022,Top 64,425,2845,5,Redshurt,Yes,Tap,1074540,256.0,1074540.0,256.0,469780.0,131.0,1044060.0,233.0,,,Intentional,18,,Yes,574280.0,30480.0,https://youtu.be/s1dWmYBIeVw?t=4313
2022,Top 64,425,2846,5,Opaux,No,Roll,1071880,231.0,,,558280.0,132.0,1070680.0,230.0,,,Natural,18,,Yes,512400.0,1200.0,https://youtu.be/s1dWmYBIeVw?t=4313
2022,Top 64,426,2847,1,jerpi,Yes,Roll,108300,36.0,108300.0,36.0,,,,,,,Intentional,18,,Yes,,,https://youtu.be/9B7rbsemqdA?t=2642
2022,Top 64,426,2848,1,TetrisTime,No,Tap,63840,27.0,,,,,,,,,Natural,18,,Yes,,,https://youtu.be/9B7rbsemqdA?t=2642
2022,Top 64,426,2849,2,jerpi,Yes,Roll,917760,208.0,917760.0,208.0,595560.0,130.0,,,,,Intentional,18,,Yes,322200.0,,https://youtu.be/9B7rbsemqdA?t=2799
2022,Top 64,426,2850,2,TetrisTime,No,Tap,865740,210.0,,,567400.0,132.0,,,,,Natural,18,,Yes,298340.0,,https://youtu.be/9B7rbsemqdA?t=2799
2022,Top 64,426,2851,3,jerpi,No,Roll,964240,230.0,,,502040.0,131.0,964240.0,230.0,,,Natural,18,,Yes,462200.0,0.0,https://youtu.be/9B7rbsemqdA?t=3358
2022,Top 64,426,2852,3,TetrisTime,Yes,Tap,1123240,240.0,1123240.0,240.0,599700.0,132.0,1079340.0,230.0,,,Intentional,18,,Yes,479640.0,43900.0,https://youtu.be/9B7rbsemqdA?t=3358
2022,Top 64,426,2853,4,jerpi,Yes,Roll,733480,177.0,733480.0,177.0,600080.0,131.0,,,,,Natural,18,,Yes,133400.0,,https://youtu.be/9B7rbsemqdA?t=3959
2022,Top 64,426,2854,4,TetrisTime,No,Tap,702660,231.0,,,405760.0,131.0,701460.0,230.0,,,Natural,18,,Yes,295700.0,1200.0,https://youtu.be/9B7rbsemqdA?t=3959
2022,Top 64,427,2855,1,B14NK,No,Tap,53960,18.0,,,,,,,,,Natural,18,,Yes,,,https://youtu.be/9B7rbsemqdA?t=2276
2022,Top 64,427,2856,1,Rhubarb,Yes,Roll,81700,24.0,81700.0,24.0,,,,,,,Intentional,18,,Yes,,,https://youtu.be/9B7rbsemqdA?t=2276
2022,Top 64,427,2857,2,B14NK,Yes,Tap,1037380,228.0,1037380.0,228.0,618940.0,131.0,,,,,Natural,18,,Yes,418440.0,,https://youtu.be/9B7rbsemqdA?t=2410
2022,Top 64,427,2858,2,Rhubarb,No,Roll,992000,240.0,,,521840.0,131.0,978760.0,230.0,,,Natural,18,,Yes,456920.0,13240.0,https://youtu.be/9B7rbsemqdA?t=2410
2022,Top 64,427,2859,3,B14NK,Yes,Tap,1082440,225.0,1082440.0,225.0,599700.0,132.0,,,,,Natural,18,,Yes,482740.0,,https://youtu.be/9B7rbsemqdA?t=3024
2022,Top 64,427,2860,3,Rhubarb,No,Roll,1033020,243.0,,,621740.0,130.0,1016060.0,230.0,,,Natural,18,,Yes,394320.0,16960.0,https://youtu.be/9B7rbsemqdA?t=3024
2022,Top 64,427,2861,4,B14NK,No,Tap,294880,73.0,,,,,,,,,Natural,18,,Yes,,,https://youtu.be/9B7rbsemqdA?t=3627
2022,Top 64,427,2862,4,Rhubarb,Yes,Roll,411920,94.0,411920.0,94.0,,,,,,,Intentional,18,,Yes,,,https://youtu.be/9B7rbsemqdA?t=3627
2022,Top 64,427,2863,5,B14NK,Yes,Tap,694760,147.0,,,595520.0,130.0,,,,,Intentional,18,,Yes,99240.0,,https://youtu.be/9B7rbsemqdA?t=4044
2022,Top 64,427,2864,5,Rhubarb,No,Roll,637700,133.0,,,637700.0,133.0,,,,,Natural,18,,Yes,0.0,,https://youtu.be/9B7rbsemqdA?t=4044
2022,Top 64,428,2865,1,KunfusingPoke,Yes,Roll,370880,114.0,370880.0,114.0,,,,,,,Intentional,18,,Yes,,,https://youtu.be/ayrccy7NnPc?t=181
2022,Top 64,428,2866,1,Brighton,No,Roll,363360,102.0,,,,,,,,,Natural,18,,Yes,,,https://youtu.be/ayrccy7NnPc?t=181
2022,Top 64,428,2867,2,KunfusingPoke,Yes,Roll,868180,239.0,868180.0,239.0,543840.0,133.0,856780.0,230.0,,,Intentional,18,,Yes,312940.0,11400.0,https://youtu.be/ayrccy7NnPc?t=523
2022,Top 64,428,2868,2,Brighton,No,Roll,813880,239.0,,,385040.0,131.0,774280.0,232.0,,,Natural,18,,Yes,389240.0,39600.0,https://youtu.be/ayrccy7NnPc?t=523
2022,Top 64,428,2869,3,KunfusingPoke,No,Roll,656840,182.0,,,515320.0,130.0,,,,,Natural,18,,Yes,141520.0,,https://youtu.be/ayrccy7NnPc?t=1103
2022,Top 64,428,2870,3,Brighton,Yes,Roll,685060,191.0,,,471640.0,132.0,,,,,Intentional,18,,Yes,213420.0,,https://youtu.be/ayrccy7NnPc?t=1103
2022,Top 64,428,2871,4,KunfusingPoke,Yes,Roll,991040,243.0,991040.0,243.0,557520.0,131.0,969280.0,230.0,,,Intentional,18,,Yes,411760.0,21760.0,https://youtu.be/ayrccy7NnPc?t=1590
2022,Top 64,428,2872,4,Brighton,No,Roll,886860,237.0,,,464040.0,131.0,877260.0,230.0,,,Natural,18,,Yes,413220.0,9600.0,https://youtu.be/ayrccy7NnPc?t=1590
2022,Top 64,429,2873,1,DanV,No,Roll,942620,232.0,,,451120.0,132.0,940220.0,230.0,,,Natural,18,,Yes,489100.0,2400.0,https://youtu.be/hi9fcmnkbmo?t=2247
2022,Top 64,429,2874,1,night,Yes,DAS,947960,235.0,947960.0,235.0,466320.0,132.0,944360.0,232.0,,,Natural,18,,Yes,478040.0,3600.0,https://youtu.be/hi9fcmnkbmo?t=2247
2022,Top 64,429,2875,2,DanV,No,Roll,542220,149.0,,,462900.0,131.0,,,,,Natural,18,,Yes,79320.0,,https://youtu.be/hi9fcmnkbmo?t=2841
2022,Top 64,429,2876,2,night,Yes,DAS,645480,148.0,645480.0,148.0,579940.0,131.0,,,,,Intentional,18,,Yes,65540.0,,https://youtu.be/hi9fcmnkbmo?t=2841
2022,Top 64,429,2877,3,DanV,Yes,Roll,848000,209.0,848000.0,209.0,582960.0,130.0,,,,,Intentional,18,,Yes,265040.0,,https://youtu.be/hi9fcmnkbmo?t=3275
2022,Top 64,429,2878,3,night,No,DAS,716280,200.0,,,523320.0,131.0,,,,,Natural,18,,Yes,192960.0,,https://youtu.be/hi9fcmnkbmo?t=3275
2022,Top 64,429,2879,4,DanV,Yes,Roll,1054520,236.0,1054520.0,236.0,585640.0,133.0,1041320.0,230.0,,,Natural,18,,Yes,455680.0,13200.0,https://youtu.be/hi9fcmnkbmo?t=3807
2022,Top 64,429,2880,4,night,No,DAS,949340,231.0,,,543880.0,131.0,949340.0,231.0,,,Natural,18,,Yes,405460.0,0.0,https://youtu.be/hi9fcmnkbmo?t=3807
2022,Top 64,429,2881,5,DanV,Yes,Roll,568880,137.0,568880.0,137.0,562880.0,130.0,,,,,Intentional,18,,Yes,6000.0,,https://youtu.be/hi9fcmnkbmo?t=4424
2022,Top 64,429,2882,5,night,No,DAS,495160,138.0,,,487960.0,130.0,,,,,Natural,18,,Yes,7200.0,,https://youtu.be/hi9fcmnkbmo?t=4424
2022,Top 64,430,2883,1,atkoster,No,Tap,811500,210.0,,,450740.0,130.0,,,,,Natural,18,,Yes,360760.0,,https://youtu.be/hi9fcmnkbmo?t=220
2022,Top 64,430,2884,1,LongBoy,Yes,DAS,887641,217.0,887641.0,217.0,464801.0,131.0,,,,,Intentional,18,,Yes,422840.0,,https://youtu.be/hi9fcmnkbmo?t=220
2022,Top 64,430,2885,2,atkoster,No,Tap,820580,213.0,,,449220.0,132.0,,,,,Natural,18,,Yes,371360.0,,https://youtu.be/hi9fcmnkbmo?t=765
2022,Top 64,430,2886,2,LongBoy,Yes,DAS,1009002,224.0,1009002.0,224.0,579562.0,133.0,,,,,Intentional,18,,Yes,429440.0,,https://youtu.be/hi9fcmnkbmo?t=765
2022,Top 64,430,2887,3,atkoster,Yes,Tap,738460,162.0,738460.0,162.0,619840.0,131.0,,,,,Intentional,18,,Yes,118620.0,,https://youtu.be/hi9fcmnkbmo?t=1327
2022,Top 64,430,2888,3,LongBoy,No,DAS,587241,154.0,,,546501.0,133.0,,,,,Natural,18,,Yes,40740.0,,https://youtu.be/hi9fcmnkbmo?t=1327
2022,Top 64,430,2889,4,atkoster,Yes,Tap,901195,206.0,901195.0,206.0,600455.0,130.0,,,,,Intentional,18,,Yes,300740.0,,https://youtu.be/hi9fcmnkbmo?t=1813
2022,Top 64,430,2890,4,LongBoy,No,DAS,727141,200.0,,,540021.0,130.0,,,,,Natural,18,,Yes,187120.0,,https://youtu.be/hi9fcmnkbmo?t=1813
2022,Top 64,430,2891,5,atkoster,Yes,Tap,691800,222.0,691800.0,222.0,468620.0,133.0,,,,,Intentional,18,,Yes,223180.0,,https://youtu.be/hi9fcmnkbmo?t=2374
2022,Top 64,430,2892,5,LongBoy,No,DAS,667221,168.0,,,559401.0,130.0,,,,,Natural,18,,Yes,107820.0,,https://youtu.be/hi9fcmnkbmo?t=2374
2022,Top 64,431,2893,1,Eren,No,Tap,11780,15.0,,,,,,,,,Natural,18,,Yes,,,https://www.twitch.tv/videos/1625507828?t=02h47m15s
2022,Top 64,431,2894,1,TheMisterValor,Yes,DAS,118940,26.0,118940.0,26.0,,,,,,,Intentional,18,,Yes,,,https://www.twitch.tv/videos/1625507828?t=02h47m15s
2022,Top 64,431,2895,2,Eren,No,Tap,441260,131.0,,,440460.0,130.0,,,,,Natural,18,,Yes,800.0,,https://youtu.be/ayrccy7NnPc?t=7
2022,Top 64,431,2896,2,TheMisterValor,Yes,DAS,537120,140.0,537120.0,140.0,525220.0,131.0,,,,,Intentional,18,,Yes,11900.0,,https://youtu.be/ayrccy7NnPc?t=7
2022,Top 64,431,2897,3,Eren,Yes,Tap,904080,231.0,904080.0,231.0,499380.0,131.0,902880.0,230.0,,,Natural,18,,Yes,403500.0,1200.0,https://youtu.be/ayrccy7NnPc?t=411
2022,Top 64,431,2898,3,TheMisterValor,No,DAS,765040,229.0,,,383340.0,132.0,,,,,Natural,18,,Yes,381700.0,,https://youtu.be/ayrccy7NnPc?t=411
2022,Top 64,431,2899,4,Eren,Yes,Tap,692260,214.0,692260.0,214.0,505820.0,130.0,,,,,Intentional,18,,Yes,186440.0,,https://youtu.be/ayrccy7NnPc?t=1020
2022,Top 64,431,2900,4,TheMisterValor,No,DAS,687160,195.0,,,522940.0,131.0,,,,,Natural,18,,Yes,164220.0,,https://youtu.be/ayrccy7NnPc?t=1020
2022,Top 64,431,2901,5,Eren,Yes,Tap,620640,171.0,620640.0,171.0,558660.0,132.0,,,,,Intentional,18,,Yes,61980.0,,https://youtu.be/ayrccy7NnPc?t=1575
2022,Top 64,431,2902,5,TheMisterValor,No,DAS,542980,163.0,,,470880.0,131.0,,,,,Natural,18,,Yes,72100.0,,https://youtu.be/ayrccy7NnPc?t=1575
2022,Top 64,432,2903,1,e_flat7,Yes,Roll,649943,215.0,649943.0,215.0,331663.0,130.0,,,,,Intentional,18,,Yes,318280.0,,https://youtu.be/s1dWmYBIeVw?t=4082
2022,Top 64,432,2904,1,Tugi,No,DAS,648523,185.0,,,504743.0,131.0,,,,,Natural,18,,Yes,143780.0,,https://youtu.be/s1dWmYBIeVw?t=4082
2022,Top 64,432,2905,2,e_flat7,Yes,Roll,938860,229.0,938860.0,229.0,504320.0,131.0,,,,,Intentional,18,,Yes,434540.0,,https://youtu.be/s1dWmYBIeVw?t=4683
2022,Top 64,432,2906,2,Tugi,No,DAS,865140,224.0,,,444660.0,130.0,,,,,Natural,18,,Yes,420480.0,,https://youtu.be/s1dWmYBIeVw?t=4683
2022,Top 64,432,2907,3,e_flat7,No,Roll,892420,221.0,,,525580.0,130.0,,,,,Natural,18,,Yes,366840.0,,https://youtu.be/s1dWmYBIeVw?t=5255
2022,Top 64,432,2908,3,Tugi,Yes,DAS,927760,230.0,927760.0,230.0,558320.0,131.0,927760.0,230.0,,,Natural,18,,Yes,369440.0,0.0,https://youtu.be/s1dWmYBIeVw?t=5255
2022,Top 64,432,2909,4,e_flat7,No,Roll,873820,243.0,,,482280.0,130.0,826940.0,231.0,,,Natural,18,,Yes,344660.0,46880.0,https://youtu.be/s1dWmYBIeVw?t=5847
2022,Top 64,432,2910,4,Tugi,Yes,DAS,1048612,233.0,1048612.0,233.0,539652.0,130.0,1046212.0,231.0,,,Natural,18,,Yes,506560.0,2400.0,https://youtu.be/s1dWmYBIeVw?t=5847
2022,Top 64,432,2911,5,e_flat7,No,Roll,277400,76.0,,,,,,,,,Natural,18,,Yes,,,https://youtu.be/s1dWmYBIeVw?t=6461
2022,Top 64,432,2912,5,Tugi,Yes,DAS,321100,82.0,321100.0,82.0,,,,,,,Intentional,18,,Yes,,,https://youtu.be/s1dWmYBIeVw?t=6461
2022,Top 64,433,2913,1,Sodium,No,Roll,53580,42.0,,,,,,,,,Natural,18,,Yes,,,https://youtu.be/hi9fcmnkbmo?t=4248
2022,Top 64,433,2914,1,puppyball,Yes,DAS,195320,47.0,195320.0,47.0,,,,,,,Intentional,18,,Yes,,,https://youtu.be/hi9fcmnkbmo?t=4248
2022,Top 64,433,2915,2,Sodium,No,Roll,537400,131.0,,,536600.0,130.0,,,,,Natural,18,,Yes,800.0,,https://youtu.be/hi9fcmnkbmo?t=4688
2022,Top 64,433,2916,2,puppyball,Yes,DAS,613940,144.0,613940.0,144.0,559040.0,130.0,,,,,Intentional,18,,Yes,54900.0,,https://youtu.be/hi9fcmnkbmo?t=4688
2022,Top 64,433,2917,3,Sodium,No,Roll,714800,227.0,,,483040.0,131.0,,,,,Natural,18,,Yes,231760.0,,https://youtu.be/hi9fcmnkbmo?t=5112
2022,Top 64,433,2918,3,puppyball,Yes,DAS,723493,224.0,723493.0,224.0,424513.0,130.0,,,,,Natural,18,,Yes,298980.0,,https://youtu.be/hi9fcmnkbmo?t=5112
2022,Top 64,434,2919,1,Jeff Moore,No,DAS,693512,215.0,,,433132.0,130.0,,,,,Natural,18,,Yes,260380.0,,https://youtu.be/hi9fcmnkbmo?t=6
2022,Top 64,434,2920,1,Oscar Godinez,Yes,Roll,931368,216.0,931368.0,216.0,548028.0,131.0,,,,,Intentional,18,,Yes,383340.0,,https://youtu.be/hi9fcmnkbmo?t=6
2022,Top 64,434,2921,2,Jeff Moore,No,DAS,774378,194.0,,,545818.0,133.0,,,,,Natural,18,,Yes,228560.0,,https://youtu.be/hi9fcmnkbmo?t=578
2022,Top 64,434,2922,2,Oscar Godinez,Yes,Roll,784200,220.0,784200.0,220.0,511540.0,131.0,,,,,Intentional,18,,Yes,272660.0,,https://youtu.be/hi9fcmnkbmo?t=578
2022,Top 64,434,2923,3,Jeff Moore,No,DAS,498900,144.0,,,487100.0,130.0,,,,,Natural,18,,Yes,11800.0,,https://youtu.be/hi9fcmnkbmo?t=1165
2022,Top 64,434,2924,3,Oscar Godinez,Yes,Roll,501173,167.0,501173.0,167.0,411093.0,132.0,,,,,Intentional,18,,Yes,90080.0,,https://youtu.be/hi9fcmnkbmo?t=1165
2022,Top 64,435,2925,1,trapzone,Yes,Tap,1056449,233.0,1056449.0,233.0,575369.0,130.0,1054049.0,231.0,,,Natural,18,,Yes,478680.0,2400.0,https://youtu.be/s1dWmYBIeVw?t=5387
2022,Top 64,435,2926,1,NDDK,No,Tap,930720,234.0,,,489120.0,130.0,894720.0,230.0,,,Natural,18,,Yes,405600.0,36000.0,https://youtu.be/s1dWmYBIeVw?t=5387
2022,Top 64,435,2927,2,trapzone,No,Tap,876702,232.0,,,580722.0,132.0,876702.0,232.0,,,Natural,18,,Yes,295980.0,0.0,https://youtu.be/s1dWmYBIeVw?t=5991
2022,Top 64,435,2928,2,NDDK,Yes,Tap,1038780,232.0,1038780.0,232.0,598180.0,132.0,1037580.0,231.0,,,Natural,18,,Yes,439400.0,1200.0,https://youtu.be/s1dWmYBIeVw?t=5991
2022,Top 64,435,2929,3,trapzone,Yes,Tap,560930,130.0,560930.0,130.0,560930.0,130.0,,,,,Intentional,18,,Yes,0.0,,https://youtu.be/s1dWmYBIeVw?t=6561
2022,Top 64,435,2930,3,NDDK,No,Tap,429020,121.0,,,,,,,,,Natural,18,,Yes,,,https://youtu.be/s1dWmYBIeVw?t=6561
2022,Top 64,435,2931,4,trapzone,Yes,Tap,775732,163.0,775732.0,163.0,656712.0,133.0,,,,,Natural,18,,Yes,119020.0,,https://youtu.be/s1dWmYBIeVw?t=6918
2022,Top 64,435,2932,4,NDDK,No,Tap,588744,169.0,,,464684.0,131.0,,,,,Natural,18,,Yes,124060.0,,https://youtu.be/s1dWmYBIeVw?t=6918
2022,Top 32,436,2933,1,Fractal,Yes,Roll,1106980,244.0,1106980.0,244.0,510780.0,132.0,1060560.0,232.0,,,Intentional,18,,Yes,549780.0,46420.0,https://youtu.be/ZQ9z8GevhO4t=12
2022,Top 32,436,2934,1,KofiOW,No,Tap,1023240,231.0,,,567020.0,133.0,1023240.0,231.0,,,Natural,18,,Yes,456220.0,0.0,https://youtu.be/ZQ9z8GevhO4t=12
2022,Top 32,436,2935,2,Fractal,Yes,Roll,1146500,237.0,1146500.0,237.0,560180.0,130.0,1110500.0,233.0,,,Intentional,18,,Yes,550320.0,36000.0,https://youtu.be/ZQ9z8GevhO4?t=619
2022,Top 32,436,2936,2,KofiOW,No,Tap,889460,226.0,,,503940.0,132.0,,,,,Natural,18,,Yes,385520.0,,https://youtu.be/ZQ9z8GevhO4?t=619
2022,Top 32,436,2937,3,Fractal,Yes,Roll,1000820,244.0,999580.0,243.0,602740.0,130.0,985620.0,232.0,,,Intentional,18,,Yes,382880.0,15200.0,https://youtu.be/ZQ9z8GevhO4?t=1225
2022,Top 32,436,2938,3,KofiOW,No,Tap,850000,213.0,,,500900.0,133.0,,,,,Natural,18,,Yes,349100.0,,https://youtu.be/ZQ9z8GevhO4?t=1225
2022,Top 32,437,2939,1,Nowi,Yes,Roll,388360,111.0,388360.0,111.0,,,,,,,Intentional,18,,Yes,,,https://youtu.be/ZQ9z8GevhO4t=12
2022,Top 32,437,2940,1,BirbWizard,No,Roll,386460,111.0,,,,,,,,,Natural,18,,Yes,,,https://youtu.be/ZQ9z8GevhO4t=12
2022,Top 32,437,2941,2,Nowi,Yes,Roll,145160,34.0,145160.0,34.0,,,,,,,Intentional,18,,Yes,,,https://youtu.be/ZQ9z8GevhO4?t=341
2022,Top 32,437,2942,2,BirbWizard,No,Roll,103740,31.0,,,,,,,,,Natural,18,,Yes,,,https://youtu.be/ZQ9z8GevhO4?t=341
2022,Top 32,437,2943,3,Nowi,Yes,Roll,1073200,232.0,1073200.0,232.0,556420.0,130.0,1070800.0,230.0,,,Natural,18,,Yes,514380.0,2400.0,https://youtu.be/ZQ9z8GevhO4?t=482
2022,Top 32,437,2944,3,BirbWizard,No,Roll,1041420,232.0,,,505840.0,132.0,1038420.0,230.0,,,Natural,18,,Yes,532580.0,3000.0,https://youtu.be/ZQ9z8GevhO4?t=482
2022,Top 32,438,2945,1,Alex T,Yes,Roll,624540,141.0,624540.0,141.0,618060.0,133.0,,,,,Intentional,18,,Yes,6480.0,,https://youtu.be/tb94GW6kad8?t=35
2022,Top 32,438,2946,1,smoljordan,No,Roll,487600,133.0,,,487600.0,133.0,,,,,Natural,18,,Yes,0.0,,https://youtu.be/tb94GW6kad8?t=35
2022,Top 32,438,2947,2,Alex T,Yes,Roll,840360,181.0,840360.0,181.0,588300.0,133.0,,,,,Intentional,18,,Yes,252060.0,,https://youtu.be/tb94GW6kad8?t=436
2022,Top 32,438,2948,2,smoljordan,No,Roll,660320,178.0,,,480000.0,131.0,,,,,Natural,18,,Yes,180320.0,,https://youtu.be/tb94GW6kad8?t=436
2022,Top 32,438,2949,3,Alex T,No,Roll,703609,166.0,,,603889.0,132.0,,,,,Natural,18,,Yes,99720.0,,https://youtu.be/tb94GW6kad8?t=936
2022,Top 32,438,2950,3,smoljordan,Yes,Roll,741960,170.0,741960.0,170.0,614900.0,131.0,,,,,Intentional,18,,Yes,127060.0,,https://youtu.be/tb94GW6kad8?t=936
2022,Top 32,438,2951,4,Alex T,Yes,Roll,1060640,242.0,1060640.0,242.0,576520.0,130.0,982640.0,230.0,,,Intentional,18,,Yes,406120.0,78000.0,https://youtu.be/tb94GW6kad8?t=1421
2022,Top 32,438,2952,4,smoljordan,No,Roll,895100,235.0,,,537760.0,130.0,890300.0,231.0,,,Natural,18,,Yes,352540.0,4800.0,https://youtu.be/tb94GW6kad8?t=1421
2022,Top 32,439,2953,1,Sidnev,Yes,Roll,1128301,275.0,1128301.0,275.0,496761.0,130.0,998541.0,233.0,,,Intentional,18,,Yes,501780.0,129760.0,https://youtu.be/tb94GW6kad8?t=35
2022,Top 32,439,2954,1,Somalian,No,Tap,1106290,234.0,,,575370.0,130.0,1105090.0,233.0,,,Natural,18,,Yes,529720.0,1200.0,https://youtu.be/tb94GW6kad8?t=35
2022,Top 32,439,2955,2,Sidnev,Yes,Roll,230661,58.0,230661.0,58.0,,,,,,,Intentional,18,,Yes,,,https://youtu.be/tb94GW6kad8?t=879
2022,Top 32,439,2956,2,Somalian,No,Tap,216980,51.0,,,,,,,,,Natural,18,,Yes,,,https://youtu.be/tb94GW6kad8?t=879
2022,Top 32,439,2957,3,Sidnev,Yes,Roll,924981,239.0,,,491381.0,130.0,909381.0,231.0,,,Intentional,18,,Yes,418000.0,15600.0,https://youtu.be/tb94GW6kad8?t=1082
2022,Top 32,439,2958,3,Somalian,No,Tap,927400,194.0,,,601600.0,133.0,,,,,Natural,18,,Yes,325800.0,,https://youtu.be/tb94GW6kad8?t=1082
2022,Top 32,440,2959,1,PixelAndy,Yes,Roll,34580,14.0,34580.0,14.0,,,,,,,Intentional,18,,Yes,,,https://youtu.be/ZQ9z8GevhO4?t=3057
2022,Top 32,440,2960,1,Redshurt,No,Tap,5700,7.0,,,,,,,,,Natural,18,,Yes,,,https://youtu.be/ZQ9z8GevhO4?t=3057
2022,Top 32,440,2961,2,PixelAndy,Yes,Roll,333640,92.0,333640.0,92.0,,,,,,,Intentional,18,,Yes,,,https://youtu.be/ZQ9z8GevhO4?t=3147
2022,Top 32,440,2962,2,Redshurt,No,Tap,319960,76.0,,,,,,,,,Natural,18,,Yes,,,https://youtu.be/ZQ9z8GevhO4?t=3147
2022,Top 32,440,2963,3,PixelAndy,Yes,Roll,740240,191.0,740240.0,191.0,486320.0,132.0,,,,,Intentional,18,,Yes,253920.0,,https://youtu.be/ZQ9z8GevhO4?t=3410
2022,Top 32,440,2964,3,Redshurt,No,Tap,729500,191.0,,,597040.0,132.0,,,,,Natural,18,,Yes,132460.0,,https://youtu.be/ZQ9z8GevhO4?t=3410
2022,Top 32,441,2965,1,Dillan,Yes,Tap,1119480,239.0,1119480.0,239.0,525980.0,132.0,1111080.0,233.0,,,Natural,18,,Yes,585100.0,8400.0,https://youtu.be/tb94GW6kad8?t=1974
2022,Top 32,441,2966,1,jerpi,No,Roll,997660,236.0,,,470120.0,131.0,994060.0,233.0,,,Natural,18,,Yes,523940.0,3600.0,https://youtu.be/tb94GW6kad8?t=1974
2022,Top 32,441,2967,2,Dillan,Yes,Tap,595740,141.0,595740.0,141.0,545740.0,132.0,,,,,Intentional,18,,Yes,50000.0,,https://youtu.be/tb94GW6kad8?t=2577
2022,Top 32,441,2968,2,jerpi,No,Roll,500940,132.0,,,500140.0,131.0,,,,,Natural,18,,Yes,800.0,,https://youtu.be/tb94GW6kad8?t=2577
2022,Top 32,441,2969,3,Dillan,Yes,Tap,1190120,236.0,1190120.0,236.0,642640.0,133.0,1185320.0,232.0,,,Natural,18,,Yes,542680.0,4800.0,https://youtu.be/tb94GW6kad8?t=2971
2022,Top 32,441,2970,3,jerpi,No,Roll,1130840,231.0,,,639600.0,132.0,1130840.0,231.0,,,Natural,18,,Yes,491240.0,0.0,https://youtu.be/tb94GW6kad8?t=2971
2022,Top 32,442,2971,1,Huffulufugus,Yes,Roll,739720,179.0,739720.0,179.0,564740.0,131.0,,,,,Intentional,18,,Yes,174980.0,,https://youtu.be/ZQ9z8GevhO4?t=1449
2022,Top 32,442,2972,1,Nolan,No,Tap,701304,184.0,,,443144.0,131.0,,,,,Natural,18,,Yes,258160.0,,https://youtu.be/ZQ9z8GevhO4?t=1449
2022,Top 32,442,2973,2,Huffulufugus,Yes,Roll,616080,146.0,616080.0,146.0,580740.0,131.0,,,,,Intentional,18,,Yes,35340.0,,https://youtu.be/ZQ9z8GevhO4?t=1885
2022,Top 32,442,2974,2,Nolan,No,Tap,397500,143.0,,,386940.0,130.0,,,,,Natural,18,,Yes,10560.0,,https://youtu.be/ZQ9z8GevhO4?t=1885
2022,Top 32,442,2975,3,Huffulufugus,Yes,Roll,1116640,245.0,1116640.0,245.0,564360.0,131.0,1091000.0,230.0,,,Intentional,18,,Yes,526640.0,25640.0,https://youtu.be/ZQ9z8GevhO4?t=2284
2022,Top 32,442,2976,3,Nolan,No,Tap,1022340,242.0,,,518760.0,130.0,1010820.0,233.0,,,Natural,18,,Yes,492060.0,11520.0,https://youtu.be/ZQ9z8GevhO4?t=2284
2022,Top 32,443,2977,1,DMJ,Yes,Roll,145920,34.0,170240.0,40.0,,,,,,,Intentional,18,,Yes,,,https://youtu.be/ZQ9z8GevhO4?t=2457
2022,Top 32,443,2978,1,B14NK,No,Tap,123120,32.0,,,,,,,,,Natural,18,,Yes,,,https://youtu.be/ZQ9z8GevhO4?t=2457
2022,Top 32,443,2979,2,DMJ,Yes,Roll,994741,250.0,994741.0,250.0,489161.0,130.0,965881.0,232.0,,,Intentional,18,,Yes,476720.0,28860.0,https://youtu.be/ZQ9z8GevhO4?t=2645
2022,Top 32,443,2980,2,B14NK,No,Tap,994520,243.0,,,540420.0,133.0,980540.0,233.0,,,Natural,18,,Yes,440120.0,13980.0,https://youtu.be/ZQ9z8GevhO4?t=2645
2022,Top 32,443,2981,3,DMJ,Yes,Roll,763540,220.0,763540.0,220.0,394120.0,130.0,,,,,Intentional,18,,Yes,369420.0,,https://youtu.be/ZQ9z8GevhO4?t=3275
2022,Top 32,443,2982,3,B14NK,No,Tap,762780,190.0,,,548020.0,131.0,,,,,Natural,18,,Yes,214760.0,,https://youtu.be/ZQ9z8GevhO4?t=3275
2022,Top 32,444,2983,1,EricICX,Yes,Roll,1086520,288.0,1086520.0,288.0,543060.0,130.0,999240.0,230.0,,,Intentional,18,,Yes,456180.0,87280.0,https://youtu.be/opEvKvFM8GY?t=1709
2022,Top 32,444,2984,1,KunfusingPoke,No,Roll,1083260,232.0,,,595140.0,130.0,1082060.0,231.0,,,Natural,18,,Yes,486920.0,1200.0,https://youtu.be/opEvKvFM8GY?t=1709
2022,Top 32,444,2985,2,EricICX,Yes,Roll,1216120,317.0,1216120.0,317.0,530160.0,132.0,1048060.0,232.0,,,Intentional,18,,Yes,517900.0,168060.0,https://youtu.be/opEvKvFM8GY?t=2321
2022,Top 32,444,2986,2,KunfusingPoke,No,Roll,1212960,265.0,,,594360.0,130.0,1159040.0,230.0,,,Natural,18,,Yes,564680.0,53920.0,https://youtu.be/opEvKvFM8GY?t=2321
2022,Top 32,444,2987,3,EricICX,No,Roll,50920,14.0,,,,,,,,,Natural,18,,Yes,,,https://youtu.be/opEvKvFM8GY?t=2989
2022,Top 32,444,2988,3,KunfusingPoke,Yes,Roll,93480,19.0,93480.0,19.0,,,,,,,Intentional,18,,Yes,,,https://youtu.be/opEvKvFM8GY?t=2989
2022,Top 32,444,2989,4,EricICX,Yes,Roll,1524760,417.0,1179000.0,373.0,378540.0,130.0,939860.0,231.0,1103760.0,330.0,Natural,18,,Yes,561320.0,584900.0,https://youtu.be/opEvKvFM8GY?t=3087
2022,Top 32,444,2990,4,KunfusingPoke,No,Roll,1177220,250.0,,,570440.0,133.0,1147300.0,232.0,,,Natural,18,,Yes,576860.0,29920.0,https://youtu.be/opEvKvFM8GY?t=3087
2022,Top 32,445,2991,1,Nevanator,No,Tap,144780,34.0,,,,,,,,,Natural,18,,Yes,,,https://youtu.be/RruTevd8tQs?t=1879
2022,Top 32,445,2992,1,DanV,Yes,Roll,194180,46.0,194180.0,46.0,,,,,,,Intentional,18,,Yes,,,https://youtu.be/RruTevd8tQs?t=1879
2022,Top 32,445,2993,2,Nevanator,No,Tap,904600,216.0,,,520900.0,132.0,,,,,Natural,18,,Yes,383700.0,,https://youtu.be/RruTevd8tQs?t=2041
2022,Top 32,445,2994,2,DanV,Yes,Roll,1082200,231.0,1079800.0,229.0,617540.0,130.0,1081000.0,230.0,,,Intentional,18,,Yes,463460.0,1200.0,https://youtu.be/RruTevd8tQs?t=2041
2022,Top 32,445,2995,3,Nevanator,No,Tap,465920,130.0,,,465920.0,130.0,,,,,Natural,18,,Yes,0.0,,https://youtu.be/RruTevd8tQs?t=2608
2022,Top 32,445,2996,3,DanV,Yes,Roll,523820,148.0,523820.0,148.0,487980.0,132.0,,,,,Intentional,18,,Yes,35840.0,,https://youtu.be/RruTevd8tQs?t=2608
2022,Top 32,446,2997,1,Xenophilius,Yes,Roll,79420,25.0,79420.0,25.0,,,,,,,Intentional,18,,Yes,,,https://youtu.be/RruTevd8tQs?t=391
2022,Top 32,446,2998,1,atkoster,No,Tap,52820,16.0,,,,,,,,,Natural,18,,Yes,,,https://youtu.be/RruTevd8tQs?t=391
2022,Top 32,446,2999,2,Xenophilius,Yes,Roll,706340,155.0,706340.0,155.0,576140.0,130.0,,,,,Intentional,18,,Yes,130200.0,,https://youtu.be/RruTevd8tQs?t=513
2022,Top 32,446,3000,2,atkoster,No,Tap,480040,146.0,,,444260.0,130.0,,,,,Natural,18,,Yes,35780.0,,https://youtu.be/RruTevd8tQs?t=513
2022,Top 32,446,3001,3,Xenophilius,Yes,Roll,910460,192.0,910460.0,192.0,563220.0,130.0,,,,,Intentional,18,,Yes,347240.0,,https://youtu.be/RruTevd8tQs?t=973
2022,Top 32,446,3002,3,atkoster,No,Tap,720000,181.0,,,599700.0,131.0,,,,,Natural,18,,Yes,120300.0,,https://youtu.be/RruTevd8tQs?t=973
2022,Top 32,447,3003,1,HydrantDude,Yes,Roll,971120,254.0,971120.0,254.0,459080.0,130.0,912680.0,233.0,,,Intentional,18,,Yes,453600.0,58440.0,https://youtu.be/opEvKvFM8GY?t=1287
2022,Top 32,447,3004,1,Eren,No,Tap,950020,226.0,,,481520.0,131.0,,,,,Natural,18,,Yes,468500.0,,https://youtu.be/opEvKvFM8GY?t=1287
2022,Top 32,447,3005,2,HydrantDude,Yes,Roll,1100760,252.0,1100760.0,252.0,542300.0,130.0,1070700.0,233.0,,,Intentional,18,,Yes,528400.0,30060.0,https://youtu.be/opEvKvFM8GY?t=1882
2022,Top 32,447,3006,2,Eren,No,Tap,1000420,230.0,,,582220.0,133.0,1000420.0,230.0,,,Natural,18,,Yes,418200.0,0.0,https://youtu.be/opEvKvFM8GY?t=1882
2022,Top 32,447,3007,3,HydrantDude,Yes,Roll,437380,111.0,437380.0,111.0,,,,,,,Intentional,18,,Yes,,,https://youtu.be/opEvKvFM8GY?t=2485
2022,Top 32,447,3008,3,Eren,No,Tap,357200,101.0,,,,,,,,,Natural,18,,Yes,,,https://youtu.be/opEvKvFM8GY?t=2485
2022,Top 32,448,3009,1,dogplayingtetris,Yes,Roll,91960,17.0,91960.0,17.0,,,,,,,Intentional,18,,Yes,,,https://www.twitch.tv/videos/1625507828?t=05h04m31s
2022,Top 32,448,3010,1,Tugi,No,DAS,25460,7.0,,,,,,,,,Natural,18,,Yes,,,https://www.twitch.tv/videos/1625507828?t=05h04m31s
2022,Top 32,448,3011,2,dogplayingtetris,Yes,Roll,596560,143.0,596560.0,143.0,559420.0,132.0,,,,,Intentional,18,,Yes,37140.0,,https://youtu.be/opEvKvFM8GY?t=27
2022,Top 32,448,3012,2,Tugi,No,DAS,586660,138.0,,,581460.0,132.0,,,,,Natural,18,,Yes,5200.0,,https://youtu.be/opEvKvFM8GY?t=27
2022,Top 32,448,3013,3,dogplayingtetris,Yes,Roll,1040320,244.0,1040320.0,244.0,526740.0,132.0,,,,,Intentional,18,,Yes,,,https://youtu.be/opEvKvFM8GY?t=448
2022,Top 32,448,3014,3,Tugi,No,DAS,934980,226.0,,,540840.0,130.0,993320.0,231.0,,,Natural,18,,Yes,394140.0,,https://youtu.be/opEvKvFM8GY?t=448
2022,Top 32,449,3015,1,Lazer,Yes,Roll,904820,192.0,904820.0,192.0,602780.0,131.0,,,,,Intentional,18,,Yes,302040.0,,https://youtu.be/tb94GW6kad8?t=2392
2022,Top 32,449,3016,1,puppyball,No,DAS,555968,180.0,,,461748.0,130.0,,,,,Natural,18,,Yes,94220.0,,https://youtu.be/tb94GW6kad8?t=2392
2022,Top 32,449,3017,2,Lazer,Yes,Roll,413060,96.0,413060.0,96.0,,,,,,,Intentional,18,,Yes,,,https://youtu.be/tb94GW6kad8?t=2895
2022,Top 32,449,3018,2,puppyball,No,DAS,287280,88.0,,,,,,,,,Natural,18,,Yes,,,https://youtu.be/tb94GW6kad8?t=2895
2022,Top 32,449,3019,3,Lazer,Yes,Roll,1162940,270.0,1116040.0,261.0,467460.0,130.0,1030780.0,231.0,,,Natural,18,,Yes,563320.0,132160.0,https://youtu.be/tb94GW6kad8?t=3203
2022,Top 32,449,3020,3,puppyball,No,DAS,729360,229.0,,,369840.0,131.0,,,,,Natural,18,,Yes,359520.0,,https://youtu.be/tb94GW6kad8?t=3203
2022,Top 32,450,3021,1,Tristop,Yes,DAS,451446,122.0,451446.0,122.0,,,,,,,Intentional,18,,Yes,,,https://youtu.be/opEvKvFM8GY?t=198
2022,Top 32,450,3022,1,Oscar Godinez,No,Tap,335920,115.0,,,,,,,,,Natural,18,,Yes,,,https://youtu.be/opEvKvFM8GY?t=198
2022,Top 32,450,3023,2,Tristop,Yes,DAS,532800,141.0,532800.0,141.0,481900.0,130.0,,,,,Intentional,18,,Yes,50900.0,,https://youtu.be/opEvKvFM8GY?t=535
2022,Top 32,450,3024,2,Oscar Godinez,No,Tap,506080,130.0,,,506080.0,130.0,,,,,Natural,18,,Yes,0.0,,https://youtu.be/opEvKvFM8GY?t=535
2022,Top 32,450,3025,3,Tristop,Yes,DAS,742820,183.0,742820.0,183.0,464040.0,131.0,,,,,Intentional,18,,Yes,278780.0,,https://youtu.be/opEvKvFM8GY?&t=905
2022,Top 32,450,3026,3,Oscar Godinez,No,Tap,641380,170.0,,,470500.0,132.0,,,,,Natural,18,,Yes,170880.0,,https://youtu.be/opEvKvFM8GY?&t=905
2022,Top 32,451,3027,1,brodindamp,No,Tap,966162,212.0,,,581842.0,133.0,,,,,Natural,18,,Yes,384320.0,,https://youtu.be/RruTevd8tQs?t=8
2022,Top 32,451,3028,1,trapzone,Yes,Tap,991831,227.0,991831.0,227.0,614131.0,130.0,,,,,Intentional,18,,Yes,377700.0,,https://youtu.be/RruTevd8tQs?t=8
2022,Top 32,451,3029,2,brodindamp,Yes,Tap,203681,52.0,203681.0,52.0,,,,,,,Intentional,18,,Yes,,,https://youtu.be/RruTevd8tQs?t=587
2022,Top 32,451,3030,2,trapzone,No,Tap,191911,44.0,,,,,,,,,Natural,18,,Yes,,,https://youtu.be/RruTevd8tQs?t=587
2022,Top 32,451,3031,3,brodindamp,Yes,Tap,258021,53.0,258021.0,53.0,,,,,,,Intentional,18,,Yes,,,https://youtu.be/RruTevd8tQs?t=834
2022,Top 32,451,3032,3,trapzone,No,Tap,212431,45.0,,,,,,,,,Natural,18,,Yes,,,https://youtu.be/RruTevd8tQs?t=834
2022,Top 32,451,3033,4,brodindamp,Yes,Tap,827541,167.0,827541.0,167.0,639221.0,132.0,,,,,Intentional,18,,Yes,188320.0,,https://youtu.be/RruTevd8tQs?t=1467
2022,Top 32,451,3034,4,trapzone,No,Tap,695494,171.0,,,526394.0,133.0,,,,,Natural,18,,Yes,169100.0,,https://youtu.be/RruTevd8tQs?t=1467
2022,Top 16,452,3035,1,Sidnev,Yes,Roll,1235221,254.0,1235221.0,254.0,606921.0,131.0,1173901.0,232.0,,,Natural,18,,Yes,566980.0,61320.0,https://youtu.be/nsxbSKTHQX8?t=54
2022,Top 16,452,3036,1,Alex T,No,Roll,1081980,241.0,,,598160.0,130.0,1035780.0,230.0,,,Natural,18,,Yes,437620.0,46200.0,https://youtu.be/nsxbSKTHQX8?t=54
2022,Top 16,452,3037,2,Sidnev,Yes,Roll,234081,48.0,234081.0,48.0,,,,,,,Intentional,18,,Yes,,,https://youtu.be/nsxbSKTHQX8?t=665
2022,Top 16,452,3038,2,Alex T,No,Roll,91960,36.0,,,,,,,,,Natural,18,,Yes,,,https://youtu.be/nsxbSKTHQX8?t=665
2022,Top 16,452,3039,3,Sidnev,Yes,Roll,571721,179.0,571721.0,179.0,432881.0,133.0,,,,,Intentional,18,,Yes,138840.0,,https://youtu.be/nsxbSKTHQX8?t=834
2022,Top 16,452,3040,3,Alex T,No,Roll,570560,163.0,,,516460.0,130.0,,,,,Natural,18,,Yes,54100.0,,https://youtu.be/nsxbSKTHQX8?t=834
2022,Top 16,453,3041,1,Dillan,No,Tap,1067340,237.0,,,535460.0,130.0,1061940.0,233.0,,,Natural,18,,Yes,526480.0,5400.0,https://youtu.be/nsxbSKTHQX8?t=54
2022,Top 16,453,3042,1,PixelAndy,Yes,Roll,1211620,248.0,1211620.0,248.0,603500.0,131.0,1159200.0,233.0,,,Intentional,18,,Yes,555700.0,52420.0,https://youtu.be/nsxbSKTHQX8?t=54
2022,Top 16,453,3043,2,Dillan,No,Tap,985140,249.0,,,506600.0,130.0,958740.0,233.0,,,Natural,18,,Yes,452140.0,26400.0,https://youtu.be/nsxbSKTHQX8?t=665
2022,Top 16,453,3044,2,PixelAndy,Yes,Roll,1051220,232.0,1051220.0,232.0,583220.0,132.0,1048820.0,230.0,,,Natural,18,,Yes,465600.0,2400.0,https://youtu.be/nsxbSKTHQX8?t=665
2022,Top 16,453,3045,3,Dillan,Yes,Tap,1026040,234.0,1026040.0,234.0,504320.0,133.0,1023040.0,232.0,,,Natural,18,,Yes,518720.0,3000.0,https://youtu.be/nsxbSKTHQX8?t=1271
2022,Top 16,453,3046,3,PixelAndy,No,Roll,940100,238.0,,,491780.0,133.0,929900.0,230.0,,,Natural,18,,Yes,438120.0,10200.0,https://youtu.be/nsxbSKTHQX8?t=1271
2022,Top 16,453,3047,4,Dillan,No,Tap,1090120,235.0,,,564360.0,132.0,1087720.0,233.0,,,Natural,18,,Yes,523360.0,2400.0,https://youtu.be/nsxbSKTHQX8?t=1861
2022,Top 16,453,3048,4,PixelAndy,Yes,Roll,1112620,248.0,1112620.0,248.0,578040.0,131.0,1091860.0,231.0,,,Intentional,18,,Yes,513820.0,20760.0,https://youtu.be/nsxbSKTHQX8?t=1861
2022,Top 16,454,3049,1,brodindamp,Yes,Tap,26223,8.0,26223.0,8.0,,,,,,,Intentional,18,,Yes,,,https://youtu.be/nsxbSKTHQX8?t=1531
2022,Top 16,454,3050,1,Tristop,No,Roll,0,0.0,,,,,,,,,Natural,18,,Yes,,,https://youtu.be/nsxbSKTHQX8?t=1531
2022,Top 16,454,3051,2,brodindamp,No,Tap,1123581,235.0,,,598561.0,133.0,1116981.0,230.0,,,Natural,18,,Yes,518420.0,6600.0,https://youtu.be/nsxbSKTHQX8?t=1593
2022,Top 16,454,3052,2,Tristop,Yes,Roll,1130260,249.0,1130260.0,249.0,505840.0,131.0,1104000.0,230.0,,,Intentional,18,,Yes,598160.0,26260.0,https://youtu.be/nsxbSKTHQX8?t=1593
2022,Top 16,454,3053,3,brodindamp,Yes,Tap,842401,213.0,842401.0,213.0,500521.0,130.0,,,,,Natural,18,,Yes,341880.0,,https://youtu.be/nsxbSKTHQX8?t=2176
2022,Top 16,454,3054,3,Tristop,No,Roll,837240,217.0,,,521800.0,133.0,,,,,Natural,18,,Yes,315440.0,,https://youtu.be/nsxbSKTHQX8?t=2176
2022,Top 16,454,3055,4,brodindamp,No,Tap,389121,89.0,,,,,,,,,Natural,18,,Yes,,,https://youtu.be/nsxbSKTHQX8?t=2695
2022,Top 16,454,3056,4,Tristop,Yes,Roll,394440,95.0,394440.0,95.0,,,,,,,Intentional,18,,Yes,,,https://youtu.be/nsxbSKTHQX8?t=2695
2022,Top 16,454,3057,5,brodindamp,Yes,Tap,655702,165.0,655702.0,165.0,538142.0,132.0,,,,,Intentional,18,,Yes,117560.0,,https://youtu.be/nsxbSKTHQX8?t=2970
2022,Top 16,454,3058,5,Tristop,No,Roll,639960,153.0,,,601220.0,132.0,,,,,Natural,18,,Yes,38740.0,,https://youtu.be/nsxbSKTHQX8?t=2970
2022,Top 16,455,3059,1,Xenophilius,No,Roll,1118920,282.0,,,600840.0,133.0,1016320.0,232.0,,,Natural,18,,Yes,415480.0,102600.0,https://youtu.be/nsxbSKTHQX8?t=2776
2022,Top 16,455,3060,1,HydrantDude,Yes,Roll,1121540,304.0,1121540.0,304.0,506980.0,132.0,984800.0,233.0,,,Intentional,18,,Yes,477820.0,136740.0,https://youtu.be/nsxbSKTHQX8?t=2776
2022,Top 16,455,3061,2,Xenophilius,No,Roll,1308320,345.0,,,559800.0,130.0,1125160.0,233.0,1283280.0,330.0,Natural,18,,Yes,565360.0,183160.0,https://youtu.be/nsxbSKTHQX8?t=3450
2022,Top 16,455,3062,2,HydrantDude,Yes,Roll,1334760,237.0,1334760.0,237.0,653260.0,130.0,1326960.0,231.0,,,Natural,18,,Yes,673700.0,7800.0,https://youtu.be/nsxbSKTHQX8?t=3450
2022,Top 16,455,3063,3,Xenophilius,Yes,Roll,868680,195.0,868680.0,195.0,635040.0,131.0,,,,,Intentional,18,,Yes,233640.0,,https://youtu.be/nsxbSKTHQX8?t=4207
2022,Top 16,455,3064,3,HydrantDude,No,Roll,858320,164.0,,,693940.0,131.0,,,,,Natural,18,,Yes,164380.0,,https://youtu.be/nsxbSKTHQX8?t=4207
2022,Top 16,455,3065,4,Xenophilius,No,Roll,382280,106.0,,,,,,,,,Natural,18,,Yes,,,https://youtu.be/nsxbSKTHQX8?t=4798
2022,Top 16,455,3066,4,HydrantDude,Yes,Roll,465506,112.0,465506.0,112.0,,,,,,,Intentional,18,,Yes,,,https://youtu.be/nsxbSKTHQX8?t=4798
2022,Top 16,456,3067,1,Nowi,No,Roll,938800,233.0,,,557900.0,131.0,936400.0,231.0,,,Natural,18,,Yes,378500.0,2400.0,https://youtu.be/JcF3SGKId40?t=14
2022,Top 16,456,3068,1,Fractal,Yes,Roll,1036660,241.0,1036660.0,241.0,524840.0,132.0,990960.0,230.0,,,Intentional,18,,Yes,466120.0,45700.0,https://youtu.be/JcF3SGKId40?t=14
2022,Top 16,456,3069,2,Nowi,No,Roll,1020580,239.0,,,619460.0,131.0,1010980.0,231.0,,,Natural,18,,Yes,391520.0,9600.0,https://youtu.be/JcF3SGKId40?t=609
2022,Top 16,456,3070,2,Fractal,Yes,Roll,1087140,245.0,1087140.0,245.0,638080.0,130.0,1037700.0,230.0,,,Intentional,18,,Yes,399620.0,49440.0,https://youtu.be/JcF3SGKId40?t=609
2022,Top 16,456,3071,3,Nowi,No,Roll,545200,162.0,,,426780.0,130.0,,,,,Natural,18,,Yes,118420.0,,https://youtu.be/JcF3SGKId40?t=1231
2022,Top 16,456,3072,3,Fractal,Yes,Roll,771300,172.0,771300.0,172.0,621740.0,130.0,,,,,Intentional,18,,Yes,149560.0,,https://youtu.be/JcF3SGKId40?t=1231
2022,Top 16,457,3073,1,Huffulufugus,Yes,Roll,1327900,263.0,1327900.0,263.0,603120.0,132.0,1245960.0,231.0,,,Natural,18,,Yes,642840.0,81940.0,https://youtu.be/JcF3SGKId40?t=14
2022,Top 16,457,3074,1,DMJ,No,Roll,1063511,267.0,,,541231.0,131.0,972271.0,231.0,,,Natural,18,,Yes,431040.0,91240.0,https://youtu.be/JcF3SGKId40?t=14
2022,Top 16,457,3075,2,Huffulufugus,Yes,Roll,1024780,229.0,1024780.0,229.0,598920.0,130.0,,,,,Intentional,18,,Yes,425860.0,,https://youtu.be/JcF3SGKId40?t=663
2022,Top 16,457,3076,2,DMJ,No,Roll,619478,230.0,,,403618.0,130.0,619478.0,230.0,,,Natural,18,,Yes,215860.0,0.0,https://youtu.be/JcF3SGKId40?t=663
2022,Top 16,457,3077,3,Huffulufugus,Yes,Roll,1039640,283.0,1039640.0,283.0,507780.0,130.0,963960.0,233.0,,,Intentional,18,,Yes,456180.0,75680.0,https://youtu.be/JcF3SGKId40?t=1292
2022,Top 16,457,3078,3,DMJ,No,Roll,962520,267.0,,,556380.0,130.0,902420.0,230.0,,,Natural,18,,Yes,346040.0,60100.0,https://youtu.be/JcF3SGKId40?t=1292
2022,Top 16,458,3079,1,DanV,No,Roll,937100,238.0,,,413880.0,130.0,929300.0,232.0,,,Natural,18,,Yes,515420.0,7800.0,https://youtu.be/JcF3SGKId40?t=2151
2022,Top 16,458,3080,1,EricICX,Yes,Roll,1047080,223.0,1047080.0,223.0,618700.0,133.0,,,,,Intentional,18,,Yes,428380.0,,https://youtu.be/JcF3SGKId40?t=2151
2022,Top 16,458,3081,2,DanV,No,Roll,903920,201.0,,,540420.0,132.0,,,,,Natural,18,,Yes,363500.0,,https://youtu.be/JcF3SGKId40?t=2733
2022,Top 16,458,3082,2,EricICX,Yes,Roll,922580,203.0,922580.0,203.0,598940.0,133.0,,,,,Intentional,18,,Yes,323640.0,,https://youtu.be/JcF3SGKId40?t=2733
2022,Top 16,458,3083,3,DanV,No,Roll,1009460,236.0,,,617560.0,133.0,1002260.0,230.0,,,Natural,18,,Yes,384700.0,7200.0,https://youtu.be/JcF3SGKId40?t=3253
2022,Top 16,458,3084,3,EricICX,Yes,Roll,1161980,252.0,1161980.0,252.0,569300.0,132.0,1096720.0,230.0,,,Intentional,18,,Yes,527420.0,65260.0,https://youtu.be/JcF3SGKId40?t=3253
2022,Top 16,459,3085,1,dogplayingtetris,Yes,Roll,883980,255.0,883980.0,255.0,437680.0,131.0,788040.0,232.0,,,Intentional,18,,Yes,350360.0,95940.0,https://youtu.be/JcF3SGKId40?t=1902
2022,Top 16,459,3086,1,Lazer,No,Roll,735340,240.0,,,413120.0,133.0,722700.0,230.0,,,Natural,18,,Yes,309580.0,12640.0,https://youtu.be/JcF3SGKId40?t=1902
2022,Top 16,459,3087,2,dogplayingtetris,Yes,Roll,1058660,240.0,1058660.0,240.0,555220.0,130.0,1047220.0,231.0,,,Intentional,18,,Yes,492000.0,11440.0,https://youtu.be/JcF3SGKId40?t=2514
2022,Top 16,459,3088,2,Lazer,No,Roll,827940,230.0,,,449260.0,131.0,827940.0,230.0,,,Natural,18,,Yes,378680.0,0.0,https://youtu.be/JcF3SGKId40?t=2514
2022,Top 16,459,3089,3,dogplayingtetris,No,Roll,1031700,271.0,,,525220.0,133.0,939240.0,232.0,,,Natural,18,,Yes,414020.0,92460.0,https://youtu.be/JcF3SGKId40?t=3105
2022,Top 16,459,3090,3,Lazer,Yes,Roll,1076960,284.0,1076960.0,284.0,557520.0,130.0,999940.0,230.0,,,Intentional,18,,Yes,442420.0,77020.0,https://youtu.be/JcF3SGKId40?t=3105
2022,Top 16,459,3091,4,dogplayingtetris,Yes,Roll,1289300,298.0,1289300.0,298.0,615280.0,130.0,1181300.0,230.0,,,Natural,18,,Yes,566020.0,108000.0,https://youtu.be/JcF3SGKId40?t=3784
2022,Top 16,459,3092,4,Lazer,No,Roll,1151940,300.0,,,614520.0,130.0,1018060.0,231.0,,,Natural,18,,Yes,403540.0,133880.0,https://youtu.be/JcF3SGKId40?t=3784
2022,Top 8,460,3093,1,Sidnev,No,Roll,850801,197.0,,,575381.0,130.0,,,,,Natural,18,,Yes,275420.0,,https://youtu.be/nn2pQKx4hnI?t=97
2022,Top 8,460,3094,1,Fractal,Yes,Roll,914120,200.0,914120.0,200.0,606400.0,132.0,,,,,Intentional,18,,Yes,307720.0,,https://youtu.be/nn2pQKx4hnI?t=97
2022,Top 8,460,3095,2,Sidnev,No,Roll,174421,42.0,,,,,,,,,Natural,18,,Yes,,,https://youtu.be/nn2pQKx4hnI?t=600
2022,Top 8,460,3096,2,Fractal,Yes,Roll,192280,44.0,192280.0,44.0,,,,,,,Intentional,18,,Yes,,,https://youtu.be/nn2pQKx4hnI?t=600
2022,Top 8,460,3097,3,Sidnev,No,Roll,1114721,285.0,,,584861.0,130.0,991881.0,232.0,,,Natural,18,,Yes,407020.0,122840.0,https://youtu.be/nn2pQKx4hnI?t=756
2022,Top 8,460,3098,3,Fractal,Yes,Roll,1140120,273.0,1140120.0,273.0,563220.0,133.0,1050420.0,230.0,,,Natural,18,,Yes,487200.0,89700.0,https://youtu.be/nn2pQKx4hnI?t=756
2022,Top 8,461,3099,1,Huffulufugus,No,Roll,1100640,259.0,,,539660.0,132.0,1065800.0,232.0,,,Natural,18,,Yes,526140.0,34840.0,https://youtu.be/nn2pQKx4hnI?t=97
2022,Top 8,461,3100,1,PixelAndy,Yes,Roll,1246660,263.0,1246660.0,263.0,525220.0,131.0,1163840.0,231.0,,,Intentional,18,,Yes,638620.0,82820.0,https://youtu.be/nn2pQKx4hnI?t=97
2022,Top 8,461,3101,2,Huffulufugus,No,Roll,1042620,276.0,,,502800.0,131.0,979420.0,231.0,,,Natural,18,,Yes,476620.0,63200.0,https://youtu.be/nn2pQKx4hnI?t=735
2022,Top 8,461,3102,2,PixelAndy,Yes,Roll,1225200,287.0,1225200.0,287.0,541420.0,132.0,1044180.0,233.0,,,Intentional,18,,Yes,502760.0,181020.0,https://youtu.be/nn2pQKx4hnI?t=735
2022,Top 8,461,3103,3,Huffulufugus,No,Roll,844400,232.0,,,437100.0,131.0,842000.0,230.0,,,Natural,18,,Yes,404900.0,2400.0,https://youtu.be/nn2pQKx4hnI?t=1393
2022,Top 8,461,3104,3,PixelAndy,Yes,Roll,996700,228.0,,,576900.0,131.0,,,,,Intentional,18,,Yes,419800.0,,https://youtu.be/nn2pQKx4hnI?t=1393
2022,Top 8,462,3105,1,brodindamp,No,Tap,1087081,232.0,,,578781.0,130.0,1087081.0,232.0,,,Natural,18,,Yes,508300.0,0.0,https://youtu.be/HPfC9yUWRSI?t=431
2022,Top 8,462,3106,1,dogplayingtetris,Yes,Roll,1095000,243.0,1095000.0,243.0,559840.0,130.0,1082220.0,233.0,,,Intentional,18,,Yes,522380.0,12780.0,https://youtu.be/HPfC9yUWRSI?t=431
2022,Top 8,462,3107,2,brodindamp,No,Tap,987788,220.0,,,544268.0,130.0,,,,,Natural,18,,Yes,443520.0,,https://youtu.be/HPfC9yUWRSI?t=1005
2022,Top 8,462,3108,2,dogplayingtetris,Yes,Roll,1091380,232.0,1091380.0,232.0,602000.0,132.0,1090180.0,231.0,,,Intentional,18,,Yes,488180.0,1200.0,https://youtu.be/HPfC9yUWRSI?t=1005
2022,Top 8,462,3109,3,brodindamp,No,Tap,1222800,238.0,,,584880.0,132.0,1185600.0,233.0,,,Natural,18,,Yes,600720.0,37200.0,https://youtu.be/HPfC9yUWRSI?t=1562
2022,Top 8,462,3110,3,dogplayingtetris,Yes,Roll,1271840,300.0,1226000.0,295.0,585260.0,133.0,1113780.0,233.0,,,Intentional,18,,Yes,528520.0,158060.0,https://youtu.be/HPfC9yUWRSI?t=1562
2022,Top 8,463,3111,1,EricICX,Yes,Roll,1348380,301.0,1348380.0,301.0,596660.0,131.0,1203560.0,230.0,,,Intentional,18,,Yes,606900.0,144820.0,https://youtu.be/HPfC9yUWRSI?t=30
2022,Top 8,463,3112,1,HydrantDude,No,Roll,1151860,315.0,,,513060.0,131.0,1020860.0,232.0,,,Natural,18,,Yes,507800.0,131000.0,https://youtu.be/HPfC9yUWRSI?t=30
2022,Top 8,463,3113,2,EricICX,Yes,Roll,1223100,276.0,1223100.0,276.0,639600.0,132.0,1127740.0,230.0,,,Intentional,18,,Yes,488140.0,95360.0,https://youtu.be/HPfC9yUWRSI?t=714
2022,Top 8,463,3114,2,HydrantDude,No,Roll,1063946,266.0,,,594746.0,130.0,1005046.0,230.0,,,Natural,18,,Yes,410300.0,58900.0,https://youtu.be/HPfC9yUWRSI?t=714
2022,Top 8,463,3115,3,EricICX,Yes,Roll,1154120,275.0,1154120.0,275.0,538140.0,130.0,1049480.0,231.0,,,Intentional,18,,Yes,511340.0,104640.0,https://youtu.be/HPfC9yUWRSI?t=1355
2022,Top 8,463,3116,3,HydrantDude,No,Roll,1120520,255.0,,,545740.0,132.0,1089580.0,232.0,,,Natural,18,,Yes,543840.0,30940.0,https://youtu.be/HPfC9yUWRSI?t=1355
2022,Semis,464,3117,1,PixelAndy,Yes,Roll,1251460,311.0,1251460.0,311.0,636940.0,133.0,1097020.0,231.0,,,Intentional,18,,Yes,460080.0,154440.0,https://youtu.be/4_A2E86BQHY?t=39
2022,Semis,464,3118,1,Fractal,No,Roll,1246260,252.0,,,712600.0,131.0,1216100.0,230.0,,,Natural,18,,Yes,503500.0,30160.0,https://youtu.be/4_A2E86BQHY?t=39
2022,Semis,464,3119,2,PixelAndy,No,Roll,944060,259.0,,,524840.0,131.0,894840.0,230.0,,,Natural,18,,Yes,370000.0,49220.0,https://youtu.be/4_A2E86BQHY?t=789
2022,Semis,464,3120,2,Fractal,Yes,Roll,1134600,278.0,1134600.0,278.0,530580.0,131.0,1062660.0,230.0,,,Intentional,18,,Yes,532080.0,71940.0,https://youtu.be/4_A2E86BQHY?t=789
2022,Semis,464,3121,3,PixelAndy,No,Roll,1146580,270.0,,,616040.0,131.0,1061760.0,231.0,,,Natural,18,,Yes,445720.0,84820.0,https://youtu.be/4_A2E86BQHY?t=1511
2022,Semis,464,3122,3,Fractal,Yes,Roll,1154180,288.0,1154180.0,288.0,600460.0,131.0,1059740.0,233.0,,,Intentional,18,,Yes,459280.0,94440.0,https://youtu.be/4_A2E86BQHY?t=1511
2022,Semis,464,3123,4,PixelAndy,No,Roll,1026780,233.0,,,580700.0,132.0,1023180.0,230.0,,,Natural,18,,Yes,442480.0,3600.0,https://youtu.be/4_A2E86BQHY?t=2211
2022,Semis,464,3124,4,Fractal,Yes,Roll,1163500,241.0,1163500.0,241.0,643020.0,132.0,1150220.0,231.0,,,Intentional,18,,Yes,507200.0,13280.0,https://youtu.be/4_A2E86BQHY?t=2211
2022,Semis,465,3125,1,EricICX,Yes,Roll,1169960,264.0,1169960.0,264.0,539640.0,130.0,1121800.0,232.0,,,Intentional,18,,Yes,582160.0,48160.0,https://youtu.be/qu6cok71EJI?t=10
2022,Semis,465,3126,1,dogplayingtetris,No,Roll,1167000,252.0,,,557140.0,130.0,1130720.0,233.0,,,Natural,18,,Yes,573580.0,36280.0,https://youtu.be/qu6cok71EJI?t=10
2022,Semis,465,3127,2,EricICX,Yes,Roll,1189840,317.0,1189840.0,317.0,562460.0,132.0,1016480.0,230.0,,,Intentional,18,,Yes,454020.0,173360.0,https://youtu.be/qu6cok71EJI?t=648
2022,Semis,465,3128,2,dogplayingtetris,No,Roll,1186380,277.0,,,582980.0,130.0,1126700.0,233.0,,,Natural,18,,Yes,543720.0,59680.0,https://youtu.be/qu6cok71EJI?t=648
2022,Semis,465,3129,3,EricICX,Yes,Roll,1272780,352.0,1272780.0,352.0,505180.0,130.0,1077860.0,230.0,1235300.0,330.0,Intentional,18,,Yes,572680.0,194920.0,https://youtu.be/qu6cok71EJI?t=1333
2022,Semis,465,3130,3,dogplayingtetris,No,Roll,1149620,330.0,,,466320.0,132.0,958600.0,231.0,1149620.0,330.0,Natural,18,,Yes,492280.0,191020.0,https://youtu.be/qu6cok71EJI?t=1333
2022,Finals,466,3131,1,EricICX,No,Roll,1516660,428.0,,,567640.0,131.0,1124740.0,230.0,1282900.0,330.0,Natural,18,,Yes,557100.0,391920.0,https://youtu.be/1L_l4dj0KRA?t=11
2022,Finals,466,3132,1,Fractal,Yes,Roll,1539100,419.0,1539100.0,419.0,619460.0,130.0,1146040.0,230.0,1358520.0,333.0,Natural,18,,Yes,526580.0,393060.0,https://youtu.be/1L_l4dj0KRA?t=11
2022,Finals,466,3133,2,EricICX,Yes,Roll,1325560,388.0,1325560.0,388.0,559400.0,130.0,988940.0,230.0,1212820.0,331.0,Intentional,18,,Yes,429540.0,336620.0,https://youtu.be/1L_l4dj0KRA?t=902
2022,Finals,466,3134,2,Fractal,No,Roll,1323560,304.0,,,633460.0,131.0,1204540.0,230.0,,,Natural,18,,Yes,571080.0,119020.0,https://youtu.be/1L_l4dj0KRA?t=902
2022,Finals,466,3135,3,EricICX,Yes,Roll,2194440,678.0,2194440.0,678.0,501280.0,130.0,1048480.0,230.0,1206840.0,330.0,Intentional,18,,Yes,547200.0,1145960.0,https://youtu.be/1L_l4dj0KRA?t=1710
2022,Finals,466,3136,3,Fractal,No,Roll,2189440,637.0,,,617940.0,133.0,1189320.0,230.0,1375980.0,330.0,Natural,18,,Yes,571380.0,1000120.0,https://youtu.be/1L_l4dj0KRA?t=1710
2022,Finals,466,3137,4,EricICX,Yes,Roll,973230,245.0,973230.0,245.0,485320.0,130.0,955540.0,231.0,,,Intentional,18,,Yes,470220.0,17690.0,https://youtu.be/1L_l4dj0KRA?t=2921
2022,Finals,466,3138,4,Fractal,No,Roll,972800,239.0,,,555220.0,130.0,962000.0,230.0,,,Natural,18,,Yes,406780.0,10800.0,https://youtu.be/1L_l4dj0KRA?t=2921
2023,Top 64,467,3139,1,doge,Yes,Roll,1056180,273.0,1056180.0,273.0,675320.0,132.0,991760.0,230.0,,,Intentional,18,39 KSx2,Yes,316440.0,64420.0,https://youtu.be/mnCwENAu-dg?t=58
2023,Top 64,467,3140,1,doodle,No,Roll,1055240,235.0,,,537000.0,130.0,1048640.0,230.0,,,Natural,18,39 KSx2,Yes,511640.0,6600.0,https://youtu.be/mnCwENAu-dg?t=58
2023,Top 64,467,3141,2,doge,Yes,Roll,844040,191.0,844040.0,191.0,640220.0,130.0,,,,,Intentional,18,39 KSx2,Yes,203820.0,,https://youtu.be/mnCwENAu-dg?t=712
2023,Top 64,467,3142,2,doodle,No,Roll,714380,191.0,,,426020.0,130.0,,,,,Natural,18,39 KSx2,Yes,288360.0,,https://youtu.be/mnCwENAu-dg?t=712
2023,Top 64,467,3143,3,doge,Yes,Roll,1191200,257.0,1151520.0,252.0,615600.0,131.0,1030160.0,233.0,,,Natural,18,39 KSx2,Yes,414560.0,161040.0,https://youtu.be/mnCwENAu-dg?t=1203
2023,Top 64,467,3144,3,doodle,No,Roll,1078760,232.0,,,623640.0,133.0,1076360.0,230.0,,,Natural,18,39 KSx2,Yes,452720.0,2400.0,https://youtu.be/mnCwENAu-dg?t=1203
2023,Top 64,468,3145,1,armstrong,Yes,Roll,379240,98.0,379240.0,98.0,,,,,,,Intentional,18,39 KSx2,Yes,,,https://youtu.be/mnCwENAu-dg?t=58
2023,Top 64,468,3146,1,Kirjava,No,Roll,355300,91.0,,,,,,,,,Natural,18,39 KSx2,Yes,,,https://youtu.be/mnCwENAu-dg?t=58
2023,Top 64,468,3147,2,armstrong,Yes,Roll,681800,162.0,681800.0,162.0,542300.0,130.0,,,,,Intentional,18,39 KSx2,Yes,139500.0,,https://youtu.be/mnCwENAu-dg?t=381
2023,Top 64,468,3148,2,Kirjava,No,Roll,646780,157.0,,,597020.0,130.0,,,,,Natural,18,39 KSx2,Yes,49760.0,,https://youtu.be/mnCwENAu-dg?t=381
2023,Top 64,468,3149,3,armstrong,Yes,Roll,958460,230.0,958460.0,230.0,539660.0,132.0,958460.0,230.0,,,Intentional,18,39 KSx2,Yes,418800.0,0.0,https://youtu.be/mnCwENAu-dg?t=824
2023,Top 64,468,3150,3,Kirjava,No,Roll,788800,233.0,,,366240.0,132.0,785200.0,230.0,,,Natural,18,39 KSx2,Yes,418960.0,3600.0,https://youtu.be/mnCwENAu-dg?t=824
2023,Top 64,469,3151,1,jerpi,Yes,Roll,507080,149.0,507080.0,149.0,449600.0,132.0,,,,,Intentional,18,39 KSx2,Yes,57480.0,,https://youtu.be/-ewOEqg3-ws?t=15
2023,Top 64,469,3152,1,BiggieMac,No,Roll,363669,127.0,,,,,,,,,Natural,18,39 KSx2,Yes,,,https://youtu.be/-ewOEqg3-ws?t=15
2023,Top 64,469,3153,2,jerpi,Yes,Roll,693160,175.0,693160.0,175.0,581080.0,132.0,,,,,Intentional,18,39 KSx2,Yes,112080.0,,https://youtu.be/-ewOEqg3-ws?t=413
2023,Top 64,469,3154,2,BiggieMac,No,Roll,691132,166.0,,,525232.0,130.0,,,,,Natural,18,39 KSx2,Yes,165900.0,,https://youtu.be/-ewOEqg3-ws?t=413
2023,Top 64,469,3155,3,jerpi,Yes,Roll,677780,201.0,677780.0,201.0,407420.0,132.0,,,,,Intentional,18,39 KSx2,Yes,270360.0,,https://youtu.be/-ewOEqg3-ws?t=856
2023,Top 64,469,3156,3,BiggieMac,No,Roll,567032,183.0,,,417312.0,133.0,,,,,Natural,18,39 KSx2,Yes,149720.0,,https://youtu.be/-ewOEqg3-ws?t=856
2023,Top 64,470,3157,1,DMJ,Yes,Roll,555780,152.0,555780.0,152.0,450340.0,130.0,,,,,Intentional,18,39 KSx2,Yes,105440.0,,https://youtu.be/-ewOEqg3-ws?t=15
2023,Top 64,470,3158,1,Hana,No,DAS,437580,143.0,,,423800.0,131.0,,,,,Natural,18,39 KSx2,Yes,13780.0,,https://youtu.be/-ewOEqg3-ws?t=15
2023,Top 64,470,3159,2,DMJ,Yes,Roll,45600,8.0,45600.0,8.0,,,,,,,Intentional,18,39 KSx2,Yes,,,https://youtu.be/-ewOEqg3-ws?t=453
2023,Top 64,470,3160,2,Hana,No,DAS,3040,4.0,,,,,,,,,Natural,18,39 KSx2,Yes,,,https://youtu.be/-ewOEqg3-ws?t=453
2023,Top 64,470,3161,3,DMJ,Yes,Roll,333640,113.0,333640.0,113.0,,,,,,,Intentional,18,39 KSx2,Yes,,,https://youtu.be/-ewOEqg3-ws?t=524
2023,Top 64,470,3162,3,Hana,No,Roll,322240,104.0,,,,,,,,,Natural,18,39 KSx2,Yes,,,https://youtu.be/-ewOEqg3-ws?t=524
2023,Top 64,471,3163,1,Redshurt,Yes,Roll,629380,151.0,629380.0,151.0,525220.0,131.0,,,,,Intentional,18,39 KSx2,Yes,104160.0,,https://youtu.be/_yJhgZryeTU?t=39
2023,Top 64,471,3164,1,trapzone,No,Tap,625627,152.0,,,562947.0,133.0,,,,,Natural,18,39 KSx2,Yes,62680.0,,https://youtu.be/_yJhgZryeTU?t=39
2023,Top 64,471,3165,2,Redshurt,Yes,Roll,203300,54.0,203300.0,54.0,,,,,,,Intentional,18,39 KSx2,Yes,,,https://youtu.be/_yJhgZryeTU?t=526
2023,Top 64,471,3166,2,trapzone,No,Tap,194232,43.0,,,,,,,,,Natural,18,39 KSx2,Yes,,,https://youtu.be/_yJhgZryeTU?t=526
2023,Top 64,471,3167,3,Redshurt,Yes,Roll,90440,37.0,90440.0,37.0,,,,,,,Intentional,18,39 KSx2,Yes,,,https://youtu.be/_yJhgZryeTU?t=682
2023,Top 64,471,3168,3,trapzone,No,Tap,78291,20.0,,,,,,,,,Natural,18,39 KSx2,Yes,,,https://youtu.be/_yJhgZryeTU?t=682
2023,Top 64,472,3169,1,HydrantDude,Yes,Roll,655400,190.0,655400.0,190.0,524060.0,130.0,,,,,Intentional,18,39 KSx2,Yes,131340.0,,https://youtu.be/_yJhgZryeTU?t=39
2023,Top 64,472,3170,1,Sharky,No,DAS,632161,174.0,,,500811.0,131.0,,,,,Natural,18,39 KSx2,Yes,131350.0,,https://youtu.be/_yJhgZryeTU?t=39
2023,Top 64,472,3171,2,HydrantDude,No,Roll,69920,14.0,,,,,,,,,Natural,18,39 KSx2,Yes,,,https://youtu.be/_yJhgZryeTU?t=526
2023,Top 64,472,3172,2,Sharky,Yes,DAS,71202,36.0,71202.0,36.0,,,,,,,Intentional,18,39 KSx2,Yes,,,https://youtu.be/_yJhgZryeTU?t=526
2023,Top 64,472,3173,3,HydrantDude,Yes,Roll,764420,224.0,764420.0,224.0,335960.0,130.0,,,,,Intentional,18,39 KSx2,Yes,428460.0,,https://youtu.be/_yJhgZryeTU?t=682
2023,Top 64,472,3174,3,Sharky,No,DAS,762007,188.0,,,538203.0,130.0,,,,,Natural,18,39 KSx2,Yes,223804.0,,https://youtu.be/_yJhgZryeTU?t=682
2023,Top 64,472,3175,4,HydrantDude,No,Roll,109060,33.0,,,,,,,,,Natural,18,39 KSx2,Yes,,,https://youtu.be/_yJhgZryeTU?t=1206
2023,Top 64,472,3176,4,Sharky,Yes,DAS,176481,44.0,176481.0,44.0,,,,,,,Intentional,18,39 KSx2,Yes,,,https://youtu.be/_yJhgZryeTU?t=1206
2023,Top 64,472,3177,5,HydrantDude,No,Roll,1010920,227.0,,,584880.0,133.0,,,,,Natural,18,39 KSx2,Yes,426040.0,,https://youtu.be/_yJhgZryeTU?t=1345
2023,Top 64,472,3178,5,Sharky,Yes,DAS,1042825,234.0,1042825.0,234.0,547896.0,133.0,1037425.0,230.0,,,Natural,18,39 KSx2,Yes,489529.0,5400.0,https://youtu.be/_yJhgZryeTU?t=1345
2023,Top 64,473,3179,1,Xenophilius,Yes,Roll,202540,57.0,202540.0,57.0,,,,,,,Intentional,18,39 KSx2,Yes,,,https://youtu.be/QCnPPSQI-dg?t=12
2023,Top 64,473,3180,1,Oscar Godinez,No,Roll,185060,35.0,,,,,,,,,Natural,18,39 KSx2,Yes,,,https://youtu.be/QCnPPSQI-dg?t=12
2023,Top 64,473,3181,2,Xenophilius,Yes,Roll,832880,172.0,832880.0,172.0,657460.0,130.0,,,,,Intentional,18,39 KSx2,Yes,175420.0,,https://youtu.be/QCnPPSQI-dg?t=182
2023,Top 64,473,3182,2,Oscar Godinez,No,Roll,595220,160.0,,,519880.0,130.0,,,,,Natural,18,39 KSx2,Yes,75340.0,,https://youtu.be/QCnPPSQI-dg?t=182
2023,Top 64,473,3183,3,Xenophilius,No,Roll,748340,227.0,,,405900.0,131.0,,,,,Natural,18,39 KSx2,Yes,342440.0,,https://youtu.be/QCnPPSQI-dg?t=631
2023,Top 64,473,3184,3,Oscar Godinez,Yes,Roll,900220,218.0,900220.0,218.0,548260.0,132.0,,,,,Intentional,18,39 KSx2,Yes,351960.0,,https://youtu.be/QCnPPSQI-dg?t=631
2023,Top 64,473,3185,4,Xenophilius,Yes,Roll,663700,148.0,663700.0,148.0,586400.0,133.0,,,,,Intentional,18,39 KSx2,Yes,77300.0,,https://youtu.be/QCnPPSQI-dg?t=1186
2023,Top 64,473,3186,4,Oscar Godinez,No,Roll,448520,132.0,,,446920.0,130.0,,,,,Natural,18,39 KSx2,Yes,1600.0,,https://youtu.be/QCnPPSQI-dg?t=1186
2023,Top 64,474,3187,1,Cobalt,Yes,Roll,966800,226.0,966800.0,226.0,564740.0,132.0,,,,,Intentional,18,39 KSx2,Yes,402060.0,,https://youtu.be/QCnPPSQI-dg?t=12
2023,Top 64,474,3188,1,Coal,No,Roll,647080,223.0,,,373220.0,130.0,,,,,Natural,18,39 KSx2,Yes,273860.0,,https://youtu.be/QCnPPSQI-dg?t=12
2023,Top 64,474,3189,2,Cobalt,Yes,Roll,1005480,247.0,977140.0,234.0,508160.0,131.0,971740.0,230.0,,,Intentional,18,39 KSx2,Yes,463580.0,33740.0,https://youtu.be/QCnPPSQI-dg?t=577
2023,Top 64,474,3190,2,Coal,No,Roll,903940,230.0,,,448080.0,133.0,903940.0,230.0,,,Natural,18,39 KSx2,Yes,455860.0,0.0,https://youtu.be/QCnPPSQI-dg?t=577
2023,Top 64,474,3191,3,Cobalt,Yes,Roll,397860,105.0,397860.0,105.0,,,,,,,Intentional,18,39 KSx2,Yes,,,https://youtu.be/QCnPPSQI-dg?t=1216
2023,Top 64,474,3192,3,Coal,No,Roll,266000,103.0,,,,,,,,,Natural,18,39 KSx2,Yes,,,https://youtu.be/QCnPPSQI-dg?t=1216
2023,Top 64,475,3193,1,Eren,Yes,Tap,1064040,232.0,1064040.0,232.0,468220.0,133.0,1061640.0,230.0,,,Natural,18,39 KSx2,Yes,593420.0,2400.0,https://youtu.be/WeelmDeVSkA?t=36
2023,Top 64,475,3194,1,Hepps,No,Roll,925380,232.0,,,440860.0,132.0,922980.0,230.0,,,Natural,18,39 KSx2,Yes,482120.0,2400.0,https://youtu.be/WeelmDeVSkA?t=36
2023,Top 64,475,3195,2,Eren,No,Tap,934440,235.0,,,522560.0,132.0,932040.0,233.0,,,Natural,18,39 KSx2,Yes,409480.0,2400.0,https://youtu.be/WeelmDeVSkA?t=625
2023,Top 64,475,3196,2,Hepps,Yes,Roll,938360,246.0,938360.0,246.0,454540.0,132.0,914480.0,232.0,,,Intentional,18,39 KSx2,Yes,459940.0,23880.0,https://youtu.be/WeelmDeVSkA?t=625
2023,Top 64,475,3197,3,Eren,Yes,Tap,1059200,233.0,1059200.0,233.0,616040.0,131.0,1055600.0,230.0,,,Natural,18,39 KSx2,Yes,439560.0,3600.0,https://youtu.be/WeelmDeVSkA?t=1206
2023,Top 64,475,3198,3,Hepps,No,Roll,980480,233.0,,,600840.0,131.0,971480.0,230.0,,,Natural,18,39 KSx2,Yes,370640.0,9000.0,https://youtu.be/WeelmDeVSkA?t=1206
2023,Top 64,475,3199,4,Eren,No,Tap,749180,196.0,,,485680.0,130.0,,,,,Natural,18,39 KSx2,Yes,263500.0,,https://youtu.be/WeelmDeVSkA?t=1770
2023,Top 64,475,3200,4,Hepps,Yes,Roll,898980,201.0,898980.0,201.0,579800.0,131.0,,,,,Intentional,18,39 KSx2,Yes,319180.0,,https://youtu.be/WeelmDeVSkA?t=1770
2023,Top 64,475,3201,5,Eren,Yes,Tap,304760,78.0,304760.0,78.0,,,,,,,Intentional,18,39 KSx2,Yes,,,https://youtu.be/WeelmDeVSkA?t=2422
2023,Top 64,475,3202,5,Hepps,No,Roll,302860,72.0,,,,,,,,,Natural,18,39 KSx2,Yes,,,https://youtu.be/WeelmDeVSkA?t=2422
2023,Top 64,476,3203,1,atkoster,No,Tap,1115760,230.0,,,576140.0,130.0,1115760.0,230.0,,,Natural,18,39 KSx2,Yes,539620.0,0.0,https://youtu.be/WeelmDeVSkA?t=36
2023,Top 64,476,3204,1,EricICX,Yes,Roll,1125280,243.0,1125280.0,243.0,598560.0,132.0,1078320.0,230.0,,,Natural,18,39 KSx2,Yes,479760.0,46960.0,https://youtu.be/WeelmDeVSkA?t=36
2023,Top 64,476,3205,2,atkoster,Yes,Tap,794260,196.0,,,585640.0,131.0,,,,,Intentional,18,39 KSx2,Yes,208620.0,,https://youtu.be/WeelmDeVSkA?t=625
2023,Top 64,476,3206,2,EricICX,No,Roll,642620,192.0,,,495580.0,131.0,,,,,Natural,18,39 KSx2,Yes,147040.0,,https://youtu.be/WeelmDeVSkA?t=625
2023,Top 64,476,3207,3,atkoster,Yes,Tap,934540,210.0,934540.0,210.0,527120.0,132.0,,,,,Intentional,18,39 KSx2,Yes,407420.0,,https://youtu.be/WeelmDeVSkA?t=1206
2023,Top 64,476,3208,3,EricICX,No,Roll,801000,197.0,,,563600.0,133.0,,,,,Natural,18,39 KSx2,Yes,237400.0,,https://youtu.be/WeelmDeVSkA?t=1206
2023,Top 64,476,3209,4,atkoster,No,Tap,1006260,230.0,,,578400.0,130.0,1006260.0,230.0,,,Natural,18,39 KSx2,Yes,427860.0,0.0,https://youtu.be/WeelmDeVSkA?t=1821
2023,Top 64,476,3210,4,EricICX,Yes,Roll,1020480,233.0,1020480.0,233.0,603880.0,131.0,1016880.0,230.0,,,Natural,18,39 KSx2,Yes,413000.0,3600.0,https://youtu.be/WeelmDeVSkA?t=1821
2023,Top 64,476,3211,5,atkoster,Yes,Tap,1026620,238.0,1026620.0,238.0,495200.0,133.0,985220.0,230.0,,,Natural,18,39 KSx2,Yes,490020.0,41400.0,https://youtu.be/WeelmDeVSkA?t=2422
2023,Top 64,476,3212,5,EricICX,No,Roll,807380,234.0,,,503180.0,130.0,801980.0,230.0,,,Natural,18,39 KSx2,Yes,298800.0,5400.0,https://youtu.be/WeelmDeVSkA?t=2422
2023,Top 64,477,3213,1,Id_Kirby,No,Tap,500460,110.0,,,,,,,,,Natural,18,39 KSx2,Yes,,,https://youtu.be/-TejjDNezOg?t=12
2023,Top 64,477,3214,1,rens,Yes,Roll,512940,139.0,512940.0,139.0,484540.0,130.0,,,,,Intentional,18,39 KSx2,Yes,28400.0,,https://youtu.be/-TejjDNezOg?t=12
2023,Top 64,477,3215,2,Id_Kirby,Yes,Tap,933860,234.0,933860.0,234.0,460220.0,130.0,930260.0,231.0,,,Natural,18,39 KSx2,Yes,470040.0,3600.0,https://youtu.be/-TejjDNezOg?t=394
2023,Top 64,477,3216,2,rens,No,Roll,786680,244.0,,,403620.0,133.0,772660.0,233.0,,,Natural,18,39 KSx2,Yes,369040.0,14020.0,https://youtu.be/-TejjDNezOg?t=394
2023,Top 64,477,3217,3,Id_Kirby,No,Tap,949320,236.0,,,413500.0,132.0,941520.0,230.0,,,Natural,18,39 KSx2,Yes,528020.0,7800.0,https://youtu.be/-TejjDNezOg?t=967
2023,Top 64,477,3218,3,rens,Yes,Roll,1013740,233.0,977740.0,229.0,523700.0,133.0,,,,,Aggressive,18,39 KSx2,Yes,,,https://youtu.be/-TejjDNezOg?t=967
2023,Top 64,477,3219,4,Id_Kirby,No,Tap,1002040,233.0,,,633500.0,130.0,997840.0,230.0,,,Natural,18,39 KSx2,Yes,364340.0,4200.0,https://youtu.be/-TejjDNezOg?t=1547
2023,Top 64,477,3220,4,rens,Yes,Roll,1044600,243.0,1044600.0,243.0,529780.0,132.0,1031840.0,233.0,,,Natural,18,39 KSx2,Yes,502060.0,12760.0,https://youtu.be/-TejjDNezOg?t=1547
2023,Top 64,478,3221,1,TetrisTime,Yes,Tap,1028700,214.0,1028700.0,214.0,596260.0,130.0,,,,,Natural,18,39 KSx2,Yes,432440.0,,https://youtu.be/-TejjDNezOg?t=12
2023,Top 64,478,3222,1,KofiOW,No,Tap,861260,224.0,,,521040.0,133.0,,,,,Natural,18,39 KSx2,Yes,340220.0,,https://youtu.be/-TejjDNezOg?t=12
2023,Top 64,478,3223,2,TetrisTime,Yes,Tap,1004520,228.0,1004520.0,228.0,595120.0,130.0,,,,,Natural,18,39 KSx2,Yes,409400.0,,https://youtu.be/-TejjDNezOg?t=572
2023,Top 64,478,3224,2,KofiOW,No,Tap,922180,229.0,,,578420.0,132.0,,,,,Natural,18,39 KSx2,Yes,343760.0,,https://youtu.be/-TejjDNezOg?t=572
2023,Top 64,478,3225,3,TetrisTime,Yes,Tap,914260,230.0,,,506600.0,133.0,914260.0,230.0,,,Natural,18,39 KSx2,Yes,407660.0,0.0,https://youtu.be/-TejjDNezOg?t=1156
2023,Top 64,478,3226,3,KofiOW,No,Tap,885400,233.0,,,462560.0,131.0,885400.0,233.0,,,Natural,18,39 KSx2,Yes,422840.0,0.0,https://youtu.be/-TejjDNezOg?t=1156
2023,Top 64,479,3227,1,DaAsiann,Yes,Roll,1019240,243.0,1019240.0,243.0,601220.0,131.0,970520.0,230.0,,,Natural,18,39 KSx2,Yes,369300.0,48720.0,https://youtu.be/94btlHRkO1U?t=11
2023,Top 64,479,3228,1,AnselTetris,No,Roll,858400,232.0,,,578800.0,133.0,857200.0,231.0,,,Natural,18,39 KSx2,Yes,278400.0,1200.0,https://youtu.be/94btlHRkO1U?t=11
2023,Top 64,479,3229,2,DaAsiann,No,Roll,445620,135.0,,,442420.0,131.0,,,,,Natural,18,39 KSx2,Yes,3200.0,,https://youtu.be/94btlHRkO1U?t=575
2023,Top 64,479,3230,2,AnselTetris,Yes,Roll,512960,138.0,512960.0,138.0,485360.0,130.0,,,,,Intentional,18,39 KSx2,Yes,27600.0,,https://youtu.be/94btlHRkO1U?t=575
2023,Top 64,479,3231,3,DaAsiann,Yes,Roll,945380,244.0,945380.0,244.0,527500.0,133.0,922180.0,230.0,,,Natural,18,39 KSx2,Yes,394680.0,23200.0,https://youtu.be/94btlHRkO1U?t=961
2023,Top 64,479,3232,3,AnselTetris,No,Roll,894240,240.0,,,443140.0,131.0,885200.0,233.0,,,Natural,18,39 KSx2,Yes,442060.0,9040.0,https://youtu.be/94btlHRkO1U?t=961
2023,Top 64,479,3233,4,DaAsiann,Yes,Roll,1045792,331.0,1037112.0,326.0,430232.0,133.0,851252.0,232.0,1045792.0,331.0,Natural,18,39 KSx2,Yes,421020.0,194540.0,https://youtu.be/94btlHRkO1U?t=1591
2023,Top 64,479,3234,4,AnselTetris,No,Roll,1036680,231.0,,,584120.0,133.0,1036680.0,231.0,,,Natural,18,39 KSx2,Yes,452560.0,0.0,https://youtu.be/94btlHRkO1U?t=1591
2023,Top 64,480,3235,1,KunfusingPoke,Yes,Roll,1048440,240.0,1048440.0,240.0,538900.0,132.0,1039400.0,233.0,,,Natural,18,39 KSx2,Yes,500500.0,9040.0,https://youtu.be/94btlHRkO1U?t=11
2023,Top 64,480,3236,1,Matt Martin,No,DAS,901033,231.0,,,471411.0,130.0,899833.0,230.0,,,Natural,18,39 KSx2,Yes,428422.0,1200.0,https://youtu.be/94btlHRkO1U?t=11
2023,Top 64,480,3237,2,KunfusingPoke,Yes,Roll,805740,157.0,805740.0,157.0,674940.0,132.0,,,,,Intentional,18,39 KSx2,Yes,130800.0,,https://youtu.be/94btlHRkO1U?t=575
2023,Top 64,480,3238,2,Matt Martin,No,DAS,623941,149.0,,,603881.0,131.0,,,,,Natural,18,39 KSx2,Yes,20060.0,,https://youtu.be/94btlHRkO1U?t=575
2023,Top 64,480,3239,3,KunfusingPoke,No,Roll,17100,17.0,,,,,,,,,Natural,18,39 KSx2,Yes,,,https://youtu.be/94btlHRkO1U?t=1030
2023,Top 64,480,3240,3,Matt Martin,Yes,DAS,96140,22.0,96140.0,22.0,,,,,,,Intentional,18,39 KSx2,Yes,,,https://youtu.be/94btlHRkO1U?t=1030
2023,Top 64,480,3241,4,KunfusingPoke,Yes,Roll,610520,168.0,610520.0,168.0,463640.0,130.0,,,,,Intentional,18,39 KSx2,Yes,146880.0,,https://youtu.be/94btlHRkO1U?t=1154
2023,Top 64,480,3242,4,Matt Martin,No,DAS,517245,156.0,,,444285.0,130.0,,,,,Natural,18,39 KSx2,Yes,72960.0,,https://youtu.be/94btlHRkO1U?t=1154
2023,Top 64,481,3243,1,WallBant,Yes,Roll,488685,120.0,488685.0,120.0,,,,,,,Intentional,18,39 KSx2,Yes,,,https://youtu.be/DwxN5CIUPGs?t=11
2023,Top 64,481,3244,1,B14NK,No,Roll,482600,109.0,,,,,,,,,Natural,18,39 KSx2,Yes,,,https://youtu.be/DwxN5CIUPGs?t=11
2023,Top 64,481,3245,2,WallBant,Yes,Roll,834085,196.0,834085.0,196.0,576525.0,130.0,,,,,Intentional,18,39 KSx2,Yes,257560.0,,https://youtu.be/DwxN5CIUPGs?t=381
2023,Top 64,481,3246,2,B14NK,No,Roll,728880,186.0,,,467840.0,131.0,,,,,Natural,18,39 KSx2,Yes,261040.0,,https://youtu.be/DwxN5CIUPGs?t=381
2023,Top 64,481,3247,3,WallBant,Yes,Roll,967045,239.0,967045.0,239.0,412405.0,130.0,956845.0,232.0,,,Natural,18,39 KSx2,Yes,544440.0,10200.0,https://youtu.be/DwxN5CIUPGs?t=963
2023,Top 64,481,3248,3,B14NK,No,Roll,907120,240.0,,,518760.0,130.0,896880.0,232.0,,,Natural,18,39 KSx2,Yes,378120.0,10240.0,https://youtu.be/DwxN5CIUPGs?t=963
2023,Top 64,482,3249,1,Pokenerd,Yes,Roll,555200,141.0,555200.0,141.0,525600.0,132.0,,,,,Intentional,18,39 KSx2,Yes,29600.0,,https://youtu.be/DwxN5CIUPGs?t=11
2023,Top 64,482,3250,1,Draco,No,Tap,372527,134.0,,,368927.0,130.0,,,,,Natural,18,39 KSx2,Yes,3600.0,,https://youtu.be/DwxN5CIUPGs?t=11
2023,Top 64,482,3251,2,Pokenerd,Yes,Roll,892060,245.0,892060.0,245.0,467840.0,131.0,872560.0,230.0,,,Natural,18,39 KSx2,Yes,404720.0,19500.0,https://youtu.be/DwxN5CIUPGs?t=381
2023,Top 64,482,3252,2,Draco,No,Tap,868160,227.0,,,430840.0,131.0,,,,,Natural,18,39 KSx2,Yes,437320.0,,https://youtu.be/DwxN5CIUPGs?t=381
2023,Top 64,482,3253,3,Pokenerd,Yes,Roll,324520,97.0,324520.0,97.0,,,,,,,Intentional,18,39 KSx2,Yes,,,https://youtu.be/DwxN5CIUPGs?t=963
2023,Top 64,482,3254,3,Draco,No,Tap,224802,83.0,,,,,,,,,Natural,18,39 KSx2,Yes,,,https://youtu.be/DwxN5CIUPGs?t=963
2023,Top 32,483,3255,1,Fractal,Yes,Roll,1040220,216.0,1040220.0,216.0,621360.0,133.0,,,,,Intentional,18,39 KSx2,Yes,418860.0,,https://youtu.be/J4yXhVRXyqo?t=51
2023,Top 32,483,3256,1,Sharky,No,DAS,854943,213.0,,,566900.0,133.0,,,,,Natural,18,39 KSx2,Yes,288043.0,,https://youtu.be/J4yXhVRXyqo?t=51
2023,Top 32,483,3257,2,Fractal,Yes,Roll,999400,224.0,964600.0,220.0,522560.0,132.0,,,,,Intentional,18,39 KSx2,Yes,476840.0,,https://youtu.be/J4yXhVRXyqo?t=592
2023,Top 32,483,3258,2,Sharky,No,DAS,962250,230.0,,,540724.0,130.0,962250.0,230.0,,,Natural,18,39 KSx2,Yes,421526.0,0.0,https://youtu.be/J4yXhVRXyqo?t=592
2023,Top 32,483,3259,3,Fractal,Yes,Roll,91200,16.0,91200.0,16.0,,,,,,,Intentional,18,39 KSx2,Yes,,,https://youtu.be/J4yXhVRXyqo?t=1128
2023,Top 32,483,3260,3,Sharky,No,DAS,51714,15.0,,,,,,,,,Natural,18,39 KSx2,Yes,,,https://youtu.be/J4yXhVRXyqo?t=1128
2023,Top 32,484,3261,1,PixelAndy,Yes,Roll,1092380,240.0,1092380.0,240.0,530540.0,130.0,1075540.0,231.0,,,Intentional,18,39 KSx2,Yes,545000.0,16840.0,https://youtu.be/J4yXhVRXyqo?t=51
2023,Top 32,484,3262,1,armstrong,No,Roll,905660,231.0,,,560600.0,131.0,904460.0,230.0,,,Natural,18,39 KSx2,Yes,343860.0,1200.0,https://youtu.be/J4yXhVRXyqo?t=51
2023,Top 32,484,3263,2,PixelAndy,Yes,Roll,623720,165.0,623720.0,165.0,560180.0,130.0,,,,,Intentional,18,39 KSx2,Yes,63540.0,,https://youtu.be/J4yXhVRXyqo?t=592
2023,Top 32,484,3264,2,armstrong,No,Roll,605960,154.0,,,565880.0,133.0,,,,,Natural,18,39 KSx2,Yes,40080.0,,https://youtu.be/J4yXhVRXyqo?t=592
2023,Top 32,484,3265,3,PixelAndy,Yes,Roll,1051620,250.0,1051620.0,250.0,505060.0,130.0,992940.0,230.0,,,Intentional,18,39 KSx2,Yes,487880.0,58680.0,https://youtu.be/J4yXhVRXyqo?t=1128
2023,Top 32,484,3266,3,armstrong,No,Roll,952660,239.0,,,465180.0,132.0,944260.0,233.0,,,Natural,18,39 KSx2,Yes,479080.0,8400.0,https://youtu.be/J4yXhVRXyqo?t=1128
2023,Top 32,485,3267,1,iBall,No,Roll,993800,233.0,,,562840.0,133.0,991400.0,231.0,,,Natural,18,39 KSx2,Yes,428560.0,2400.0,https://youtu.be/JGF31p_AIZo?t=10
2023,Top 32,485,3268,1,DMJ,Yes,Roll,1093180,239.0,1093180.0,239.0,617560.0,133.0,1050580.0,230.0,,,Intentional,18,39 KSx2,Yes,433020.0,42600.0,https://youtu.be/JGF31p_AIZo?t=10
2023,Top 32,485,3269,2,iBall,Yes,Roll,1184000,276.0,1184000.0,276.0,507740.0,132.0,1055800.0,231.0,,,Intentional,18,39 KSx2,Yes,548060.0,128200.0,https://youtu.be/JGF31p_AIZo?t=603
2023,Top 32,485,3270,2,DMJ,No,Roll,1047480,262.0,,,518360.0,130.0,1009820.0,233.0,,,Natural,18,39 KSx2,Yes,491460.0,37660.0,https://youtu.be/JGF31p_AIZo?t=603
2023,Top 32,485,3271,3,iBall,Yes,Roll,1177840,245.0,1177840.0,245.0,563980.0,130.0,1152220.0,230.0,,,Intentional,18,39 KSx2,Yes,588240.0,25620.0,https://youtu.be/JGF31p_AIZo?t=1244
2023,Top 32,485,3272,3,DMJ,No,Roll,805780,223.0,,,487980.0,133.0,,,,,Natural,18,39 KSx2,Yes,317800.0,,https://youtu.be/JGF31p_AIZo?t=1244
2023,Top 32,485,3273,4,iBall,Yes,Roll,1126320,241.0,,,581840.0,133.0,1085440.0,233.0,,,Natural,18,39 KSx2,Yes,503600.0,40880.0,https://youtu.be/JGF31p_AIZo?t=1821
2023,Top 32,485,3274,4,DMJ,No,Roll,766060,241.0,,,329500.0,130.0,746180.0,230.0,,,Natural,18,39 KSx2,Yes,416680.0,19880.0,https://youtu.be/JGF31p_AIZo?t=1821
2023,Top 32,486,3275,1,DanV,Yes,Roll,1004300,280.0,1004300.0,280.0,634280.0,130.0,930780.0,231.0,,,Natural,18,39 KSx2,Yes,296500.0,73520.0,https://youtu.be/JGF31p_AIZo?t=44
2023,Top 32,486,3276,1,doge,No,Roll,1001020,277.0,,,595120.0,130.0,929140.0,230.0,,,Natural,18,39 KSx2,Yes,334020.0,71880.0,https://youtu.be/JGF31p_AIZo?t=44
2023,Top 32,486,3277,2,DanV,Yes,Roll,606780,140.0,606780.0,140.0,555980.0,130.0,,,,,Intentional,18,39 KSx2,Yes,50800.0,,https://youtu.be/JGF31p_AIZo?t=683
2023,Top 32,486,3278,2,doge,No,Roll,467160,132.0,,,465160.0,130.0,,,,,Natural,18,39 KSx2,Yes,2000.0,,https://youtu.be/JGF31p_AIZo?t=683
2023,Top 32,486,3279,3,DanV,No,Roll,1144340,275.0,,,548780.0,132.0,1086720.0,233.0,,,Natural,18,39 KSx2,Yes,537940.0,57620.0,https://youtu.be/JGF31p_AIZo?t=1073
2023,Top 32,486,3280,3,doge,Yes,Roll,1265500,248.0,1265500.0,248.0,530920.0,133.0,1181840.0,232.0,,,Natural,18,39 KSx2,Yes,650920.0,83660.0,https://youtu.be/JGF31p_AIZo?t=1073
2023,Top 32,486,3281,4,DanV,No,Roll,992680,245.0,,,467440.0,130.0,968840.0,231.0,,,Natural,18,39 KSx2,Yes,501400.0,23840.0,https://youtu.be/JGF31p_AIZo?t=1728
2023,Top 32,486,3282,4,doge,Yes,Roll,1109933,252.0,,,495973.0,131.0,1042793.0,230.0,,,Intentional,18,39 KSx2,Yes,546820.0,67140.0,https://youtu.be/JGF31p_AIZo?t=1728
2023,Top 32,486,3283,5,DanV,No,Roll,940600,269.0,,,486820.0,130.0,820420.0,231.0,,,Natural,18,39 KSx2,Yes,333600.0,120180.0,https://youtu.be/JGF31p_AIZo?t=2357
2023,Top 32,486,3284,5,doge,Yes,Roll,1023360,275.0,1023360.0,275.0,489880.0,133.0,920520.0,232.0,,,Intentional,18,39 KSx2,Yes,430640.0,102840.0,https://youtu.be/JGF31p_AIZo?t=2357
2023,Top 32,487,3285,1,SV,Yes,Roll,1139940,245.0,,,655180.0,130.0,1117480.0,232.0,,,Natural,18,39 KSx2,Yes,462300.0,22460.0,https://youtu.be/0pEu4LMEO00?t=10
2023,Top 32,487,3286,1,Cobalt,No,Roll,1067920,238.0,,,519760.0,130.0,1058920.0,231.0,,,Natural,18,39 KSx2,Yes,539160.0,9000.0,https://youtu.be/0pEu4LMEO00?t=10
2023,Top 32,487,3287,2,SV,Yes,Roll,1228960,262.0,1228960.0,262.0,598180.0,132.0,1145660.0,231.0,,,Natural,18,39 KSx2,Yes,547480.0,83300.0,https://youtu.be/0pEu4LMEO00?t=581
2023,Top 32,487,3288,2,Cobalt,No,Roll,1113300,238.0,,,541920.0,130.0,1104900.0,232.0,,,Natural,18,39 KSx2,Yes,562980.0,8400.0,https://youtu.be/0pEu4LMEO00?t=581
2023,Top 32,487,3289,3,SV,Yes,Roll,1102260,277.0,1061460.0,273.0,453000.0,130.0,964600.0,233.0,,,Intentional,18,39 KSx2,Yes,511600.0,137660.0,https://youtu.be/0pEu4LMEO00?t=1151
2023,Top 32,487,3290,3,Cobalt,No,Roll,962780,251.0,,,521080.0,131.0,938760.0,232.0,,,Natural,18,39 KSx2,Yes,417680.0,24020.0,https://youtu.be/0pEu4LMEO00?t=1151
2023,Top 32,488,3291,1,dogplayingtetris,Yes,Roll,1118940,245.0,1118940.0,245.0,600080.0,132.0,1092820.0,230.0,,,Intentional,18,39 KSx2,Yes,492740.0,26120.0,https://youtu.be/0pEu4LMEO00?t=10
2023,Top 32,488,3292,1,Xenophilius,No,Roll,1062380,238.0,,,655560.0,131.0,,,,,Natural,18,39 KSx2,Yes,,,https://youtu.be/0pEu4LMEO00?t=10
2023,Top 32,488,3293,2,dogplayingtetris,Yes,Roll,718000,174.0,718000.0,174.0,536100.0,130.0,,,,,Intentional,18,39 KSx2,Yes,181900.0,,https://youtu.be/0pEu4LMEO00?t=581
2023,Top 32,488,3294,2,Xenophilius,No,Roll,653760,162.0,,,557120.0,130.0,,,,,Natural,18,39 KSx2,Yes,96640.0,,https://youtu.be/0pEu4LMEO00?t=581
2023,Top 32,488,3295,3,dogplayingtetris,Yes,Roll,728180,177.0,728180.0,177.0,504700.0,133.0,,,,,Intentional,18,39 KSx2,Yes,223480.0,,https://youtu.be/0pEu4LMEO00?t=1151
2023,Top 32,488,3296,3,Xenophilius,No,Roll,675060,174.0,,,562080.0,132.0,,,,,Natural,18,39 KSx2,Yes,112980.0,,https://youtu.be/0pEu4LMEO00?t=1151
2023,Top 32,489,3297,1,theDengler,Yes,Roll,58140,19.0,58140.0,19.0,,,,,,,Intentional,18,39 KSx2,Yes,,,https://youtu.be/3ag4T5avNm8?t=16
2023,Top 32,489,3298,1,Redshurt,No,Roll,25080,7.0,,,,,,,,,Natural,18,39 KSx2,Yes,,,https://youtu.be/3ag4T5avNm8?t=16
2023,Top 32,489,3299,2,theDengler,Yes,Roll,665100,162.0,656000.0,157.0,541560.0,131.0,,,,,Intentional,18,39 KSx2,Yes,123540.0,,https://youtu.be/3ag4T5avNm8?t=98
2023,Top 32,489,3300,2,Redshurt,No,Roll,654500,143.0,,,624020.0,133.0,,,,,Natural,18,39 KSx2,Yes,30480.0,,https://youtu.be/3ag4T5avNm8?t=98
2023,Top 32,489,3301,3,theDengler,No,Roll,343900,83.0,,,,,,,,,Natural,18,39 KSx2,Yes,,,https://youtu.be/3ag4T5avNm8?t=517
2023,Top 32,489,3302,3,Redshurt,Yes,Roll,355300,128.0,355300.0,128.0,,,,,,,Intentional,18,39 KSx2,Yes,,,https://youtu.be/3ag4T5avNm8?t=517
2023,Top 32,489,3303,4,theDengler,Yes,Roll,659920,161.0,632320.0,157.0,519140.0,130.0,,,,,Intentional,18,39 KSx2,Yes,140780.0,,https://youtu.be/3ag4T5avNm8?t=844
2023,Top 32,489,3304,4,Redshurt,No,Roll,586760,149.0,,,545340.0,130.0,,,,,Natural,18,39 KSx2,Yes,41420.0,,https://youtu.be/3ag4T5avNm8?t=844
2023,Top 32,490,3305,1,Rhubarb,Yes,Roll,681060,187.0,681060.0,187.0,600460.0,132.0,,,,,Intentional,18,39 KSx2,Yes,80600.0,,https://youtu.be/3ag4T5avNm8?t=16
2023,Top 32,490,3306,1,jerpi,No,Roll,669281,161.0,,,578801.0,132.0,,,,,Natural,18,39 KSx2,Yes,90480.0,,https://youtu.be/3ag4T5avNm8?t=16
2023,Top 32,490,3307,2,Rhubarb,Yes,Roll,655380,183.0,655380.0,183.0,536980.0,130.0,,,,,Intentional,18,39 KSx2,Yes,118400.0,,https://youtu.be/3ag4T5avNm8?t=487
2023,Top 32,490,3308,2,jerpi,No,Roll,627461,143.0,,,616041.0,130.0,,,,,Natural,18,39 KSx2,Yes,11420.0,,https://youtu.be/3ag4T5avNm8?t=487
2023,Top 32,490,3309,3,Rhubarb,No,Roll,991380,278.0,,,580940.0,132.0,920480.0,231.0,,,Natural,18,39 KSx2,Yes,339540.0,70900.0,https://youtu.be/3ag4T5avNm8?t=957
2023,Top 32,490,3310,3,jerpi,Yes,Roll,1005923,230.0,1005923.0,230.0,546103.0,130.0,1005923.0,230.0,,,Natural,18,39 KSx2,Yes,459820.0,0.0,https://youtu.be/3ag4T5avNm8?t=957
2023,Top 32,490,3311,4,Rhubarb,Yes,Roll,1119320,250.0,,,505080.0,133.0,1091600.0,233.0,,,Natural,18,39 KSx2,Yes,586520.0,27720.0,https://youtu.be/3ag4T5avNm8?t=1580
2023,Top 32,490,3312,4,jerpi,No,Roll,1101121,238.0,,,654801.0,131.0,1090321.0,230.0,,,Natural,18,39 KSx2,Yes,435520.0,10800.0,https://youtu.be/3ag4T5avNm8?t=1580
2023,Top 32,491,3313,1,Sidnev,Yes,Roll,1146581,245.0,1146581.0,245.0,555281.0,130.0,1096101.0,231.0,,,Intentional,18,39 KSx2,Yes,540820.0,50480.0,https://youtu.be/DBsaelet3VM?t=23
2023,Top 32,491,3314,1,TetrisTime,No,Tap,923180,238.0,,,476240.0,131.0,914780.0,232.0,,,Natural,18,39 KSx2,Yes,438540.0,8400.0,https://youtu.be/DBsaelet3VM?t=23
2023,Top 32,491,3315,2,Sidnev,Yes,Roll,95001,21.0,95001.0,21.0,,,,,,,Intentional,18,39 KSx2,Yes,,,https://youtu.be/DBsaelet3VM?t=581
2023,Top 32,491,3316,2,TetrisTime,No,Tap,56240,17.0,,,,,,,,,Natural,18,39 KSx2,Yes,,,https://youtu.be/DBsaelet3VM?t=581
2023,Top 32,491,3317,3,Sidnev,Yes,Roll,1256741,249.0,1256741.0,249.0,520641.0,130.0,1167261.0,233.0,,,Intentional,18,39 KSx2,Yes,646620.0,89480.0,https://youtu.be/DBsaelet3VM?t=715
2023,Top 32,491,3318,3,TetrisTime,No,Tap,1096480,241.0,,,501640.0,130.0,1083800.0,231.0,,,Natural,18,39 KSx2,Yes,582160.0,12680.0,https://youtu.be/DBsaelet3VM?t=715
2023,Top 32,492,3319,1,Alex T,Yes,Roll,642200,166.0,642200.0,166.0,521420.0,131.0,,,,,Intentional,18,39 KSx2,Yes,120780.0,,https://youtu.be/DBsaelet3VM?t=23
2023,Top 32,492,3320,1,rens,No,Roll,607349,165.0,,,468229.0,130.0,,,,,Natural,18,39 KSx2,Yes,139120.0,,https://youtu.be/DBsaelet3VM?t=23
2023,Top 32,492,3321,2,Alex T,Yes,Roll,1202400,250.0,1164000.0,246.0,567020.0,133.0,1106020.0,230.0,,,Intentional,18,39 KSx2,Yes,539000.0,96380.0,https://youtu.be/DBsaelet3VM?t=581
2023,Top 32,492,3322,2,rens,No,Roll,974680,245.0,,,385000.0,133.0,957600.0,232.0,,,Natural,18,39 KSx2,Yes,572600.0,17080.0,https://youtu.be/DBsaelet3VM?t=581
2023,Top 32,492,3323,3,Alex T,Yes,Roll,657300,175.0,657300.0,175.0,546500.0,133.0,,,,,Intentional,18,39 KSx2,Yes,110800.0,,https://youtu.be/DBsaelet3VM?t=1298
2023,Top 32,492,3324,3,rens,No,Roll,629300,158.0,,,560560.0,131.0,,,,,Natural,18,39 KSx2,Yes,68740.0,,https://youtu.be/DBsaelet3VM?t=1298
2023,Top 32,493,3325,1,Opaux,Yes,Roll,1002800,256.0,1001520.0,255.0,595180.0,130.0,970520.0,232.0,,,Intentional,18,39 KSx2,Yes,375340.0,32280.0,https://youtu.be/kEUIVmVk33I?t=18
2023,Top 32,493,3326,1,atkoster,No,Tap,1000280,235.0,,,581840.0,133.0,993080.0,230.0,,,Natural,18,39 KSx2,Yes,411240.0,7200.0,https://youtu.be/kEUIVmVk33I?t=18
2023,Top 32,493,3327,2,Opaux,No,Roll,886800,221.0,,,538500.0,130.0,,,,,Natural,18,39 KSx2,Yes,348300.0,,https://youtu.be/kEUIVmVk33I?t=598
2023,Top 32,493,3328,2,atkoster,Yes,Tap,1085120,227.0,1085120.0,227.0,619460.0,130.0,,,,,Natural,18,39 KSx2,Yes,465660.0,,https://youtu.be/kEUIVmVk33I?t=598
2023,Top 32,493,3329,3,Opaux,Yes,Roll,1051940,216.0,1051940.0,216.0,638840.0,132.0,,,,,Aggressive,18,39 KSx2,Yes,413100.0,,https://youtu.be/kEUIVmVk33I?t=1161
2023,Top 32,493,3330,3,atkoster,No,Tap,985440,214.0,,,523320.0,131.0,,,,,Natural,18,39 KSx2,Yes,462120.0,,https://youtu.be/kEUIVmVk33I?t=1161
2023,Top 32,493,3331,4,Opaux,No,Roll,777200,254.0,,,425320.0,130.0,703020.0,230.0,,,Natural,18,39 KSx2,Yes,277700.0,74180.0,https://youtu.be/kEUIVmVk33I?t=1697
2023,Top 32,493,3332,4,atkoster,Yes,Tap,1081840,241.0,1081840.0,241.0,544260.0,130.0,1036700.0,230.0,,,Natural,18,39 KSx2,Yes,492440.0,45140.0,https://youtu.be/kEUIVmVk33I?t=1697
2023,Top 32,493,3333,5,Opaux,Yes,Roll,644120,151.0,617720.0,147.0,579920.0,130.0,,,,,Intentional,18,39 KSx2,Yes,64200.0,,https://youtu.be/kEUIVmVk33I?t=2315
2023,Top 32,493,3334,5,atkoster,No,Tap,578580,134.0,,,574980.0,130.0,,,,,Natural,18,39 KSx2,Yes,3600.0,,https://youtu.be/kEUIVmVk33I?t=2315
2023,Top 32,494,3335,1,Sodium,No,Roll,920700,245.0,,,472060.0,130.0,900660.0,230.0,,,Natural,18,39 KSx2,Yes,428600.0,20040.0,https://youtu.be/kEUIVmVk33I?t=58
2023,Top 32,494,3336,1,Eren,Yes,Tap,980160,230.0,980160.0,230.0,596280.0,130.0,980160.0,230.0,,,Natural,18,39 KSx2,Yes,383880.0,0.0,https://youtu.be/kEUIVmVk33I?t=58
2023,Top 32,494,3337,2,Sodium,No,Roll,847140,238.0,,,480740.0,130.0,837540.0,231.0,,,Natural,18,39 KSx2,Yes,356800.0,9600.0,https://youtu.be/kEUIVmVk33I?t=652
2023,Top 32,494,3338,2,Eren,Yes,Tap,1062180,247.0,1062180.0,247.0,526360.0,132.0,1043240.0,233.0,,,Natural,18,39 KSx2,Yes,516880.0,18940.0,https://youtu.be/kEUIVmVk33I?t=652
2023,Top 32,494,3339,3,Sodium,Yes,Roll,932760,246.0,930280.0,242.0,599700.0,130.0,909580.0,230.0,,,Intentional,18,39 KSx2,Yes,309880.0,23180.0,https://youtu.be/kEUIVmVk33I?t=1237
2023,Top 32,494,3340,3,Eren,No,Tap,888780,230.0,,,540420.0,130.0,888780.0,230.0,,,Natural,18,39 KSx2,Yes,348360.0,0.0,https://youtu.be/kEUIVmVk33I?t=1237
2023,Top 32,494,3341,4,Sodium,Yes,Roll,1081680,235.0,1081680.0,235.0,581840.0,132.0,1075680.0,231.0,,,Natural,18,39 KSx2,Yes,493840.0,6000.0,https://youtu.be/kEUIVmVk33I?t=1951
2023,Top 32,494,3342,4,Eren,No,Tap,904960,228.0,,,598180.0,133.0,,,,,Natural,18,39 KSx2,Yes,306780.0,,https://youtu.be/kEUIVmVk33I?t=1951
2023,Top 32,494,3343,5,Sodium,No,Roll,660300,183.0,,,544600.0,131.0,,,,,Natural,18,39 KSx2,Yes,115700.0,,https://youtu.be/kEUIVmVk33I?t=2525
2023,Top 32,494,3344,5,Eren,Yes,Tap,663060,206.0,660360.0,204.0,487580.0,130.0,,,,,Intentional,18,39 KSx2,Yes,175480.0,,https://youtu.be/kEUIVmVk33I?t=2525
2023,Top 32,495,3345,1,Blue Scuti,Yes,Roll,1103720,237.0,1103720.0,237.0,635420.0,131.0,1095320.0,231.0,,,Intentional,18,39 KSx2,Yes,459900.0,8400.0,https://youtu.be/fKS1VuROO5k?t=4
2023,Top 32,495,3346,1,DaAsiann,No,Roll,914080,230.0,,,486080.0,132.0,914080.0,230.0,,,Natural,18,39 KSx2,Yes,428000.0,0.0,https://youtu.be/fKS1VuROO5k?t=4
2023,Top 32,495,3347,2,Blue Scuti,No,Roll,1017080,266.0,,,496760.0,131.0,930680.0,231.0,,,Natural,18,39 KSx2,Yes,433920.0,86400.0,https://youtu.be/fKS1VuROO5k?t=560
2023,Top 32,495,3348,2,DaAsiann,Yes,Roll,1092948,255.0,1092948.0,255.0,545748.0,132.0,1053548.0,230.0,,,Natural,18,39 KSx2,Yes,507800.0,39400.0,https://youtu.be/fKS1VuROO5k?t=560
2023,Top 32,495,3349,3,Blue Scuti,Yes,Roll,392160,111.0,392160.0,111.0,,,,,,,Intentional,18,39 KSx2,Yes,,,https://youtu.be/fKS1VuROO5k?t=1167
2023,Top 32,495,3350,3,DaAsiann,No,Roll,292984,114.0,,,,,,,,,Natural,18,39 KSx2,Yes,,,https://youtu.be/fKS1VuROO5k?t=1167
2023,Top 32,495,3351,4,Blue Scuti,Yes,Roll,612260,166.0,612260.0,166.0,559400.0,130.0,,,,,Natural,18,39 KSx2,Yes,52860.0,,https://youtu.be/fKS1VuROO5k?t=1986
2023,Top 32,495,3352,4,DaAsiann,No,Roll,484280,160.0,,,408240.0,131.0,,,,,Natural,18,39 KSx2,Yes,76040.0,,https://youtu.be/fKS1VuROO5k?t=1986
2023,Top 32,496,3353,1,MylesTheGreat,Yes,Roll,747460,194.0,747460.0,194.0,582980.0,130.0,,,,,Intentional,18,39 KSx2,Yes,164480.0,,https://youtu.be/fKS1VuROO5k?t=4
2023,Top 32,496,3354,1,WallBant,No,Roll,745265,154.0,,,636925.0,130.0,,,,,Natural,18,39 KSx2,Yes,108340.0,,https://youtu.be/fKS1VuROO5k?t=4
2023,Top 32,496,3355,2,MylesTheGreat,Yes,Roll,1127240,258.0,1127240.0,258.0,600460.0,131.0,1028420.0,233.0,,,Intentional,18,39 KSx2,Yes,427960.0,98820.0,https://youtu.be/fKS1VuROO5k?t=560
2023,Top 32,496,3356,2,WallBant,No,Roll,1106405,248.0,,,559405.0,130.0,1081405.0,233.0,,,Natural,18,39 KSx2,Yes,522000.0,25000.0,https://youtu.be/fKS1VuROO5k?t=560
2023,Top 32,496,3357,3,MylesTheGreat,No,Roll,1035820,237.0,,,598160.0,130.0,1026220.0,230.0,,,Natural,18,39 KSx2,Yes,428060.0,9600.0,https://youtu.be/fKS1VuROO5k?t=1167
2023,Top 32,496,3358,3,WallBant,Yes,Roll,1049745,246.0,1049745.0,246.0,579565.0,131.0,997385.0,230.0,,,Intentional,18,39 KSx2,Yes,417820.0,52360.0,https://youtu.be/fKS1VuROO5k?t=1167
2023,Top 32,496,3359,4,MylesTheGreat,No,Roll,1164580,308.0,,,511540.0,133.0,903400.0,231.0,,,Natural,18,39 KSx2,Yes,391860.0,261180.0,https://youtu.be/fKS1VuROO5k?t=1731
2023,Top 32,496,3360,4,WallBant,Yes,Roll,1197065,283.0,1197065.0,283.0,546125.0,133.0,1014965.0,230.0,,,Natural,18,39 KSx2,Yes,468840.0,182100.0,https://youtu.be/fKS1VuROO5k?t=1731
2023,Top 32,496,3361,5,MylesTheGreat,Yes,Roll,412680,106.0,412680.0,106.0,,,,,,,Intentional,18,39 KSx2,Yes,,,https://youtu.be/fKS1VuROO5k?t=2406
2023,Top 32,496,3362,5,WallBant,No,Roll,232185,105.0,,,,,,,,,Natural,18,39 KSx2,Yes,,,https://youtu.be/fKS1VuROO5k?t=2406
2023,Top 32,497,3363,1,Brighton,Yes,Roll,784592,208.0,784592.0,208.0,511212.0,133.0,,,,,Intentional,18,39 KSx2,Yes,273380.0,,https://youtu.be/y49maIvmPNU?t=1355
2023,Top 32,497,3364,1,KunfusingPoke,No,Roll,730540,197.0,,,426800.0,132.0,,,,,Natural,18,39 KSx2,Yes,303740.0,,https://youtu.be/y49maIvmPNU?t=1355
2023,Top 32,497,3365,2,Brighton,No,Roll,997398,232.0,,,527598.0,132.0,994998.0,230.0,,,Natural,18,39 KSx2,Yes,467400.0,2400.0,https://youtu.be/y49maIvmPNU?t=1852
2023,Top 32,497,3366,2,KunfusingPoke,Yes,Roll,1152640,239.0,1152640.0,239.0,516140.0,130.0,1106440.0,231.0,,,Natural,18,39 KSx2,Yes,590300.0,46200.0,https://youtu.be/y49maIvmPNU?t=1852
2023,Top 32,497,3367,3,Brighton,No,Roll,1114885,248.0,,,508985.0,132.0,1029465.0,231.0,,,Natural,18,39 KSx2,Yes,520480.0,85420.0,https://youtu.be/y49maIvmPNU?t=2397
2023,Top 32,497,3368,3,KunfusingPoke,Yes,Roll,1126620,277.0,1122540.0,274.0,525600.0,132.0,1017200.0,230.0,,,Intentional,18,39 KSx2,Yes,491600.0,109420.0,https://youtu.be/y49maIvmPNU?t=2397
2023,Top 32,497,3369,4,Brighton,No,Roll,809130,248.0,,,546185.0,130.0,774310.0,230.0,,,Natural,18,39 KSx2,Yes,228125.0,34820.0,https://youtu.be/y49maIvmPNU?t=3032
2023,Top 32,497,3370,4,KunfusingPoke,Yes,Roll,901580,216.0,901580.0,216.0,601220.0,132.0,,,,,Natural,18,39 KSx2,Yes,300360.0,,https://youtu.be/y49maIvmPNU?t=3032
2023,Top 32,498,3371,1,Huffulufugus,Yes,Roll,668220,161.0,666380.0,159.0,576140.0,130.0,,,,,Intentional,18,39 KSx2,Yes,92080.0,,https://youtu.be/y49maIvmPNU?t=4
2023,Top 32,498,3372,1,Pokenerd,No,Roll,593200,152.0,,,547640.0,130.0,,,,,Natural,18,39 KSx2,Yes,45560.0,,https://youtu.be/y49maIvmPNU?t=4
2023,Top 32,498,3373,2,Huffulufugus,Yes,Roll,1223341,267.0,1216081.0,262.0,615281.0,130.0,1139582.0,232.0,,,Natural,18,39 KSx2,Yes,524301.0,83759.0,https://youtu.be/y49maIvmPNU?t=413
2023,Top 32,498,3374,2,Pokenerd,No,Roll,1084520,245.0,,,559800.0,130.0,1061900.0,232.0,,,Natural,18,39 KSx2,Yes,502100.0,22620.0,https://youtu.be/y49maIvmPNU?t=413
2023,Top 32,498,3375,3,Huffulufugus,Yes,Roll,435860,118.0,435100.0,117.0,,,,,,,Intentional,18,39 KSx2,Yes,,,https://youtu.be/y49maIvmPNU?t=1009
2023,Top 32,498,3376,3,Pokenerd,No,Roll,387220,111.0,,,,,,,,,Natural,18,39 KSx2,Yes,,,https://youtu.be/y49maIvmPNU?t=1009
2023,Top 16,499,3377,1,Sidnev,No,Roll,1152741,321.0,,,517241.0,130.0,921741.0,230.0,,,Natural,18,39 KSx2,Yes,404500.0,231000.0,https://youtu.be/g1NCWSJLh4Q?t=15
2023,Top 16,499,3378,1,Opaux,Yes,Roll,1184940,269.0,1184940.0,269.0,579940.0,133.0,1099040.0,230.0,,,Natural,18,39 KSx2,Yes,519100.0,85900.0,https://youtu.be/g1NCWSJLh4Q?t=15
2023,Top 16,499,3379,2,Sidnev,Yes,Roll,1073581,275.0,1072221.0,274.0,504741.0,130.0,986661.0,233.0,,,Intentional,18,39 KSx2,Yes,481920.0,86920.0,https://youtu.be/g1NCWSJLh4Q?t=688
2023,Top 16,499,3380,2,Opaux,No,Roll,1071840,238.0,,,525840.0,132.0,1064640.0,233.0,,,Natural,18,39 KSx2,Yes,538800.0,7200.0,https://youtu.be/g1NCWSJLh4Q?t=688
2023,Top 16,499,3381,3,Sidnev,Yes,Roll,867521,181.0,867521.0,181.0,638841.0,132.0,,,,,Intentional,18,39 KSx2,Yes,228680.0,,https://youtu.be/g1NCWSJLh4Q?t=1280
2023,Top 16,499,3382,3,Opaux,No,Roll,637362,180.0,,,454542.0,133.0,,,,,Natural,18,39 KSx2,Yes,182820.0,,https://youtu.be/g1NCWSJLh4Q?t=1280
2023,Top 16,499,3383,4,Sidnev,Yes,Roll,1023661,225.0,1023661.0,225.0,575361.0,130.0,,,,,Intentional,18,39 KSx2,Yes,448300.0,,https://youtu.be/g1NCWSJLh4Q?t=1897
2023,Top 16,499,3384,4,Opaux,No,Roll,910500,234.0,,,395260.0,130.0,906300.0,231.0,,,Natural,18,39 KSx2,Yes,511040.0,4200.0,https://youtu.be/g1NCWSJLh4Q?t=1897
2023,Top 16,500,3385,1,Blue Scuti,Yes,Roll,1408360,297.0,1408360.0,297.0,619080.0,130.0,1217180.0,232.0,,,Intentional,18,39 KSx2,Yes,598100.0,191180.0,https://youtu.be/g1NCWSJLh4Q?t=15
2023,Top 16,500,3386,1,MylesTheGreat,No,Roll,1265340,285.0,,,643400.0,132.0,1169580.0,231.0,,,Natural,18,39 KSx2,Yes,526180.0,95760.0,https://youtu.be/g1NCWSJLh4Q?t=15
2023,Top 16,500,3387,2,Blue Scuti,Yes,Roll,709480,168.0,709480.0,168.0,540080.0,130.0,,,,,Intentional,18,39 KSx2,Yes,169400.0,,https://youtu.be/g1NCWSJLh4Q?t=688
2023,Top 16,500,3388,2,MylesTheGreat,No,Roll,654640,166.0,,,599360.0,130.0,,,,,Natural,18,39 KSx2,Yes,55280.0,,https://youtu.be/g1NCWSJLh4Q?t=688
2023,Top 16,500,3389,3,Blue Scuti,No,Roll,1167043,271.0,,,505083.0,133.0,1047443.0,231.0,,,Natural,18,39 KSx2,Yes,542360.0,119600.0,https://youtu.be/g1NCWSJLh4Q?t=1280
2023,Top 16,500,3390,3,MylesTheGreat,Yes,Roll,1195980,283.0,1195980.0,283.0,587160.0,131.0,1038340.0,230.0,,,Natural,18,39 KSx2,Yes,451180.0,157640.0,https://youtu.be/g1NCWSJLh4Q?t=1280
2023,Top 16,500,3391,4,Blue Scuti,Yes,Roll,522120,113.0,498560.0,108.0,,,,,,,Intentional,18,39 KSx2,Yes,,,https://youtu.be/g1NCWSJLh4Q?t=1897
2023,Top 16,500,3392,4,MylesTheGreat,No,Roll,320720,105.0,,,,,,,,,Natural,18,39 KSx2,Yes,,,https://youtu.be/g1NCWSJLh4Q?t=1897
2023,Top 16,501,3393,1,Alex T,Yes,Roll,727300,143.0,702100.0,139.0,675700.0,132.0,,,,,Intentional,18,39 KSx2,Yes,51600.0,,https://youtu.be/14FQx6CmuOk?t=9
2023,Top 16,501,3394,1,Eren,No,Tap,701580,136.0,,,693180.0,130.0,,,,,Natural,18,39 KSx2,Yes,8400.0,,https://youtu.be/14FQx6CmuOk?t=9
2023,Top 16,501,3395,2,Alex T,Yes,Roll,635440,139.0,635440.0,139.0,604640.0,131.0,,,,,Intentional,18,39 KSx2,Yes,30800.0,,https://youtu.be/14FQx6CmuOk?t=463
2023,Top 16,501,3396,2,Eren,No,Tap,563980,131.0,,,563980.0,131.0,,,,,Natural,18,39 KSx2,Yes,0.0,,https://youtu.be/14FQx6CmuOk?t=463
2023,Top 16,501,3397,3,Alex T,Yes,Roll,562460,166.0,562460.0,166.0,462900.0,130.0,,,,,Intentional,18,39 KSx2,Yes,99560.0,,https://youtu.be/14FQx6CmuOk?t=860
2023,Top 16,501,3398,3,Eren,No,Tap,560860,143.0,,,527500.0,132.0,,,,,Natural,18,39 KSx2,Yes,33360.0,,https://youtu.be/14FQx6CmuOk?t=860
2023,Top 16,502,3399,1,Huffulufugus,No,Roll,578540,146.0,,,543500.0,131.0,,,,,Natural,18,39 KSx2,Yes,35040.0,,https://youtu.be/14FQx6CmuOk?t=9
2023,Top 16,502,3400,1,KunfusingPoke,Yes,Roll,735140,158.0,735140.0,158.0,595900.0,130.0,,,,,Intentional,18,39 KSx2,Yes,139240.0,,https://youtu.be/14FQx6CmuOk?t=9
2023,Top 16,502,3401,2,Huffulufugus,Yes,Roll,949640,262.0,895880.0,246.0,460620.0,130.0,868400.0,230.0,,,Intentional,18,39 KSx2,Yes,407780.0,81240.0,https://youtu.be/14FQx6CmuOk?t=463
2023,Top 16,502,3402,2,KunfusingPoke,No,Roll,890220,243.0,,,396020.0,131.0,868460.0,230.0,,,Natural,18,39 KSx2,Yes,472440.0,21760.0,https://youtu.be/14FQx6CmuOk?t=463
2023,Top 16,502,3403,3,Huffulufugus,Yes,Roll,1467540,291.0,1424340.0,287.0,656320.0,132.0,1236680.0,233.0,,,Intentional,18,39 KSx2,Yes,580360.0,230860.0,https://youtu.be/14FQx6CmuOk?t=1038
2023,Top 16,502,3404,3,KunfusingPoke,No,Roll,1246080,293.0,,,542700.0,131.0,1064880.0,230.0,,,Natural,18,39 KSx2,Yes,522180.0,181200.0,https://youtu.be/14FQx6CmuOk?t=1038
2023,Top 16,502,3405,4,Huffulufugus,Yes,Roll,777420,182.0,777420.0,182.0,546500.0,133.0,,,,,Intentional,18,39 KSx2,Yes,230920.0,,https://youtu.be/14FQx6CmuOk?t=1670
2023,Top 16,502,3406,4,KunfusingPoke,No,Roll,426540,183.0,,,236780.0,130.0,,,,,Natural,18,39 KSx2,Yes,189760.0,,https://youtu.be/14FQx6CmuOk?t=1670
2023,Top 16,503,3407,1,SV,No,Roll,574540,150.0,,,489480.0,130.0,,,,,Natural,18,39 KSx2,Yes,85060.0,,https://youtu.be/9AJbBo6opyo?t=11
2023,Top 16,503,3408,1,dogplayingtetris,Yes,Roll,587560,150.0,585360.0,148.0,527920.0,131.0,,,,,Intentional,18,39 KSx2,Yes,59640.0,,https://youtu.be/9AJbBo6opyo?t=11
2023,Top 16,503,3409,2,SV,Yes,Roll,1097700,251.0,1097700.0,251.0,576140.0,130.0,1074320.0,233.0,,,Natural,18,39 KSx2,Yes,498180.0,23380.0,https://youtu.be/9AJbBo6opyo?t=430
2023,Top 16,503,3410,2,dogplayingtetris,No,Roll,1043420,247.0,,,520260.0,130.0,1024440.0,233.0,,,Natural,18,39 KSx2,Yes,504180.0,18980.0,https://youtu.be/9AJbBo6opyo?t=430
2023,Top 16,503,3411,3,SV,Yes,Roll,923620,231.0,923620.0,231.0,538520.0,132.0,922420.0,230.0,,,Natural,18,39 KSx2,Yes,383900.0,1200.0,https://youtu.be/9AJbBo6opyo?t=1000
2023,Top 16,503,3412,3,dogplayingtetris,No,Roll,909590,280.0,,,389560.0,130.0,791880.0,231.0,,,Natural,18,39 KSx2,Yes,402320.0,117710.0,https://youtu.be/9AJbBo6opyo?t=1000
2023,Top 16,503,3413,4,SV,No,Roll,836820,209.0,,,500560.0,130.0,,,,,Natural,18,39 KSx2,Yes,336260.0,,https://youtu.be/9AJbBo6opyo?t=1614
2023,Top 16,503,3414,4,dogplayingtetris,Yes,Roll,1008340,214.0,1007220.0,213.0,618740.0,131.0,,,,,Intentional,18,39 KSx2,Yes,389600.0,,https://youtu.be/9AJbBo6opyo?t=1614
2023,Top 16,503,3415,5,SV,No,Roll,49780,13.0,,,,,,,,,Natural,18,39 KSx2,Yes,,,https://youtu.be/9AJbBo6opyo?t=2157
2023,Top 16,503,3416,5,dogplayingtetris,Yes,Roll,100320,27.0,96900.0,23.0,,,,,,,Intentional,18,39 KSx2,Yes,,,https://youtu.be/9AJbBo6opyo?t=2157
2023,Top 16,504,3417,1,PixelAndy,Yes,Roll,754360,171.0,751960.0,169.0,602360.0,133.0,,,,,Intentional,18,39 KSx2,Yes,152000.0,,https://youtu.be/9AJbBo6opyo?t=11
2023,Top 16,504,3418,1,doge,No,Roll,736744,179.0,,,509644.0,131.0,,,,,Natural,18,39 KSx2,Yes,227100.0,,https://youtu.be/9AJbBo6opyo?t=11
2023,Top 16,504,3419,2,PixelAndy,No,Roll,918240,251.0,,,425280.0,130.0,890660.0,230.0,,,Natural,18,39 KSx2,Yes,465380.0,27580.0,https://youtu.be/9AJbBo6opyo?t=430
2023,Top 16,504,3420,2,doge,Yes,Roll,1149080,266.0,1109480.0,262.0,545740.0,133.0,1049540.0,230.0,,,Intentional,18,39 KSx2,Yes,503800.0,99540.0,https://youtu.be/9AJbBo6opyo?t=430
2023,Top 16,504,3421,3,PixelAndy,Yes,Roll,1177720,284.0,1168000.0,277.0,511200.0,131.0,1056980.0,231.0,,,Natural,18,39 KSx2,Yes,545780.0,120740.0,https://youtu.be/9AJbBo6opyo?t=1000
2023,Top 16,504,3422,3,doge,No,Roll,1110540,281.0,,,571200.0,132.0,990720.0,232.0,,,Natural,18,39 KSx2,Yes,419520.0,119820.0,https://youtu.be/9AJbBo6opyo?t=1000
2023,Top 16,504,3423,4,PixelAndy,Yes,Roll,951920,232.0,950720.0,231.0,562820.0,130.0,950720.0,231.0,,,Intentional,18,39 KSx2,Yes,387900.0,1200.0,https://youtu.be/9AJbBo6opyo?t=1614
2023,Top 16,504,3424,4,doge,No,Roll,931585,245.0,,,403665.0,131.0,906725.0,230.0,,,Natural,18,39 KSx2,Yes,503060.0,24860.0,https://youtu.be/9AJbBo6opyo?t=1614
2023,Top 16,505,3425,1,Fractal,Yes,Roll,1477540,296.0,1389700.0,287.0,694320.0,131.0,1236840.0,231.0,,,Intentional,18,39 KSx2,Yes,542520.0,240700.0,https://youtu.be/n6aWQQnL_2k?t=4
2023,Top 16,505,3426,1,iBall,No,Roll,1270640,282.0,,,492160.0,130.0,1081720.0,230.0,,,Natural,18,39 KSx2,Yes,589560.0,188920.0,https://youtu.be/n6aWQQnL_2k?t=4
2023,Top 16,505,3427,2,Fractal,Yes,Roll,1145400,264.0,1144080.0,263.0,472400.0,133.0,1058820.0,230.0,,,Intentional,18,39 KSx2,Yes,586420.0,86580.0,https://youtu.be/n6aWQQnL_2k?t=624
2023,Top 16,505,3428,2,iBall,No,Roll,1139700,237.0,,,562840.0,133.0,1133700.0,232.0,,,Natural,18,39 KSx2,Yes,570860.0,6000.0,https://youtu.be/n6aWQQnL_2k?t=624
2023,Top 16,505,3429,3,Fractal,Yes,Roll,1098420,295.0,1094100.0,292.0,504320.0,133.0,873300.0,233.0,,,Intentional,18,39 KSx2,Yes,368980.0,225120.0,https://youtu.be/n6aWQQnL_2k?t=1205
2023,Top 16,505,3430,3,iBall,No,Roll,1055700,305.0,,,437820.0,133.0,763320.0,230.0,,,Natural,18,39 KSx2,Yes,325500.0,292380.0,https://youtu.be/n6aWQQnL_2k?t=1205
2023,Top 16,506,3431,1,theDengler,Yes,Roll,1154140,245.0,1154140.0,245.0,561680.0,130.0,1103500.0,230.0,,,Natural,18,39 KSx2,Yes,541820.0,50640.0,https://youtu.be/n6aWQQnL_2k?t=4
2023,Top 16,506,3432,1,Rhubarb,No,Roll,1097820,262.0,,,581460.0,132.0,1022940.0,230.0,,,Natural,18,39 KSx2,Yes,441480.0,74880.0,https://youtu.be/n6aWQQnL_2k?t=4
2023,Top 16,506,3433,2,theDengler,Yes,Roll,1106700,256.0,1106700.0,256.0,494060.0,132.0,1069460.0,232.0,,,Natural,18,39 KSx2,Yes,575400.0,37240.0,https://youtu.be/n6aWQQnL_2k?t=624
2023,Top 16,506,3434,2,Rhubarb,No,Roll,1004880,251.0,,,491000.0,130.0,961480.0,230.0,,,Natural,18,39 KSx2,Yes,470480.0,43400.0,https://youtu.be/n6aWQQnL_2k?t=624
2023,Top 16,506,3435,3,theDengler,No,Roll,634720,179.0,,,449600.0,132.0,,,,,Natural,18,39 KSx2,Yes,185120.0,,https://youtu.be/n6aWQQnL_2k?t=1205
2023,Top 16,506,3436,3,Rhubarb,Yes,Roll,713260,193.0,713260.0,193.0,457580.0,131.0,,,,,Intentional,18,39 KSx2,Yes,255680.0,,https://youtu.be/n6aWQQnL_2k?t=1205
2023,Top 16,506,3437,4,theDengler,No,Roll,114000,45.0,,,,,,,,,Natural,18,39 KSx2,Yes,,,https://youtu.be/n6aWQQnL_2k?t=1679
2023,Top 16,506,3438,4,Rhubarb,Yes,Roll,180500,54.0,175560.0,48.0,,,,,,,Intentional,18,39 KSx2,Yes,,,https://youtu.be/n6aWQQnL_2k?t=1679
2023,Top 16,506,3439,5,theDengler,Yes,Roll,1062140,245.0,1055320.0,240.0,471120.0,130.0,1043880.0,231.0,,,Intentional,18,39 KSx2,Yes,572760.0,18260.0,https://youtu.be/n6aWQQnL_2k?t=1843
2023,Top 16,506,3440,5,Rhubarb,No,Roll,1024940,230.0,,,567640.0,131.0,1024940.0,230.0,,,Natural,18,39 KSx2,Yes,457300.0,0.0,https://youtu.be/n6aWQQnL_2k?t=1843
2023,Top 8,507,3441,1,Sidnev,No,Roll,1296441,277.0,,,619841.0,131.0,1189661.0,231.0,,,Natural,18,39 KSx2,Yes,569820.0,106780.0,https://youtu.be/nWfA8eoEsh8?t=78
2023,Top 8,507,3442,1,Alex T,Yes,Roll,1482486,296.0,1482486.0,296.0,672266.0,130.0,1168566.0,230.0,,,Intentional,18,39 KSx2,Yes,496300.0,313920.0,https://youtu.be/nWfA8eoEsh8?t=78
2023,Top 8,507,3443,2,Sidnev,Yes,Roll,1119061,246.0,1119061.0,246.0,601601.0,133.0,1066061.0,230.0,,,Natural,18,39 KSx2,Yes,464460.0,53000.0,https://youtu.be/nWfA8eoEsh8?t=760
2023,Top 8,507,3444,2,Alex T,No,Roll,1037625,247.0,,,620985.0,132.0,1016885.0,231.0,,,Natural,18,39 KSx2,Yes,395900.0,20740.0,https://youtu.be/nWfA8eoEsh8?t=760
2023,Top 8,507,3445,3,Sidnev,Yes,Roll,1274741,268.0,1274741.0,268.0,558281.0,133.0,1177201.0,230.0,,,Natural,18,39 KSx2,Yes,618920.0,97540.0,https://youtu.be/nWfA8eoEsh8?t=1338
2023,Top 8,507,3446,3,Alex T,No,Roll,1202640,268.0,,,541180.0,131.0,1118000.0,233.0,,,Natural,18,39 KSx2,Yes,576820.0,84640.0,https://youtu.be/nWfA8eoEsh8?t=1338
2023,Top 8,507,3447,4,Sidnev,Yes,Roll,1128261,271.0,1126901.0,270.0,598181.0,133.0,1068801.0,230.0,,,Intentional,18,39 KSx2,Yes,470620.0,59460.0,https://youtu.be/nWfA8eoEsh8?t=2003
2023,Top 8,507,3448,4,Alex T,No,Roll,1126180,241.0,,,583220.0,132.0,1115300.0,233.0,,,Natural,18,39 KSx2,Yes,532080.0,10880.0,https://youtu.be/nWfA8eoEsh8?t=2003
2023,Top 8,508,3449,1,Blue Scuti,Yes,Roll,1176181,290.0,1176181.0,290.0,527501.0,133.0,948541.0,231.0,,,Intentional,18,39 KSx2,Yes,421040.0,227640.0,https://youtu.be/nWfA8eoEsh8?t=78
2023,Top 8,508,3450,1,Huffulufugus,No,Roll,1152700,288.0,,,449220.0,131.0,955400.0,233.0,,,Natural,18,39 KSx2,Yes,506180.0,197300.0,https://youtu.be/nWfA8eoEsh8?t=78
2023,Top 8,508,3451,2,Blue Scuti,No,Roll,1055120,243.0,,,543500.0,130.0,1008140.0,231.0,,,Natural,18,39 KSx2,Yes,464640.0,46980.0,https://youtu.be/nWfA8eoEsh8?t=728
2023,Top 8,508,3452,2,Huffulufugus,Yes,Roll,1129760,253.0,1116960.0,248.0,559400.0,130.0,1063780.0,233.0,,,Intentional,18,39 KSx2,Yes,504380.0,65980.0,https://youtu.be/nWfA8eoEsh8?t=728
2023,Top 8,508,3453,3,Blue Scuti,Yes,Roll,1249920,276.0,1249920.0,276.0,627060.0,133.0,1178040.0,233.0,,,Natural,18,39 KSx2,Yes,550980.0,71880.0,https://youtu.be/nWfA8eoEsh8?t=1338
2023,Top 8,508,3454,3,Huffulufugus,No,Roll,1213880,297.0,,,579940.0,130.0,1045500.0,233.0,,,Natural,18,39 KSx2,Yes,465560.0,168380.0,https://youtu.be/nWfA8eoEsh8?t=1338
2023,Top 8,508,3455,4,Blue Scuti,Yes,Roll,1161120,273.0,1157040.0,270.0,563200.0,130.0,1036580.0,230.0,,,Intentional,18,39 KSx2,Yes,473380.0,124540.0,https://youtu.be/nWfA8eoEsh8?t=2003
2023,Top 8,508,3456,4,Huffulufugus,No,Roll,1031260,254.0,,,579180.0,132.0,999780.0,231.0,,,Natural,18,39 KSx2,Yes,420600.0,31480.0,https://youtu.be/nWfA8eoEsh8?t=2003
2023,Top 8,509,3457,1,theDengler,No,Roll,153140,44.0,,,,,,,,,Natural,18,39 KSx2,Yes,,,https://youtu.be/VDsOju6WKJs?t=43
2023,Top 8,509,3458,1,dogplayingtetris,Yes,Roll,163020,47.0,157320.0,44.0,,,,,,,Intentional,18,39 KSx2,Yes,,,https://youtu.be/VDsOju6WKJs?t=43
2023,Top 8,509,3459,2,theDengler,No,Roll,943600,245.0,,,520660.0,130.0,923480.0,230.0,,,Natural,18,39 KSx2,Yes,402820.0,20120.0,https://youtu.be/VDsOju6WKJs?t=231
2023,Top 8,509,3460,2,dogplayingtetris,Yes,Roll,1146280,234.0,1146280.0,234.0,634660.0,131.0,1110280.0,230.0,,,Intentional,18,39 KSx2,Yes,475620.0,36000.0,https://youtu.be/VDsOju6WKJs?t=231
2023,Top 8,509,3461,3,theDengler,No,Roll,1044620,277.0,,,564720.0,130.0,968080.0,231.0,,,Natural,18,39 KSx2,Yes,403360.0,76540.0,https://youtu.be/VDsOju6WKJs?t=792
2023,Top 8,509,3462,3,dogplayingtetris,Yes,Roll,1237660,233.0,1237660.0,233.0,699260.0,131.0,1236460.0,232.0,,,Natural,18,39 KSx2,Yes,537200.0,1200.0,https://youtu.be/VDsOju6WKJs?t=792
2023,Top 8,510,3463,1,Fractal,Yes,Roll,1247600,321.0,1247600.0,321.0,537760.0,130.0,986580.0,230.0,,,Natural,18,39 KSx2,Yes,448820.0,261020.0,https://youtu.be/VDsOju6WKJs?t=43
2023,Top 8,510,3464,1,PixelAndy,No,Roll,1207680,310.0,,,543460.0,133.0,941540.0,230.0,,,Natural,18,39 KSx2,Yes,398080.0,266140.0,https://youtu.be/VDsOju6WKJs?t=43
2023,Top 8,510,3465,2,Fractal,Yes,Roll,1539300,327.0,1484700.0,318.0,543460.0,130.0,1098300.0,233.0,,,Natural,18,39 KSx2,Yes,554840.0,441000.0,https://youtu.be/VDsOju6WKJs?t=792
2023,Top 8,510,3466,2,PixelAndy,No,Roll,1142160,302.0,,,474720.0,131.0,969260.0,231.0,,,Natural,18,39 KSx2,Yes,494540.0,172900.0,https://youtu.be/VDsOju6WKJs?t=792
2023,Top 8,510,3467,3,Fractal,Yes,Roll,1778460,330.0,1683260.0,321.0,605440.0,131.0,1116920.0,230.0,1778460.0,330.0,Natural,18,39 KSx2,Yes,511480.0,661540.0,https://youtu.be/VDsOju6WKJs?t=1470
2023,Top 8,510,3468,3,PixelAndy,No,Roll,1360465,315.0,,,600945.0,130.0,1074145.0,231.0,,,Natural,18,39 KSx2,Yes,473200.0,286320.0,https://youtu.be/VDsOju6WKJs?t=1470
2023,Semis,511,3469,1,Sidnev,Yes,Roll,1146781,297.0,1145341.0,296.0,484961.0,131.0,1011661.0,233.0,,,Intentional,18,39 KSx2,Yes,526700.0,135120.0,https://youtu.be/xYiDMKf8X0s?t=70
2023,Semis,511,3470,1,Blue Scuti,No,Roll,1144360,267.0,,,500880.0,130.0,1056420.0,230.0,,,Natural,18,39 KSx2,Yes,555540.0,87940.0,https://youtu.be/xYiDMKf8X0s?t=70
2023,Semis,511,3471,2,Sidnev,No,Roll,1429761,332.0,,,581881.0,131.0,1147021.0,231.0,1429761.0,332.0,Natural,18,39 KSx2,Yes,565140.0,282740.0,https://youtu.be/xYiDMKf8X0s?t=693
2023,Semis,511,3472,2,Blue Scuti,Yes,Roll,1602321,331.0,1598321.0,329.0,633561.0,130.0,1200381.0,230.0,1602321.0,331.0,Natural,18,39 KSx2,Yes,566820.0,401940.0,https://youtu.be/xYiDMKf8X0s?t=693
2023,Semis,511,3473,3,Sidnev,Yes,Roll,1091581,226.0,1091581.0,226.0,636561.0,132.0,,,,,Intentional,18,39 KSx2,Yes,455020.0,,https://youtu.be/xYiDMKf8X0s?t=1414
2023,Semis,511,3474,3,Blue Scuti,No,Roll,1026922,220.0,,,592102.0,133.0,,,,,Natural,18,39 KSx2,Yes,434820.0,,https://youtu.be/xYiDMKf8X0s?t=1414
2023,Semis,511,3475,4,Sidnev,Yes,Roll,1235061,280.0,1235061.0,280.0,501341.0,131.0,1065741.0,230.0,,,Intentional,18,39 KSx2,Yes,564400.0,169320.0,https://youtu.be/xYiDMKf8X0s?t=1937
2023,Semis,511,3476,4,Blue Scuti,No,Roll,1092360,277.0,,,556040.0,130.0,1024700.0,231.0,,,Natural,18,39 KSx2,Yes,468660.0,67660.0,https://youtu.be/xYiDMKf8X0s?t=1937
2023,Semis,512,3477,1,dogplayingtetris,No,Roll,1032420,244.0,,,454520.0,130.0,1015380.0,231.0,,,Natural,18,39 KSx2,Yes,560860.0,17040.0,https://youtu.be/ppOupG_aNBA?t=46
2023,Semis,512,3478,1,Fractal,Yes,Roll,1122080,256.0,1122080.0,256.0,506600.0,130.0,1044040.0,231.0,,,Intentional,18,39 KSx2,Yes,537440.0,78040.0,https://youtu.be/ppOupG_aNBA?t=46
2023,Semis,512,3479,2,dogplayingtetris,No,Roll,1374820,331.0,,,493920.0,130.0,988480.0,230.0,1374820.0,331.0,Natural,18,39 KSx2,Yes,494560.0,386340.0,https://youtu.be/ppOupG_aNBA?t=611
2023,Semis,512,3480,2,Fractal,Yes,Roll,1443400,331.0,1443400.0,331.0,578840.0,130.0,1037860.0,230.0,1441800.0,330.0,Natural,18,39 KSx2,Yes,459020.0,405540.0,https://youtu.be/ppOupG_aNBA?t=611
2023,Semis,512,3481,3,dogplayingtetris,No,Roll,1153740,252.0,,,601220.0,132.0,1117980.0,233.0,,,Natural,18,39 KSx2,Yes,516760.0,35760.0,https://youtu.be/ppOupG_aNBA?t=1328
2023,Semis,512,3482,3,Fractal,Yes,Roll,1198600,251.0,1198600.0,251.0,660500.0,130.0,1140640.0,232.0,,,Intentional,18,39 KSx2,Yes,480140.0,57960.0,https://youtu.be/ppOupG_aNBA?t=1328
2023,Finals,513,3483,1,Sidnev,Yes,Roll,1474841,320.0,1428041.0,316.0,595521.0,130.0,1054241.0,230.0,,,Natural,18,39 KSx2,Yes,458720.0,420600.0,https://youtu.be/9penfXgG96g?t=146
2023,Finals,513,3484,1,Fractal,No,Roll,1416623,318.0,,,628243.0,131.0,1024623.0,231.0,,,Natural,18,39 KSx2,Yes,396380.0,392000.0,https://youtu.be/9penfXgG96g?t=146
2023,Finals,513,3485,2,Sidnev,Yes,Roll,1188761,238.0,1188761.0,238.0,621361.0,133.0,1179761.0,231.0,,,Natural,18,39 KSx2,Yes,558400.0,9000.0,https://youtu.be/9penfXgG96g?t=833
2023,Finals,513,3486,2,Fractal,No,Roll,1114383,232.0,,,578423.0,132.0,1114383.0,232.0,,,Natural,18,39 KSx2,Yes,535960.0,0.0,https://youtu.be/9penfXgG96g?t=833
2023,Finals,513,3487,3,Sidnev,No,Roll,1179321,243.0,,,543321.0,132.0,1128161.0,231.0,,,Natural,18,39 KSx2,Yes,584840.0,51160.0,https://youtu.be/9penfXgG96g?t=1424
2023,Finals,513,3488,3,Fractal,Yes,Roll,1238320,259.0,1238320.0,259.0,600460.0,130.0,1151240.0,231.0,,,Intentional,18,39 KSx2,Yes,550780.0,87080.0,https://youtu.be/9penfXgG96g?t=1424
2023,Finals,513,3489,4,Sidnev,No,Roll,1369061,275.0,,,540041.0,130.0,1157041.0,230.0,,,Natural,18,39 KSx2,Yes,617000.0,212020.0,https://youtu.be/9penfXgG96g?t=2025
2023,Finals,513,3490,4,Fractal,Yes,Roll,1594182,302.0,1407262.0,276.0,617182.0,131.0,1211502.0,232.0,,,Natural,18,39 KSx2,Yes,594320.0,382680.0,https://youtu.be/9penfXgG96g?t=2025
2023,Finals,513,3491,5,Sidnev,No,Roll,1136121,308.0,,,380421.0,130.0,872641.0,230.0,,,Natural,18,39 KSx2,Yes,492220.0,263480.0,https://youtu.be/9penfXgG96g?t=2714
2023,Finals,513,3492,5,Fractal,Yes,Roll,1188663,291.0,1188663.0,291.0,450363.0,133.0,929883.0,230.0,,,Natural,18,39 KSx2,Yes,479520.0,258780.0,https://youtu.be/9penfXgG96g?t=2714
2024,Top 64,514,3493,1,cobra,No,Roll,504960,149.0,,,470120.0,133.0,,,,,Natural,18,39 KSx2,Yes,34840.0,,https://youtu.be/KlanhnZATrI?t=40
2024,Top 64,514,3494,1,Rhubarb,Yes,Roll,592660,167.0,592660.0,167.0,468980.0,133.0,,,,,Intentional,18,39 KSx2,Yes,123680.0,,https://youtu.be/KlanhnZATrI?t=40
2024,Top 64,514,3495,2,cobra,No,Roll,514140,125.0,,,,,,,,,Natural,18,39 KSx2,Yes,,,https://youtu.be/KlanhnZATrI?t=482
2024,Top 64,514,3496,2,Rhubarb,Yes,Roll,522940,147.0,522940.0,147.0,465560.0,130.0,,,,,Intentional,18,39 KSx2,Yes,57380.0,,https://youtu.be/KlanhnZATrI?t=482
2024,Top 64,514,3497,3,cobra,Yes,Roll,542223,162.0,542223.0,162.0,468263.0,130.0,,,,,Intentional,18,39 KSx2,Yes,73960.0,,https://youtu.be/KlanhnZATrI?t=852
2024,Top 64,514,3498,3,Rhubarb,No,Roll,455180,158.0,,,388460.0,131.0,,,,,Natural,18,39 KSx2,Yes,66720.0,,https://youtu.be/KlanhnZATrI?t=852
2024,Top 64,514,3499,4,cobra,No,Roll,689160,170.0,,,536980.0,130.0,,,,,Natural,18,39 KSx2,Yes,152180.0,,https://youtu.be/KlanhnZATrI?t=1297
2024,Top 64,514,3500,4,Rhubarb,Yes,Roll,783100,185.0,783100.0,185.0,478520.0,130.0,,,,,Intentional,18,39 KSx2,Yes,304580.0,,https://youtu.be/KlanhnZATrI?t=1297
2024,Top 64,515,3501,1,Cobalt,No,Roll,215840,70.0,,,,,,,,,Natural,18,39 KSx2,Yes,,,https://youtu.be/KlanhnZATrI?t=40
2024,Top 64,515,3502,1,Gwafey,Yes,Roll,299820,78.0,299820.0,78.0,,,,,,,Intentional,18,39 KSx2,Yes,,,https://youtu.be/KlanhnZATrI?t=40
2024,Top 64,515,3503,2,Cobalt,Yes,Roll,988560,231.0,988560.0,231.0,532040.0,130.0,988560.0,231.0,,,Natural,18,39 KSx2,Yes,456520.0,0.0,https://youtu.be/KlanhnZATrI?t=289
2024,Top 64,515,3504,2,Gwafey,No,Roll,906540,235.0,,,508360.0,130.0,904140.0,233.0,,,Natural,18,39 KSx2,Yes,395780.0,2400.0,https://youtu.be/KlanhnZATrI?t=289
2024,Top 64,515,3505,3,Cobalt,Yes,Roll,969080,239.0,967880.0,238.0,466700.0,131.0,928280.0,231.0,,,Intentional,18,39 KSx2,Yes,461580.0,40800.0,https://youtu.be/KlanhnZATrI?t=852
2024,Top 64,515,3506,3,Gwafey,No,Roll,836480,241.0,,,413480.0,130.0,822600.0,231.0,,,Natural,18,39 KSx2,Yes,409120.0,13880.0,https://youtu.be/KlanhnZATrI?t=852
2024,Top 64,515,3507,4,Cobalt,Yes,Roll,807060,216.0,807060.0,216.0,392600.0,131.0,,,,,Intentional,18,39 KSx2,Yes,414460.0,,https://youtu.be/KlanhnZATrI?t=1437
2024,Top 64,515,3508,4,Gwafey,No,Roll,735560,208.0,,,446980.0,130.0,,,,,Natural,18,39 KSx2,Yes,288580.0,,https://youtu.be/KlanhnZATrI?t=1437
2024,Top 64,516,3509,1,Hepps,Yes,Roll,273220,69.0,273220.0,69.0,,,,,,,Intentional,18,39 KSx2,Yes,,,https://youtu.be/rxHYCh7v-XU?t=13
2024,Top 64,516,3510,1,Id_Kirby,No,Tap,207860,62.0,,,,,,,,,Natural,18,39 KSx2,Yes,,,https://youtu.be/rxHYCh7v-XU?t=13
2024,Top 64,516,3511,2,Hepps,No,Roll,789280,266.0,,,392220.0,132.0,708480.0,230.0,,,Natural,18,39 KSx2,Yes,316260.0,80800.0,https://youtu.be/rxHYCh7v-XU?t=257
2024,Top 64,516,3512,2,Id_Kirby,Yes,Tap,798000,205.0,798000.0,205.0,521400.0,130.0,,,,,Natural,18,39 KSx2,Yes,276600.0,,https://youtu.be/rxHYCh7v-XU?t=257
2024,Top 64,516,3513,3,Hepps,No,Roll,599520,166.0,,,499760.0,132.0,,,,,Natural,18,39 KSx2,Yes,99760.0,,https://youtu.be/rxHYCh7v-XU?t=912
2024,Top 64,516,3514,3,Id_Kirby,Yes,Tap,735800,179.0,735800.0,179.0,548760.0,130.0,,,,,Intentional,18,39 KSx2,Yes,187040.0,,https://youtu.be/rxHYCh7v-XU?t=912
2024,Top 64,516,3515,4,Hepps,Yes,Roll,617940,144.0,617940.0,144.0,565500.0,132.0,,,,,Intentional,18,39 KSx2,Yes,52440.0,,https://youtu.be/rxHYCh7v-XU?t=1371
2024,Top 64,516,3516,4,Id_Kirby,No,Tap,604480,136.0,,,600080.0,131.0,,,,,Natural,18,39 KSx2,Yes,4400.0,,https://youtu.be/rxHYCh7v-XU?t=1371
2024,Top 64,516,3517,5,Hepps,No,Roll,963520,230.0,,,498280.0,130.0,963520.0,230.0,,,Natural,18,39 KSx2,Yes,465240.0,0.0,https://youtu.be/rxHYCh7v-XU?t=1745
2024,Top 64,516,3518,5,Id_Kirby,Yes,Tap,1013780,231.0,1013780.0,231.0,579940.0,130.0,1013780.0,231.0,,,Natural,18,39 KSx2,Yes,433840.0,0.0,https://youtu.be/rxHYCh7v-XU?t=1745
2024,Top 64,517,3519,1,Mecex,No,Roll,802983,241.0,,,346483.0,133.0,783703.0,230.0,,,Natural,18,39 KSx2,Yes,437220.0,19280.0,https://youtu.be/rxHYCh7v-XU?t=13
2024,Top 64,517,3520,1,meme,Yes,Roll,1101680,237.0,1101680.0,237.0,590960.0,132.0,1062080.0,230.0,,,Intentional,18,39 KSx2,Yes,471120.0,39600.0,https://youtu.be/rxHYCh7v-XU?t=13
2024,Top 64,517,3521,2,Mecex,No,Roll,155320,76.0,,,,,,,,,Natural,18,39 KSx2,Yes,,,https://youtu.be/rxHYCh7v-XU?t=681
2024,Top 64,517,3522,2,meme,Yes,Roll,346180,85.0,321100.0,78.0,,,,,,,Intentional,18,39 KSx2,Yes,,,https://youtu.be/rxHYCh7v-XU?t=681
2024,Top 64,517,3523,3,Mecex,No,Roll,684141,181.0,,,527361.0,132.0,,,,,Natural,18,39 KSx2,Yes,156780.0,,https://youtu.be/rxHYCh7v-XU?t=912
2024,Top 64,517,3524,3,meme,Yes,Roll,733980,179.0,705180.0,175.0,524460.0,132.0,,,,,Intentional,18,39 KSx2,Yes,209520.0,,https://youtu.be/rxHYCh7v-XU?t=912
2024,Top 64,518,3525,1,doge,No,Roll,528320,176.0,,,482520.0,131.0,,,,,Natural,18,39 KSx2,Yes,45800.0,,https://youtu.be/8DCzZlWYnHg?t=15
2024,Top 64,518,3526,1,WallBant,Yes,Roll,760905,181.0,730905.0,177.0,547265.0,132.0,,,,,Intentional,18,39 KSx2,Yes,213640.0,,https://youtu.be/8DCzZlWYnHg?t=15
2024,Top 64,518,3527,2,doge,No,Roll,452926,137.0,,,446926.0,130.0,,,,,Natural,18,39 KSx2,Yes,6000.0,,https://youtu.be/8DCzZlWYnHg?t=510
2024,Top 64,518,3528,2,WallBant,Yes,Roll,585105,135.0,579505.0,129.0,580305.0,130.0,,,,,Natural,18,39 KSx2,Yes,4800.0,,https://youtu.be/8DCzZlWYnHg?t=510
2024,Top 64,518,3529,3,doge,Yes,Roll,759867,175.0,731067.0,171.0,602367.0,133.0,,,,,Intentional,18,39 KSx2,Yes,157500.0,,https://youtu.be/8DCzZlWYnHg?t=912
2024,Top 64,518,3530,3,WallBant,No,Roll,576185,160.0,,,485705.0,130.0,,,,,Natural,18,39 KSx2,Yes,90480.0,,https://youtu.be/8DCzZlWYnHg?t=912
2024,Top 64,518,3531,4,doge,No,Roll,557854,129.0,,,,,,,,,Natural,18,39 KSx2,Yes,,,https://youtu.be/8DCzZlWYnHg?t=1373
2024,Top 64,518,3532,4,WallBant,Yes,Roll,614705,141.0,614705.0,141.0,580705.0,131.0,,,,,Intentional,18,39 KSx2,Yes,34000.0,,https://youtu.be/8DCzZlWYnHg?t=1373
2024,Top 64,519,3533,1,DanV,Yes,Roll,1172460,288.0,1168260.0,285.0,446560.0,130.0,1054580.0,233.0,,,Intentional,18,39 KSx2,Yes,608020.0,117880.0,https://youtu.be/8DCzZlWYnHg?t=15
2024,Top 64,519,3534,1,brodindamp,No,Roll,1167641,254.0,,,636181.0,132.0,1137321.0,231.0,,,Natural,18,39 KSx2,Yes,501140.0,30320.0,https://youtu.be/8DCzZlWYnHg?t=15
2024,Top 64,519,3535,2,DanV,No,Roll,897020,255.0,,,576180.0,131.0,821760.0,230.0,,,Natural,18,39 KSx2,Yes,245580.0,75260.0,https://youtu.be/8DCzZlWYnHg?t=650
2024,Top 64,519,3536,2,brodindamp,Yes,Roll,901302,245.0,901302.0,245.0,598602.0,131.0,851262.0,230.0,,,Intentional,18,39 KSx2,Yes,252660.0,50040.0,https://youtu.be/8DCzZlWYnHg?t=650
2024,Top 64,519,3537,3,DanV,Yes,Roll,944091,201.0,944091.0,201.0,676091.0,133.0,,,,,Intentional,18,39 KSx2,Yes,268000.0,,https://youtu.be/8DCzZlWYnHg?t=1252
2024,Top 64,519,3538,3,brodindamp,No,Roll,808288,188.0,,,566688.0,131.0,,,,,Natural,18,39 KSx2,Yes,241600.0,,https://youtu.be/8DCzZlWYnHg?t=1252
2024,Top 64,519,3539,4,DanV,No,Roll,718320,233.0,,,340960.0,130.0,717120.0,232.0,,,Natural,18,39 KSx2,Yes,376160.0,1200.0,https://youtu.be/8DCzZlWYnHg?t=1747
2024,Top 64,519,3540,4,brodindamp,Yes,Roll,834140,214.0,834140.0,214.0,447940.0,132.0,,,,,Intentional,18,39 KSx2,Yes,386200.0,,https://youtu.be/8DCzZlWYnHg?t=1747
2024,Top 64,519,3541,5,DanV,Yes,Roll,1202860,263.0,1202860.0,263.0,598980.0,130.0,1087660.0,232.0,,,Natural,18,39 KSx2,Yes,488680.0,115200.0,https://youtu.be/8DCzZlWYnHg?t=2261
2024,Top 64,519,3542,5,brodindamp,No,Roll,966180,237.0,,,547640.0,130.0,957670.0,230.0,,,Natural,18,39 KSx2,Yes,410030.0,8510.0,https://youtu.be/8DCzZlWYnHg?t=2261
2024,Top 64,520,3543,1,Somalian,No,Tap,734844,178.0,,,582220.0,133.0,,,,,Natural,18,39 KSx2,Yes,152624.0,,https://youtu.be/YrvumvkhHWo?t=13
2024,Top 64,520,3544,1,DaAsiann,Yes,Roll,740868,210.0,735968.0,206.0,532828.0,132.0,,,,,Intentional,18,39 KSx2,Yes,208040.0,,https://youtu.be/YrvumvkhHWo?t=13
2024,Top 64,520,3545,2,Somalian,Yes,Roll,1162400,256.0,1122720.0,251.0,582984.0,133.0,1030740.0,231.0,,,Natural,18,39 KSx2,Yes,447756.0,131660.0,https://youtu.be/YrvumvkhHWo?t=566
2024,Top 64,520,3546,2,DaAsiann,No,Roll,854065,246.0,,,483065.0,131.0,834585.0,231.0,,,Natural,18,39 KSx2,Yes,351520.0,19480.0,https://youtu.be/YrvumvkhHWo?t=566
2024,Top 64,520,3547,3,Somalian,Yes,Tap,592884,146.0,592884.0,146.0,535900.0,130.0,,,,,Intentional,18,39 KSx2,Yes,56984.0,,https://youtu.be/YrvumvkhHWo?t=1145
2024,Top 64,520,3548,3,DaAsiann,No,Roll,419719,137.0,,,393319.0,130.0,,,,,Natural,18,39 KSx2,Yes,26400.0,,https://youtu.be/YrvumvkhHWo?t=1145
2024,Top 64,520,3549,4,Somalian,Yes,Tap,577400,154.0,577400.0,154.0,485740.0,131.0,,,,,Intentional,18,39 KSx2,Yes,91660.0,,https://youtu.be/YrvumvkhHWo?t=1662
2024,Top 64,520,3550,4,DaAsiann,No,Roll,506220,152.0,,,466760.0,130.0,,,,,Natural,18,39 KSx2,Yes,39460.0,,https://youtu.be/YrvumvkhHWo?t=1662
2024,Top 64,521,3551,1,Tugi,No,Roll,924320,231.0,,,547120.0,130.0,924320.0,231.0,,,Natural,18,39 KSx2,Yes,377200.0,0.0,https://youtu.be/YrvumvkhHWo?t=13
2024,Top 64,521,3552,1,Eren,Yes,Tap,1029380,244.0,1026900.0,242.0,579560.0,130.0,1014760.0,233.0,,,Natural,18,39 KSx2,Yes,435200.0,14620.0,https://youtu.be/YrvumvkhHWo?t=13
2024,Top 64,521,3553,2,Tugi,Yes,Roll,944500,248.0,937680.0,243.0,487460.0,130.0,922520.0,231.0,,,Intentional,18,39 KSx2,Yes,435060.0,21980.0,https://youtu.be/YrvumvkhHWo?t=566
2024,Top 64,521,3554,2,Eren,No,Tap,927540,234.0,,,521420.0,130.0,922140.0,230.0,,,Natural,18,39 KSx2,Yes,400720.0,5400.0,https://youtu.be/YrvumvkhHWo?t=566
2024,Top 64,521,3555,3,Tugi,No,Roll,750100,203.0,,,579180.0,132.0,,,,,Natural,18,39 KSx2,Yes,170920.0,,https://youtu.be/YrvumvkhHWo?t=1145
2024,Top 64,521,3556,3,Eren,Yes,Tap,753620,221.0,750180.0,218.0,507720.0,130.0,,,,,Intentional,18,39 KSx2,Yes,245900.0,,https://youtu.be/YrvumvkhHWo?t=1145
2024,Top 64,521,3557,4,Tugi,No,Roll,893920,210.0,,,563200.0,130.0,,,,,Natural,18,39 KSx2,Yes,330720.0,,https://youtu.be/YrvumvkhHWo?t=1662
2024,Top 64,521,3558,4,Eren,Yes,Tap,903000,222.0,900100.0,220.0,500140.0,131.0,,,,,Intentional,18,39 KSx2,Yes,402860.0,,https://youtu.be/YrvumvkhHWo?t=1662
2024,Top 64,522,3559,1,SV,No,Roll,1087480,256.0,,,468960.0,130.0,1055160.0,233.0,,,Natural,18,39 KSx2,Yes,586200.0,32320.0,https://youtu.be/NlgkJ0FaxcI?t=20
2024,Top 64,522,3560,1,AnselTetris,Yes,Roll,1148040,242.0,1148040.0,242.0,581080.0,132.0,1102260.0,231.0,,,Natural,18,39 KSx2,Yes,521180.0,45780.0,https://youtu.be/NlgkJ0FaxcI?t=20
2024,Top 64,522,3561,2,SV,Yes,Roll,1119320,232.0,1119320.0,232.0,558660.0,131.0,1119320.0,232.0,,,Natural,18,39 KSx2,Yes,560660.0,0.0,https://youtu.be/NlgkJ0FaxcI?t=638
2024,Top 64,522,3562,2,AnselTetris,No,Roll,1111720,240.0,,,579980.0,130.0,1067880.0,230.0,,,Natural,18,39 KSx2,Yes,487900.0,43840.0,https://youtu.be/NlgkJ0FaxcI?t=638
2024,Top 64,522,3563,3,SV,Yes,Roll,854940,176.0,854940.0,176.0,608060.0,132.0,,,,,Intentional,18,39 KSx2,Yes,246880.0,,https://youtu.be/NlgkJ0FaxcI?t=1229
2024,Top 64,522,3564,3,AnselTetris,No,Roll,654800,171.0,,,485320.0,133.0,,,,,Natural,18,39 KSx2,Yes,169480.0,,https://youtu.be/NlgkJ0FaxcI?t=1229
2024,Top 64,522,3565,4,SV,Yes,Roll,750880,187.0,750880.0,187.0,503980.0,130.0,,,,,Intentional,18,39 KSx2,Yes,246900.0,,https://youtu.be/NlgkJ0FaxcI?t=1714
2024,Top 64,522,3566,4,AnselTetris,No,Roll,725480,179.0,,,522180.0,130.0,,,,,Natural,18,39 KSx2,Yes,203300.0,,https://youtu.be/NlgkJ0FaxcI?t=1714
2024,Top 64,523,3567,1,Dekk,No,Roll,528720,135.0,,,527120.0,133.0,,,,,Natural,18,39 KSx2,Yes,1600.0,,https://youtu.be/NlgkJ0FaxcI?t=20
2024,Top 64,523,3568,1,HydrantDude,Yes,Roll,550180,137.0,550180.0,137.0,544980.0,131.0,,,,,Intentional,18,39 KSx2,Yes,5200.0,,https://youtu.be/NlgkJ0FaxcI?t=20
2024,Top 64,523,3569,2,Dekk,Yes,Roll,1191980,246.0,1191980.0,246.0,598180.0,133.0,1140700.0,230.0,,,Natural,18,39 KSx2,Yes,542520.0,51280.0,https://youtu.be/NlgkJ0FaxcI?t=404
2024,Top 64,523,3570,2,HydrantDude,No,Roll,1114520,250.0,,,559780.0,130.0,1092440.0,232.0,,,Natural,18,39 KSx2,Yes,532660.0,22080.0,https://youtu.be/NlgkJ0FaxcI?t=404
2024,Top 64,523,3571,3,Dekk,No,Roll,853500,239.0,,,542740.0,131.0,845700.0,233.0,,,Natural,18,39 KSx2,Yes,302960.0,7800.0,https://youtu.be/NlgkJ0FaxcI?t=1020
2024,Top 64,523,3572,3,HydrantDude,Yes,Roll,1151920,243.0,1151920.0,243.0,562460.0,132.0,1134960.0,230.0,,,Intentional,18,39 KSx2,Yes,572500.0,16960.0,https://youtu.be/NlgkJ0FaxcI?t=1020
2024,Top 64,523,3573,4,Dekk,Yes,Roll,1114700,236.0,1114700.0,236.0,598180.0,132.0,1076300.0,230.0,,,Intentional,18,39 KSx2,Yes,478120.0,38400.0,https://youtu.be/NlgkJ0FaxcI?t=1601
2024,Top 64,523,3574,4,HydrantDude,No,Roll,932500,233.0,,,555600.0,130.0,928300.0,230.0,,,Natural,18,39 KSx2,Yes,372700.0,4200.0,https://youtu.be/NlgkJ0FaxcI?t=1601
2024,Top 64,523,3575,5,Dekk,No,Roll,1008740,247.0,,,571580.0,133.0,988600.0,231.0,,,Natural,18,39 KSx2,Yes,417020.0,20140.0,https://youtu.be/NlgkJ0FaxcI?t=2160
2024,Top 64,523,3576,5,HydrantDude,Yes,Roll,1113100,247.0,,,583980.0,132.0,1082580.0,232.0,,,Intentional,18,39 KSx2,Yes,498600.0,30520.0,https://youtu.be/NlgkJ0FaxcI?t=2160
2024,Top 64,524,3577,1,Redshurt,No,Roll,722160,219.0,,,493680.0,132.0,,,,,Natural,18,39 KSx2,Yes,228480.0,,https://youtu.be/0kKhCENx-cU?t=12
2024,Top 64,524,3578,1,Oscar Godinez,Yes,Roll,936920,219.0,903320.0,215.0,559040.0,133.0,,,,,Intentional,18,39 KSx2,Yes,377880.0,,https://youtu.be/0kKhCENx-cU?t=12
2024,Top 64,524,3579,2,Redshurt,Yes,Roll,1122640,263.0,1122640.0,263.0,523700.0,130.0,1030620.0,232.0,,,Intentional,18,39 KSx2,Yes,506920.0,92020.0,https://youtu.be/0kKhCENx-cU?t=563
2024,Top 64,524,3580,2,Oscar Godinez,No,Roll,1049360,241.0,,,506600.0,130.0,1039060.0,233.0,,,Natural,18,39 KSx2,Yes,532460.0,10300.0,https://youtu.be/0kKhCENx-cU?t=563
2024,Top 64,524,3581,3,Redshurt,Yes,Roll,725860,193.0,724820.0,192.0,544220.0,132.0,,,,,Intentional,18,39 KSx2,Yes,181640.0,,https://youtu.be/0kKhCENx-cU?t=1133
2024,Top 64,524,3582,3,Oscar Godinez,No,Roll,657220,179.0,,,492540.0,130.0,,,,,Natural,18,39 KSx2,Yes,164680.0,,https://youtu.be/0kKhCENx-cU?t=1133
2024,Top 64,524,3583,4,Redshurt,No,Roll,1002420,254.0,,,467460.0,131.0,973280.0,233.0,,,Natural,18,39 KSx2,Yes,505820.0,29140.0,https://youtu.be/0kKhCENx-cU?t=1632
2024,Top 64,524,3584,4,Oscar Godinez,Yes,Roll,1056780,240.0,1056780.0,240.0,583740.0,131.0,1012940.0,230.0,,,Natural,18,39 KSx2,Yes,429200.0,43840.0,https://youtu.be/0kKhCENx-cU?t=1632
2024,Top 64,524,3585,5,Redshurt,Yes,Roll,510720,121.0,487920.0,117.0,,,,,,,Intentional,18,39 KSx2,Yes,,,https://youtu.be/0kKhCENx-cU?t=2197
2024,Top 64,524,3586,5,Oscar Godinez,No,DAS,442320,106.0,,,,,,,,,Natural,18,39 KSx2,Yes,,,https://youtu.be/0kKhCENx-cU?t=2197
2024,Top 64,525,3587,1,jerpi,Yes,Roll,1093280,241.0,1092040.0,240.0,598180.0,133.0,1079400.0,230.0,,,Natural,18,39 KSx2,Yes,481220.0,13880.0,https://youtu.be/0kKhCENx-cU?t=12
2024,Top 64,525,3588,1,TT Playa,No,Tap,1055420,231.0,,,616040.0,132.0,1055420.0,231.0,,,Natural,18,39 KSx2,Yes,439380.0,0.0,https://youtu.be/0kKhCENx-cU?t=12
2024,Top 64,525,3589,2,jerpi,No,Roll,907961,227.0,,,549161.0,133.0,,,,,Natural,18,39 KSx2,Yes,358800.0,,https://youtu.be/0kKhCENx-cU?t=563
2024,Top 64,525,3590,2,TT Playa,Yes,Tap,932340,218.0,932340.0,218.0,619080.0,133.0,,,,,Natural,18,39 KSx2,Yes,313260.0,,https://youtu.be/0kKhCENx-cU?t=563
2024,Top 64,525,3591,3,jerpi,Yes,Roll,526921,135.0,526921.0,135.0,523321.0,131.0,,,,,Intentional,18,39 KSx2,Yes,3600.0,,https://youtu.be/0kKhCENx-cU?t=1133
2024,Top 64,525,3592,3,TT Playa,No,Tap,481840,127.0,,,,,,,,,Natural,18,39 KSx2,Yes,,,https://youtu.be/0kKhCENx-cU?t=1133
2024,Top 64,525,3593,4,jerpi,Yes,Roll,1191720,320.0,1033260.0,237.0,581880.0,130.0,,,,,Natural,18,39 KSx2,Yes,,,https://youtu.be/0kKhCENx-cU?t=1503
2024,Top 64,525,3594,4,TT Playa,No,Tap,1026240,218.0,,,523300.0,130.0,1019460.0,230.0,,,Natural,18,39 KSx2,Yes,502940.0,,https://youtu.be/0kKhCENx-cU?t=1503
2024,Top 64,526,3595,1,EricICX,Yes,Roll,141360,44.0,141360.0,44.0,,,,,,,Intentional,18,39 KSx2,Yes,,,https://youtu.be/uZh0sfNFGtQ?t=13
2024,Top 64,526,3596,1,doodle,No,Roll,122360,30.0,,,,,,,,,Natural,18,39 KSx2,Yes,,,https://youtu.be/uZh0sfNFGtQ?t=13
2024,Top 64,526,3597,2,EricICX,Yes,Roll,386460,107.0,384940.0,105.0,,,,,,,Intentional,18,39 KSx2,Yes,,,https://youtu.be/uZh0sfNFGtQ?t=152
2024,Top 64,526,3598,2,doodle,No,Roll,383040,83.0,,,,,,,,,Natural,18,39 KSx2,Yes,,,https://youtu.be/uZh0sfNFGtQ?t=152
2024,Top 64,526,3599,3,EricICX,Yes,Roll,769460,199.0,766860.0,197.0,583740.0,131.0,,,,,Intentional,18,39 KSx2,Yes,185720.0,,https://youtu.be/uZh0sfNFGtQ?t=457
2024,Top 64,526,3600,3,doodle,No,Roll,650980,186.0,,,452640.0,133.0,,,,,Natural,18,39 KSx2,Yes,198340.0,,https://youtu.be/uZh0sfNFGtQ?t=457
2024,Top 64,527,3601,1,PixelAndy,Yes,Roll,1153380,262.0,1149420.0,259.0,569300.0,132.0,1045120.0,230.0,,,Intentional,18,39 KSx2,Yes,475820.0,108260.0,https://youtu.be/uZh0sfNFGtQ?t=13
2024,Top 64,527,3602,1,TetrisTime,No,Roll,1147700,248.0,,,595500.0,130.0,1060540.0,230.0,,,Natural,18,39 KSx2,Yes,465040.0,87160.0,https://youtu.be/uZh0sfNFGtQ?t=13
2024,Top 64,527,3603,2,PixelAndy,Yes,Roll,1051720,249.0,1051720.0,249.0,497460.0,130.0,963240.0,230.0,,,Intentional,18,39 KSx2,Yes,465780.0,88480.0,https://youtu.be/uZh0sfNFGtQ?t=640
2024,Top 64,527,3604,2,TetrisTime,No,Roll,866300,245.0,,,433620.0,130.0,846240.0,230.0,,,Natural,18,39 KSx2,Yes,412620.0,20060.0,https://youtu.be/uZh0sfNFGtQ?t=640
2024,Top 64,527,3605,3,PixelAndy,Yes,Roll,930980,221.0,930980.0,221.0,522920.0,130.0,,,,,Intentional,18,39 KSx2,Yes,408060.0,,https://youtu.be/uZh0sfNFGtQ?t=1233
2024,Top 64,527,3606,3,TetrisTime,No,Tap,863580,222.0,,,502400.0,130.0,,,,,Natural,18,39 KSx2,Yes,361180.0,,https://youtu.be/uZh0sfNFGtQ?t=1233
2024,Top 64,528,3607,1,atkoster,Yes,Tap,859880,213.0,822500.0,206.0,541540.0,130.0,,,,,Intentional,18,39 KSx2,Yes,318340.0,,https://youtu.be/D9gMxdoI5iA?t=12
2024,Top 64,528,3608,1,Deewee,No,Tap,732088,200.0,,,501288.0,132.0,,,,,Natural,18,39 KSx2,Yes,230800.0,,https://youtu.be/D9gMxdoI5iA?t=12
2024,Top 64,528,3609,2,atkoster,No,Tap,956220,232.0,,,486080.0,133.0,955020.0,231.0,,,Natural,18,39 KSx2,Yes,468940.0,1200.0,https://youtu.be/D9gMxdoI5iA?t=547
2024,Top 64,528,3610,2,Deewee,Yes,Tap,969580,232.0,969580.0,232.0,416520.0,130.0,967180.0,230.0,,,Natural,18,39 KSx2,Yes,550660.0,2400.0,https://youtu.be/D9gMxdoI5iA?t=547
2024,Top 64,528,3611,3,atkoster,No,Tap,419480,156.0,,,392600.0,131.0,,,,,Natural,18,39 KSx2,Yes,26880.0,,https://youtu.be/D9gMxdoI5iA?t=1115
2024,Top 64,528,3612,3,Deewee,Yes,Tap,571400,153.0,571400.0,153.0,484940.0,130.0,,,,,Intentional,18,39 KSx2,Yes,86460.0,,https://youtu.be/D9gMxdoI5iA?t=1115
2024,Top 64,528,3613,4,atkoster,Yes,Tap,165680,35.0,165680.0,35.0,,,,,,,Intentional,18,39 KSx2,Yes,,,https://youtu.be/D9gMxdoI5iA?t=1519
2024,Top 64,528,3614,4,Deewee,No,Tap,119360,27.0,,,,,,,,,Natural,18,39 KSx2,Yes,,,https://youtu.be/D9gMxdoI5iA?t=1519
2024,Top 64,528,3615,5,atkoster,Yes,Tap,1075140,235.0,1030140.0,228.0,560560.0,130.0,1066140.0,232.0,,,Natural,18,39 KSx2,Yes,505580.0,9000.0,https://youtu.be/D9gMxdoI5iA?t=1671
2024,Top 64,528,3616,5,Deewee,No,Tap,931814,222.0,,,471654.0,133.0,,,,,Natural,18,39 KSx2,Yes,460160.0,,https://youtu.be/D9gMxdoI5iA?t=1671
2024,Top 64,529,3617,1,Opaux,No,Roll,744720,210.0,,,447700.0,132.0,,,,,Natural,18,39 KSx2,Yes,297020.0,,https://youtu.be/D9gMxdoI5iA?t=12
2024,Top 64,529,3618,1,armstrong,Yes,Roll,767840,230.0,767840.0,230.0,459900.0,130.0,767840.0,230.0,,,Intentional,18,39 KSx2,Yes,307940.0,0.0,https://youtu.be/D9gMxdoI5iA?t=12
2024,Top 64,529,3619,2,Opaux,Yes,Roll,1150940,239.0,1150940.0,239.0,540080.0,131.0,1139540.0,230.0,,,Natural,18,39 KSx2,Yes,599460.0,11400.0,https://youtu.be/D9gMxdoI5iA?t=547
2024,Top 64,529,3620,2,armstrong,No,Roll,1036020,242.0,,,576900.0,130.0,1015500.0,230.0,,,Natural,18,39 KSx2,Yes,438600.0,20520.0,https://youtu.be/D9gMxdoI5iA?t=547
2024,Top 64,529,3621,3,Opaux,Yes,Roll,426740,112.0,426740.0,112.0,,,,,,,Intentional,18,39 KSx2,Yes,,,https://youtu.be/D9gMxdoI5iA?t=1115
2024,Top 64,529,3622,3,armstrong,No,Roll,383800,103.0,,,,,,,,,Natural,18,39 KSx2,Yes,,,https://youtu.be/D9gMxdoI5iA?t=1115
2024,Top 64,529,3623,4,Opaux,Yes,Roll,1122280,243.0,1122280.0,243.0,520260.0,130.0,1042480.0,230.0,,,Intentional,18,39 KSx2,Yes,522220.0,79800.0,https://youtu.be/D9gMxdoI5iA?t=1438
2024,Top 64,529,3624,4,armstrong,No,Roll,973500,237.0,,,512340.0,131.0,966300.0,231.0,,,Natural,18,39 KSx2,Yes,453960.0,7200.0,https://youtu.be/D9gMxdoI5iA?t=1438
2024,Top 32,530,3625,1,Blue Scuti,Yes,Roll,1203220,251.0,1153540.0,237.0,563600.0,133.0,1116340.0,232.0,,,Intentional,18,39 KSx2,Yes,552740.0,86880.0,https://youtu.be/CkJ0UNI_7wg?t=430
2024,Top 32,530,3626,1,Rhubarb,No,Roll,1018500,236.0,,,515720.0,132.0,1010100.0,230.0,,,Natural,18,39 KSx2,Yes,494380.0,8400.0,https://youtu.be/CkJ0UNI_7wg?t=430
2024,Top 32,530,3627,2,Blue Scuti,Yes,Roll,1194960,277.0,1104960.0,262.0,543080.0,131.0,978860.0,230.0,,,Intentional,18,39 KSx2,Yes,435780.0,216100.0,https://youtu.be/CkJ0UNI_7wg?t=1024
2024,Top 32,530,3628,2,Rhubarb,No,Roll,954500,256.0,,,502460.0,131.0,920520.0,230.0,,,Natural,18,39 KSx2,Yes,418060.0,33980.0,https://youtu.be/CkJ0UNI_7wg?t=1024
2024,Top 32,530,3629,3,Blue Scuti,Yes,Roll,1351260,336.0,1058280.0,273.0,399800.0,130.0,908360.0,233.0,1340860.0,330.0,Natural,18,39 KSx2,Yes,508560.0,442900.0,https://youtu.be/CkJ0UNI_7wg?t=1618
2024,Top 32,530,3630,3,Rhubarb,No,Roll,1011160,258.0,,,507980.0,131.0,963120.0,230.0,,,Natural,18,39 KSx2,Yes,455140.0,48040.0,https://youtu.be/CkJ0UNI_7wg?t=1618
2024,Top 32,531,3631,1,Fractal,Yes,Roll,676340,160.0,648740.0,156.0,563980.0,132.0,,,,,Aggressive,18,39 KSx2,Yes,112360.0,,https://youtu.be/CkJ0UNI_7wg?t=20
2024,Top 32,531,3632,1,meme,No,Roll,613300,149.0,,,575740.0,130.0,,,,,Natural,18,39 KSx2,Yes,37560.0,,https://youtu.be/CkJ0UNI_7wg?t=20
2024,Top 32,531,3633,2,Fractal,Yes,Roll,1090360,259.0,1087160.0,257.0,508880.0,131.0,1046040.0,230.0,,,Aggressive,18,39 KSx2,Yes,537160.0,44320.0,https://youtu.be/CkJ0UNI_7wg?t=430
2024,Top 32,531,3634,2,meme,No,Roll,993660,239.0,,,463280.0,130.0,971460.0,230.0,,,Natural,18,39 KSx2,Yes,508180.0,22200.0,https://youtu.be/CkJ0UNI_7wg?t=430
2024,Top 32,531,3635,3,Fractal,Yes,Roll,1206060,278.0,1111800.0,261.0,604260.0,131.0,988740.0,231.0,,,,18,39 KSx2,Yes,384480.0,217320.0,https://youtu.be/CkJ0UNI_7wg?t=1024
2024,Top 32,531,3636,3,meme,No,Roll,964100,248.0,,,484180.0,133.0,943920.0,232.0,,,Natural,18,39 KSx2,Yes,459740.0,20180.0,https://youtu.be/CkJ0UNI_7wg?t=1024
2024,Top 32,532,3637,1,Coal,Yes,Roll,817840,175.0,817840.0,175.0,597420.0,132.0,,,,,Intentional,18,39 KSx2,Yes,220420.0,,https://youtu.be/OeNAWBwcf64?t=12
2024,Top 32,532,3638,1,Id_Kirby,No,Tap,733900,170.0,,,560940.0,130.0,,,,,Natural,18,39 KSx2,Yes,172960.0,,https://youtu.be/OeNAWBwcf64?t=12
2024,Top 32,532,3639,2,Coal,Yes,Roll,1035000,238.0,925840.0,225.0,556360.0,130.0,963000.0,230.0,,,Intentional,18,39 KSx2,Yes,406640.0,72000.0,https://youtu.be/OeNAWBwcf64?t=532
2024,Top 32,532,3640,2,Id_Kirby,No,Tap,921480,231.0,,,559780.0,130.0,920280.0,230.0,,,Natural,18,39 KSx2,Yes,360500.0,1200.0,https://youtu.be/OeNAWBwcf64?t=532
2024,Top 32,532,3641,3,Coal,Yes,Roll,192660,45.0,192660.0,45.0,,,,,,,Intentional,18,39 KSx2,Yes,,,https://youtu.be/OeNAWBwcf64?t=1154
2024,Top 32,532,3642,3,Id_Kirby,No,Tap,151240,38.0,,,,,,,,,Natural,18,39 KSx2,Yes,,,https://youtu.be/OeNAWBwcf64?t=1154
2024,Top 32,533,3643,1,Tristop,Yes,Roll,1473540,315.0,1473540.0,315.0,557140.0,130.0,976180.0,233.0,,,Natural,18,39 KSx2,Yes,419040.0,497360.0,https://youtu.be/OeNAWBwcf64?t=12
2024,Top 32,533,3644,1,Cobalt,No,Roll,994480,281.0,,,561700.0,133.0,912520.0,230.0,,,Natural,18,39 KSx2,Yes,350820.0,81960.0,https://youtu.be/OeNAWBwcf64?t=12
2024,Top 32,533,3645,2,Tristop,No,Roll,1006280,245.0,,,557500.0,130.0,987400.0,231.0,,,Natural,18,39 KSx2,Yes,429900.0,18880.0,https://youtu.be/OeNAWBwcf64?t=714
2024,Top 32,533,3646,2,Cobalt,Yes,Roll,1025020,249.0,1025020.0,249.0,519880.0,130.0,990200.0,230.0,,,Natural,18,39 KSx2,Yes,470320.0,34820.0,https://youtu.be/OeNAWBwcf64?t=714
2024,Top 32,533,3647,3,Tristop,Yes,Roll,1128740,271.0,1128740.0,271.0,657840.0,130.0,1061040.0,230.0,,,Intentional,18,39 KSx2,Yes,403200.0,67700.0,https://youtu.be/OeNAWBwcf64?t=1296
2024,Top 32,533,3648,3,Cobalt,No,Roll,1092800,255.0,,,593600.0,130.0,1027220.0,230.0,,,Natural,18,39 KSx2,Yes,433620.0,65580.0,https://youtu.be/OeNAWBwcf64?t=1296
2024,Top 32,533,3649,4,Tristop,Yes,Roll,1551840,310.0,1461320.0,284.0,636180.0,131.0,1186520.0,233.0,,,Natural,18,39 KSx2,Yes,550340.0,365320.0,https://youtu.be/OeNAWBwcf64?t=1888
2024,Top 32,533,3650,4,Cobalt,No,Roll,1092160,269.0,,,584500.0,132.0,1032320.0,230.0,,,Natural,18,39 KSx2,Yes,447820.0,59840.0,https://youtu.be/OeNAWBwcf64?t=1888
2024,Top 32,534,3651,1,Sodium,Yes,Roll,1025500,238.0,975200.0,227.0,497520.0,130.0,987100.0,232.0,,,Intentional,18,39 KSx2,Yes,489580.0,38400.0,https://youtu.be/Mttvs5JU9bc?t=14
2024,Top 32,534,3652,1,DanV,No,Roll,975020,213.0,,,568540.0,133.0,,,,,Natural,18,39 KSx2,Yes,406480.0,,https://youtu.be/Mttvs5JU9bc?t=14
2024,Top 32,534,3653,2,Sodium,Yes,Roll,1323560,333.0,1289160.0,317.0,526940.0,131.0,1012900.0,232.0,,,Natural,18,39 KSx2,Yes,485960.0,310660.0,https://youtu.be/Mttvs5JU9bc?t=562
2024,Top 32,534,3654,2,DanV,No,Roll,1289040,319.0,,,581840.0,133.0,1048420.0,231.0,,,Natural,18,39 KSx2,Yes,466580.0,240620.0,https://youtu.be/Mttvs5JU9bc?t=562
2024,Top 32,534,3655,3,Sodium,No,Roll,1192100,325.0,,,539280.0,133.0,983440.0,230.0,,,Natural,18,39 KSx2,Yes,444160.0,208660.0,https://youtu.be/Mttvs5JU9bc?t=1261
2024,Top 32,534,3656,3,DanV,Yes,Roll,1413920,335.0,1413920.0,335.0,579540.0,130.0,1139520.0,233.0,1408320.0,332.0,Natural,18,39 KSx2,Yes,559980.0,274400.0,https://youtu.be/Mttvs5JU9bc?t=1261
2024,Top 32,534,3657,4,Sodium,Yes,Roll,495140,103.0,495140.0,103.0,,,,,,,Intentional,18,39 KSx2,Yes,,,https://youtu.be/Mttvs5JU9bc?t=1954
2024,Top 32,534,3658,4,DanV,No,Roll,384180,109.0,,,,,,,,,Natural,18,39 KSx2,Yes,,,https://youtu.be/Mttvs5JU9bc?t=1954
2024,Top 32,535,3659,1,Alex T,Yes,Roll,1036380,233.0,1030420.0,228.0,549160.0,131.0,1032780.0,230.0,,,Natural,18,39 KSx2,Yes,483620.0,3600.0,https://youtu.be/Mttvs5JU9bc?t=14
2024,Top 32,535,3660,1,Eren,No,Tap,964860,225.0,,,503940.0,133.0,,,,,Natural,18,39 KSx2,Yes,460920.0,,https://youtu.be/Mttvs5JU9bc?t=14
2024,Top 32,535,3661,2,Alex T,Yes,Roll,1116100,247.0,1112380.0,244.0,554900.0,130.0,1031740.0,230.0,,,Intentional,18,39 KSx2,Yes,476840.0,84360.0,https://youtu.be/Mttvs5JU9bc?t=562
2024,Top 32,535,3662,2,Eren,No,Tap,1112040,239.0,,,581120.0,131.0,1104240.0,233.0,,,Natural,18,39 KSx2,Yes,523120.0,7800.0,https://youtu.be/Mttvs5JU9bc?t=562
2024,Top 32,535,3663,3,Alex T,Yes,Roll,1251420,258.0,971200.0,212.0,638460.0,133.0,1112640.0,230.0,,,Natural,18,39 KSx2,Yes,474180.0,138780.0,https://youtu.be/Mttvs5JU9bc?t=1261
2024,Top 32,535,3664,3,Eren,No,Tap,890540,210.0,,,638840.0,131.0,,,,,Natural,18,39 KSx2,Yes,251700.0,,https://youtu.be/Mttvs5JU9bc?t=1261
2024,Top 32,536,3665,1,Huffulufugus,No,Roll,1019460,260.0,,,424520.0,130.0,979560.0,231.0,,,Natural,18,39 KSx2,Yes,555040.0,39900.0,https://youtu.be/BGwrG-lfnWY?t=14
2024,Top 32,536,3666,1,WallBant,Yes,Roll,1024445,273.0,1021725.0,271.0,431745.0,131.0,929765.0,232.0,,,Intentional,18,39 KSx2,Yes,498020.0,94680.0,https://youtu.be/BGwrG-lfnWY?t=14
2024,Top 32,536,3667,2,Huffulufugus,No,Roll,1122320,262.0,,,563840.0,131.0,1014640.0,230.0,,,Natural,18,39 KSx2,Yes,450800.0,107680.0,https://youtu.be/BGwrG-lfnWY?t=632
2024,Top 32,536,3668,2,WallBant,Yes,Roll,1137715,259.0,1137715.0,259.0,580715.0,131.0,1069415.0,231.0,,,Natural,18,39 KSx2,Yes,488700.0,68300.0,https://youtu.be/BGwrG-lfnWY?t=632
2024,Top 32,536,3669,3,Huffulufugus,Yes,Roll,1042440,229.0,1042440.0,229.0,523320.0,131.0,,,,,Natural,18,39 KSx2,Yes,519120.0,,https://youtu.be/BGwrG-lfnWY?t=1433
2024,Top 32,536,3670,3,WallBant,No,Roll,947025,237.0,,,469745.0,130.0,936825.0,233.0,,,Natural,18,39 KSx2,Yes,467080.0,10200.0,https://youtu.be/BGwrG-lfnWY?t=1433
2024,Top 32,536,3671,4,Huffulufugus,Yes,Roll,1176620,288.0,1139760.0,263.0,581080.0,131.0,1034200.0,230.0,,,Intentional,18,39 KSx2,Yes,453120.0,142420.0,https://youtu.be/BGwrG-lfnWY?t=1989
2024,Top 32,536,3672,4,WallBant,No,Roll,1095205,256.0,,,498605.0,130.0,1028925.0,230.0,,,Natural,18,39 KSx2,Yes,530320.0,66280.0,https://youtu.be/BGwrG-lfnWY?t=1989
2024,Top 32,536,3673,5,Huffulufugus,Yes,Roll,1019160,272.0,1019160.0,272.0,463280.0,130.0,890760.0,230.0,,,Intentional,18,39 KSx2,Yes,427480.0,128400.0,https://youtu.be/BGwrG-lfnWY?t=2618
2024,Top 32,536,3674,5,WallBant,No,Roll,973400,271.0,,,376260.0,130.0,839020.0,230.0,,,Natural,18,39 KSx2,Yes,462760.0,134380.0,https://youtu.be/BGwrG-lfnWY?t=2618
2024,Top 32,537,3675,1,DMJ,Yes,Roll,916220,235.0,909620.0,230.0,500140.0,131.0,909620.0,230.0,,,Intentional,18,39 KSx2,Yes,409480.0,6600.0,https://youtu.be/BGwrG-lfnWY?t=14
2024,Top 32,537,3676,1,Somalian,No,Roll,851840,236.0,,,430960.0,130.0,844020.0,232.0,,,Natural,18,39 KSx2,Yes,413060.0,7820.0,https://youtu.be/BGwrG-lfnWY?t=14
2024,Top 32,537,3677,2,DMJ,Yes,Roll,898506,180.0,868506.0,176.0,620486.0,132.0,,,,,Intentional,18,39 KSx2,Yes,278020.0,,https://youtu.be/BGwrG-lfnWY?t=614
2024,Top 32,537,3678,2,Somalian,No,Tap,694440,175.0,,,559040.0,132.0,,,,,Natural,18,39 KSx2,Yes,135400.0,,https://youtu.be/BGwrG-lfnWY?t=614
2024,Top 32,537,3679,3,DMJ,Yes,Roll,1270180,289.0,1064040.0,243.0,535840.0,130.0,1049440.0,232.0,,,Natural,18,39 KSx2,Yes,513600.0,220740.0,https://youtu.be/BGwrG-lfnWY?t=1129
2024,Top 32,537,3680,3,Somalian,No,Roll,969200,230.0,,,541540.0,130.0,969200.0,230.0,,,Natural,18,39 KSx2,Yes,427660.0,0.0,https://youtu.be/BGwrG-lfnWY?t=1129
2024,Top 32,538,3681,1,dogplayingtetris,Yes,Roll,1168860,250.0,1168860.0,250.0,561320.0,132.0,1110900.0,231.0,,,Intentional,18,39 KSx2,Yes,549580.0,57960.0,https://youtu.be/bm1VQ_rDVO0?t=21
2024,Top 32,538,3682,1,jerpi,No,Roll,991980,239.0,,,523900.0,133.0,975980.0,231.0,,,Natural,18,39 KSx2,Yes,452080.0,16000.0,https://youtu.be/bm1VQ_rDVO0?t=21
2024,Top 32,538,3683,2,dogplayingtetris,No,Roll,1084340,238.0,,,427180.0,131.0,1075940.0,232.0,,,Natural,18,39 KSx2,Yes,648760.0,8400.0,https://youtu.be/bm1VQ_rDVO0?t=1038
2024,Top 32,538,3684,2,jerpi,Yes,Roll,1144360,240.0,1144360.0,240.0,578040.0,131.0,1131920.0,231.0,,,Natural,18,39 KSx2,Yes,553880.0,12440.0,https://youtu.be/bm1VQ_rDVO0?t=1038
2024,Top 32,538,3685,3,dogplayingtetris,Yes,Roll,1178100,238.0,1176900.0,237.0,562840.0,132.0,1140900.0,233.0,,,Intentional,18,39 KSx2,Yes,578060.0,37200.0,https://youtu.be/bm1VQ_rDVO0?t=1640
2024,Top 32,538,3686,3,jerpi,No,Roll,1005900,234.0,,,440840.0,130.0,1003300.0,232.0,,,Natural,18,39 KSx2,Yes,562460.0,2600.0,https://youtu.be/bm1VQ_rDVO0?t=1640
2024,Top 32,538,3687,4,dogplayingtetris,Yes,Roll,1180220,262.0,1180220.0,262.0,607300.0,133.0,1105880.0,231.0,,,Intentional,18,39 KSx2,Yes,498580.0,74340.0,https://youtu.be/bm1VQ_rDVO0?t=2271
2024,Top 32,538,3688,4,jerpi,No,Roll,1010840,248.0,,,568920.0,130.0,984680.0,231.0,,,Natural,18,39 KSx2,Yes,415760.0,26160.0,https://youtu.be/bm1VQ_rDVO0?t=2271
2024,Top 32,539,3689,1,Lazer,No,Roll,1000840,240.0,,,579940.0,130.0,987000.0,230.0,,,Natural,18,39 KSx2,Yes,407060.0,13840.0,https://youtu.be/bm1VQ_rDVO0?t=21
2024,Top 32,539,3690,1,SV,Yes,Roll,1065340,262.0,1056180.0,256.0,535900.0,131.0,986600.0,232.0,,,Natural,18,39 KSx2,Yes,450700.0,78740.0,https://youtu.be/bm1VQ_rDVO0?t=21
2024,Top 32,539,3691,2,Lazer,No,Roll,1226780,305.0,,,597040.0,132.0,1064480.0,230.0,,,Natural,18,39 KSx2,Yes,467440.0,162300.0,https://youtu.be/bm1VQ_rDVO0?t=582
2024,Top 32,539,3692,2,SV,Yes,Roll,1467060,317.0,1467060.0,317.0,660120.0,133.0,1211800.0,231.0,,,Natural,18,39 KSx2,Yes,551680.0,255260.0,https://youtu.be/bm1VQ_rDVO0?t=582
2024,Top 32,539,3693,3,Lazer,Yes,Roll,1062120,273.0,1051400.0,265.0,525080.0,132.0,973100.0,231.0,,,Intentional,18,39 KSx2,Yes,448020.0,89020.0,https://youtu.be/bm1VQ_rDVO0?t=1287
2024,Top 32,539,3694,3,SV,No,Roll,1050320,237.0,,,523740.0,131.0,1037120.0,231.0,,,Natural,18,39 KSx2,Yes,513380.0,13200.0,https://youtu.be/bm1VQ_rDVO0?t=1287
2024,Top 32,539,3695,4,Lazer,No,Roll,961180,266.0,,,500560.0,130.0,906840.0,230.0,,,Natural,18,39 KSx2,Yes,406280.0,54340.0,https://youtu.be/bm1VQ_rDVO0?t=1924
2024,Top 32,539,3696,4,SV,Yes,Roll,1056220,243.0,1056220.0,243.0,491400.0,131.0,1033680.0,230.0,,,Natural,18,39 KSx2,Yes,542280.0,22540.0,https://youtu.be/bm1VQ_rDVO0?t=1924
2024,Top 32,540,3697,1,MylesTheGreat,Yes,Roll,1234740,289.0,1234740.0,289.0,545740.0,132.0,1079940.0,232.0,,,Natural,18,39 KSx2,Yes,534200.0,154800.0,https://youtu.be/rIYq8QTcZV4?t=21
2024,Top 32,540,3698,1,HydrantDude,No,Roll,1204960,287.0,,,547300.0,131.0,1112360.0,230.0,,,Natural,18,39 KSx2,Yes,565060.0,92600.0,https://youtu.be/rIYq8QTcZV4?t=21
2024,Top 32,540,3699,2,MylesTheGreat,Yes,Roll,365560,84.0,365560.0,84.0,,,,,,,Intentional,18,39 KSx2,Yes,,,https://youtu.be/rIYq8QTcZV4?t=683
2024,Top 32,540,3700,2,HydrantDude,No,Roll,319200,76.0,,,,,,,,,Natural,18,39 KSx2,Yes,,,https://youtu.be/rIYq8QTcZV4?t=683
2024,Top 32,540,3701,3,MylesTheGreat,Yes,Roll,1074060,254.0,1074060.0,254.0,601980.0,133.0,,,,,Intentional,18,39 KSx2,Yes,,,https://youtu.be/rIYq8QTcZV4?t=972
2024,Top 32,540,3702,3,HydrantDude,No,Roll,1048380,249.0,,,506220.0,130.0,,,,,Natural,18,39 KSx2,Yes,,,https://youtu.be/rIYq8QTcZV4?t=972
2024,Top 32,541,3703,1,CheeZ,Yes,Roll,856100,201.0,856100.0,201.0,584880.0,133.0,,,,,Intentional,18,39 KSx2,Yes,271220.0,,https://youtu.be/rIYq8QTcZV4?t=21
2024,Top 32,541,3704,1,Redshurt,No,Roll,855280,197.0,,,616040.0,131.0,,,,,Natural,18,39 KSx2,Yes,239240.0,,https://youtu.be/rIYq8QTcZV4?t=21
2024,Top 32,541,3705,2,CheeZ,Yes,Roll,768080,211.0,768080.0,211.0,487640.0,131.0,,,,,Intentional,18,39 KSx2,Yes,280440.0,,https://youtu.be/rIYq8QTcZV4?t=530
2024,Top 32,541,3706,2,Redshurt,No,Roll,639720,212.0,,,526740.0,133.0,,,,,Natural,18,39 KSx2,Yes,112980.0,,https://youtu.be/rIYq8QTcZV4?t=530
2024,Top 32,541,3707,3,CheeZ,Yes,Roll,590380,170.0,590380.0,170.0,488360.0,133.0,,,,,Intentional,18,39 KSx2,Yes,102020.0,,https://youtu.be/rIYq8QTcZV4?t=1125
2024,Top 32,541,3708,3,Redshurt,No,Roll,578800,132.0,,,578800.0,132.0,,,,,Natural,18,39 KSx2,Yes,0.0,,https://youtu.be/rIYq8QTcZV4?t=1125
2024,Top 32,542,3709,1,theDengler,No,Roll,1376640,328.0,,,618320.0,133.0,1099260.0,230.0,,,Natural,18,39 KSx2,Yes,480940.0,277380.0,https://youtu.be/hvg-9WrjmAw?t=13
2024,Top 32,542,3710,1,EricICX,Yes,Roll,1435340,329.0,1435340.0,329.0,499380.0,130.0,1025380.0,230.0,,,Natural,18,39 KSx2,Yes,526000.0,409960.0,https://youtu.be/hvg-9WrjmAw?t=13
2024,Top 32,542,3711,2,theDengler,Yes,Roll,479940,121.0,478040.0,119.0,,,,,,,Intentional,18,39 KSx2,Yes,,,https://youtu.be/hvg-9WrjmAw?t=749
2024,Top 32,542,3712,2,EricICX,No,Roll,454860,117.0,,,,,,,,,Natural,18,39 KSx2,Yes,,,https://youtu.be/hvg-9WrjmAw?t=749
2024,Top 32,542,3713,3,theDengler,Yes,Roll,392920,109.0,392920.0,109.0,,,,,,,Intentional,18,39 KSx2,Yes,,,https://youtu.be/hvg-9WrjmAw?t=1082
2024,Top 32,542,3714,3,EricICX,No,Roll,370500,86.0,,,,,,,,,Natural,18,39 KSx2,Yes,,,https://youtu.be/hvg-9WrjmAw?t=1082
2024,Top 32,542,3715,4,theDengler,Yes,Roll,965340,272.0,961260.0,269.0,514620.0,131.0,908920.0,230.0,,,Intentional,18,39 KSx2,Yes,394300.0,56420.0,https://youtu.be/hvg-9WrjmAw?t=1387
2024,Top 32,542,3716,4,EricICX,No,Roll,960500,243.0,,,479620.0,130.0,912920.0,231.0,,,Natural,18,39 KSx2,Yes,433300.0,47580.0,https://youtu.be/hvg-9WrjmAw?t=1387
2024,Top 32,543,3717,1,Rahmations,No,Roll,1092940,273.0,,,609200.0,133.0,1029860.0,230.0,,,Natural,18,39 KSx2,Yes,420660.0,63080.0,https://youtu.be/hvg-9WrjmAw?t=13
2024,Top 32,543,3718,1,PixelAndy,Yes,Roll,1178760,265.0,1178760.0,265.0,576120.0,130.0,1133380.0,232.0,,,Intentional,18,39 KSx2,Yes,557260.0,45380.0,https://youtu.be/hvg-9WrjmAw?t=13
2024,Top 32,543,3719,2,Rahmations,No,Roll,326040,105.0,,,,,,,,,Natural,18,39 KSx2,Yes,,,https://youtu.be/hvg-9WrjmAw?t=749
2024,Top 32,543,3720,2,PixelAndy,Yes,Roll,440040,104.0,440040.0,104.0,,,,,,,Intentional,18,39 KSx2,Yes,,,https://youtu.be/hvg-9WrjmAw?t=749
2024,Top 32,543,3721,3,Rahmations,No,Roll,74100,19.0,,,,,,,,,Natural,18,39 KSx2,Yes,,,https://youtu.be/hvg-9WrjmAw?t=1082
2024,Top 32,543,3722,3,PixelAndy,Yes,Roll,137560,25.0,136800.0,24.0,,,,,,,Intentional,18,39 KSx2,Yes,,,https://youtu.be/hvg-9WrjmAw?t=1082
2024,Top 32,544,3723,1,Dillan,Yes,Tap,819544,199.0,819540.0,199.0,560420.0,132.0,,,,,Intentional,18,39 KSx2,Yes,259124.0,,https://youtu.be/PQCRG8gA2JA?t=12
2024,Top 32,544,3724,1,atkoster,No,Tap,818760,170.0,,,603880.0,131.0,,,,,Natural,18,39 KSx2,Yes,214880.0,,https://youtu.be/PQCRG8gA2JA?t=12
2024,Top 32,544,3725,2,Dillan,Yes,Tap,1316400,254.0,1305660.0,246.0,640340.0,130.0,1285560.0,231.0,,,Natural,18,39 KSx2,Yes,645220.0,30840.0,https://youtu.be/PQCRG8gA2JA?t=532
2024,Top 32,544,3726,2,atkoster,No,Tap,1229400,240.0,,,563220.0,130.0,1214700.0,233.0,,,Natural,18,39 KSx2,Yes,651480.0,14700.0,https://youtu.be/PQCRG8gA2JA?t=532
2024,Top 32,544,3727,3,Dillan,Yes,Tap,1310360,249.0,1307260.0,247.0,634660.0,130.0,,,,,Natural,18,39 KSx2,Yes,,,https://youtu.be/PQCRG8gA2JA?t=1171
2024,Top 32,544,3728,3,atkoster,No,Tap,1281400,234.0,,,676460.0,133.0,,,,,Natural,18,39 KSx2,Yes,,,https://youtu.be/PQCRG8gA2JA?t=1171
2024,Top 32,545,3729,1,Sidnev,Yes,Roll,523641,115.0,500841.0,111.0,,,,,,,Intentional,18,39 KSx2,Yes,,,https://youtu.be/PQCRG8gA2JA?t=12
2024,Top 32,545,3730,1,Opaux,No,Roll,479940,109.0,,,,,,,,,Natural,18,39 KSx2,Yes,,,https://youtu.be/PQCRG8gA2JA?t=12
2024,Top 32,545,3731,2,Sidnev,Yes,Roll,564021,131.0,563221.0,130.0,563221.0,130.0,,,,,Intentional,18,39 KSx2,Yes,800.0,,https://youtu.be/PQCRG8gA2JA?t=403
2024,Top 32,545,3732,2,Opaux,No,Roll,435100,121.0,,,,,,,,,Natural,18,39 KSx2,Yes,,,https://youtu.be/PQCRG8gA2JA?t=403
2024,Top 32,545,3733,3,Sidnev,Yes,Roll,1284821,276.0,1256941.0,256.0,589061.0,133.0,1184061.0,231.0,,,Natural,18,39 KSx2,Yes,595000.0,100760.0,https://youtu.be/PQCRG8gA2JA?t=824
2024,Top 32,545,3734,3,Opaux,No,Roll,1171520,247.0,,,535460.0,130.0,1120880.0,233.0,,,Natural,18,39 KSx2,Yes,585420.0,50640.0,https://youtu.be/PQCRG8gA2JA?t=824
2024,Top 16,546,3735,1,Blue Scuti,Yes,Roll,759940,180.0,759940.0,180.0,556380.0,133.0,,,,,Intentional,18,39 KSx2,Yes,203560.0,,https://youtu.be/Yrdvx47pVD4?t=21
2024,Top 16,546,3736,1,Coal,No,Roll,757420,179.0,,,593980.0,130.0,,,,,Natural,18,39 KSx2,Yes,163440.0,,https://youtu.be/Yrdvx47pVD4?t=21
2024,Top 16,546,3737,2,Blue Scuti,Yes,Roll,760460,163.0,732860.0,159.0,656940.0,130.0,,,,,Intentional,18,39 KSx2,Yes,103520.0,,https://youtu.be/Yrdvx47pVD4?t=680
2024,Top 16,546,3738,2,Coal,No,Roll,666140,158.0,,,556380.0,130.0,,,,,Natural,18,39 KSx2,Yes,109760.0,,https://youtu.be/Yrdvx47pVD4?t=680
2024,Top 16,546,3739,3,Blue Scuti,Yes,Roll,1071380,236.0,1071380.0,236.0,580900.0,131.0,1063580.0,230.0,,,Natural,18,39 KSx2,Yes,482680.0,7800.0,https://youtu.be/Yrdvx47pVD4?t=1267
2024,Top 16,546,3740,3,Coal,No,Roll,983620,252.0,,,484180.0,133.0,917680.0,231.0,,,Natural,18,39 KSx2,Yes,433500.0,65940.0,https://youtu.be/Yrdvx47pVD4?t=1267
2024,Top 16,547,3741,1,Tristop,Yes,Roll,1227320,271.0,1227320.0,271.0,578400.0,130.0,1030400.0,231.0,,,Natural,18,39 KSx2,Yes,452000.0,196920.0,https://youtu.be/Yrdvx47pVD4?t=21
2024,Top 16,547,3742,1,Fractal,No,Roll,1146680,255.0,,,579560.0,130.0,1114480.0,232.0,,,Natural,18,39 KSx2,Yes,534920.0,32200.0,https://youtu.be/Yrdvx47pVD4?t=21
2024,Top 16,547,3743,2,Tristop,No,Roll,1127160,264.0,,,569680.0,133.0,1011940.0,230.0,,,Natural,18,39 KSx2,Yes,442260.0,115220.0,https://youtu.be/Yrdvx47pVD4?t=680
2024,Top 16,547,3744,2,Fractal,Yes,Roll,1198560,266.0,1198560.0,266.0,582220.0,132.0,1050900.0,232.0,,,Natural,18,39 KSx2,Yes,468680.0,147660.0,https://youtu.be/Yrdvx47pVD4?t=680
2024,Top 16,547,3745,3,Tristop,Yes,Roll,1159160,257.0,,,641500.0,130.0,1118880.0,231.0,,,Intentional,18,39 KSx2,Yes,477380.0,40280.0,https://youtu.be/Yrdvx47pVD4?t=1267
2024,Top 16,547,3746,3,Fractal,No,Roll,1152280,238.0,,,537760.0,130.0,1112680.0,231.0,,,Natural,18,39 KSx2,Yes,574920.0,39600.0,https://youtu.be/Yrdvx47pVD4?t=1267
2024,Top 16,547,3747,4,Tristop,Yes,Roll,778140,192.0,778140.0,192.0,557900.0,131.0,,,,,Intentional,18,39 KSx2,Yes,220240.0,,https://youtu.be/Yrdvx47pVD4?t=1843
2024,Top 16,547,3748,4,Fractal,No,Roll,766260,170.0,,,617560.0,132.0,,,,,Natural,18,39 KSx2,Yes,148700.0,,https://youtu.be/Yrdvx47pVD4?t=1843
2024,Top 16,548,3749,1,Alex T,Yes,Roll,1237100,277.0,1235740.0,276.0,694700.0,132.0,1162720.0,231.0,,,Intentional,18,39 KSx2,Yes,468020.0,74380.0,https://youtu.be/BklXJHABBCU?t=14
2024,Top 16,548,3750,1,Sodium,No,Roll,1234320,252.0,,,676460.0,133.0,1206620.0,230.0,,,Natural,18,39 KSx2,Yes,530160.0,27700.0,https://youtu.be/BklXJHABBCU?t=14
2024,Top 16,548,3751,2,Alex T,Yes,Roll,569904,138.0,569904.0,138.0,542304.0,130.0,,,,,Intentional,18,39 KSx2,Yes,27600.0,,https://youtu.be/BklXJHABBCU?t=632
2024,Top 16,548,3752,2,Sodium,No,Roll,546020,137.0,,,541220.0,131.0,,,,,Natural,18,39 KSx2,Yes,4800.0,,https://youtu.be/BklXJHABBCU?t=632
2024,Top 16,548,3753,3,Alex T,No,Roll,1023560,230.0,,,483420.0,130.0,1023560.0,230.0,,,Natural,18,39 KSx2,Yes,540140.0,0.0,https://youtu.be/BklXJHABBCU?t=1029
2024,Top 16,548,3754,3,Sodium,Yes,Roll,1123840,244.0,1077000.0,232.0,557900.0,132.0,1074000.0,230.0,,,Natural,18,39 KSx2,Yes,516100.0,49840.0,https://youtu.be/BklXJHABBCU?t=1029
2024,Top 16,548,3755,4,Alex T,Yes,Roll,1115720,253.0,1115720.0,253.0,438560.0,130.0,993620.0,233.0,,,Natural,18,39 KSx2,Yes,555060.0,122100.0,https://youtu.be/BklXJHABBCU?t=1625
2024,Top 16,548,3756,4,Sodium,No,Roll,1105360,241.0,,,598920.0,130.0,1090280.0,230.0,,,Natural,18,39 KSx2,Yes,491360.0,15080.0,https://youtu.be/BklXJHABBCU?t=1625
2024,Top 16,549,3757,1,Huffulufugus,No,Roll,904080,212.0,,,528260.0,132.0,,,,,Natural,18,39 KSx2,Yes,375820.0,,https://youtu.be/BklXJHABBCU?t=14
2024,Top 16,549,3758,1,DMJ,Yes,Roll,922580,228.0,905180.0,222.0,502660.0,132.0,,,,,Intentional,18,39 KSx2,Yes,419920.0,,https://youtu.be/BklXJHABBCU?t=14
2024,Top 16,549,3759,2,Huffulufugus,Yes,Roll,1070580,230.0,1070580.0,230.0,564740.0,131.0,1070580.0,230.0,,,Natural,18,39 KSx2,Yes,505840.0,0.0,https://youtu.be/BklXJHABBCU?t=632
2024,Top 16,549,3760,2,DMJ,No,Roll,1007975,286.0,,,463915.0,132.0,915895.0,230.0,,,Natural,18,39 KSx2,Yes,451980.0,92080.0,https://youtu.be/BklXJHABBCU?t=632
2024,Top 16,549,3761,3,Huffulufugus,Yes,Roll,715580,192.0,681880.0,186.0,424520.0,131.0,,,,,Intentional,18,39 KSx2,Yes,291060.0,,https://youtu.be/BklXJHABBCU?t=1300
2024,Top 16,549,3762,3,DMJ,No,Roll,658040,183.0,,,494440.0,131.0,,,,,Natural,18,39 KSx2,Yes,163600.0,,https://youtu.be/BklXJHABBCU?t=1300
2024,Top 16,549,3763,4,Huffulufugus,No,Roll,984120,250.0,,,541920.0,130.0,941860.0,230.0,,,Natural,18,39 KSx2,Yes,399940.0,42260.0,https://youtu.be/BklXJHABBCU?t=1894
2024,Top 16,549,3764,4,DMJ,Yes,Roll,1145060,264.0,1145060.0,264.0,586020.0,133.0,1102960.0,233.0,,,Intentional,18,39 KSx2,Yes,516940.0,42100.0,https://youtu.be/BklXJHABBCU?t=1894
2024,Top 16,549,3765,5,Huffulufugus,No,Roll,771900,179.0,,,556420.0,130.0,,,,,Natural,18,39 KSx2,Yes,215480.0,,https://youtu.be/BklXJHABBCU?t=2466
2024,Top 16,549,3766,5,DMJ,Yes,Roll,878017,186.0,878017.0,186.0,616077.0,131.0,,,,,Intentional,18,39 KSx2,Yes,261940.0,,https://youtu.be/BklXJHABBCU?t=2466
2024,Top 16,550,3767,1,theDengler,Yes,Roll,1139060,275.0,1139060.0,275.0,581080.0,133.0,1035060.0,230.0,,,Intentional,18,39 KSx2,Yes,453980.0,104000.0,https://youtu.be/8FJ9YKPmoZc?t=12
2024,Top 16,550,3768,1,Dillan,No,Tap,1133020,259.0,,,517600.0,130.0,1095080.0,232.0,,,Natural,18,39 KSx2,Yes,577480.0,37940.0,https://youtu.be/8FJ9YKPmoZc?t=12
2024,Top 16,550,3769,2,theDengler,Yes,Roll,1189640,306.0,1186680.0,304.0,501280.0,130.0,930740.0,231.0,,,Intentional,18,39 KSx2,Yes,429460.0,258900.0,https://youtu.be/8FJ9YKPmoZc?t=608
2024,Top 16,550,3770,2,Dillan,No,Tap,1185340,248.0,,,598560.0,130.0,1165160.0,233.0,,,Natural,18,39 KSx2,Yes,566600.0,20180.0,https://youtu.be/8FJ9YKPmoZc?t=608
2024,Top 16,550,3771,3,theDengler,Yes,Roll,1163920,247.0,1163920.0,247.0,558280.0,131.0,1105860.0,231.0,,,Natural,18,39 KSx2,Yes,547580.0,58060.0,https://youtu.be/8FJ9YKPmoZc?t=1264
2024,Top 16,550,3772,3,Dillan,No,Tap,1113040,234.0,,,636940.0,133.0,1108840.0,231.0,,,Natural,18,39 KSx2,Yes,471900.0,4200.0,https://youtu.be/8FJ9YKPmoZc?t=1264
2024,Top 16,551,3773,1,PixelAndy,No,Roll,1135860,256.0,,,545720.0,130.0,1066600.0,232.0,,,Natural,18,39 KSx2,Yes,520880.0,69260.0,https://youtu.be/7kp3RdOzPhE?t=12
2024,Top 16,551,3774,1,Sidnev,Yes,Roll,1178921,272.0,1178921.0,272.0,526781.0,130.0,1008081.0,231.0,,,Natural,18,39 KSx2,Yes,481300.0,170840.0,https://youtu.be/7kp3RdOzPhE?t=12
2024,Top 16,551,3775,2,PixelAndy,No,Roll,561580,144.0,,,552580.0,133.0,,,,,Natural,18,39 KSx2,Yes,9000.0,,https://youtu.be/7kp3RdOzPhE?t=683
2024,Top 16,551,3776,2,Sidnev,Yes,Roll,652761,156.0,652761.0,156.0,520261.0,130.0,,,,,Intentional,18,39 KSx2,Yes,132500.0,,https://youtu.be/7kp3RdOzPhE?t=683
2024,Top 16,551,3777,3,PixelAndy,No,Roll,816787,239.0,,,458047.0,132.0,804787.0,230.0,,,Natural,18,39 KSx2,Yes,346740.0,12000.0,https://youtu.be/7kp3RdOzPhE?t=1067
2024,Top 16,551,3778,3,Sidnev,Yes,Roll,1069141,245.0,1069141.0,245.0,527121.0,132.0,1019221.0,231.0,,,Natural,18,39 KSx2,Yes,492100.0,49920.0,https://youtu.be/7kp3RdOzPhE?t=1067
2024,Top 16,552,3779,1,dogplayingtetris,Yes,Roll,606200,152.0,606200.0,152.0,520660.0,132.0,,,,,Intentional,18,39 KSx2,Yes,85540.0,,https://youtu.be/7kp3RdOzPhE?t=12
2024,Top 16,552,3780,1,SV,No,Roll,505100,131.0,,,504300.0,130.0,,,,,Natural,18,39 KSx2,Yes,800.0,,https://youtu.be/7kp3RdOzPhE?t=12
2024,Top 16,552,3781,2,dogplayingtetris,Yes,Roll,1101020,238.0,1101020.0,238.0,600460.0,131.0,1060220.0,230.0,,,Intentional,18,39 KSx2,Yes,459760.0,40800.0,https://youtu.be/7kp3RdOzPhE?t=454
2024,Top 16,552,3782,2,SV,No,Roll,1014600,230.0,,,503560.0,133.0,1014600.0,230.0,,,Natural,18,39 KSx2,Yes,511040.0,0.0,https://youtu.be/7kp3RdOzPhE?t=454
2024,Top 16,552,3783,3,dogplayingtetris,Yes,Roll,1248560,274.0,1248560.0,274.0,486120.0,130.0,1051420.0,231.0,,,Intentional,18,39 KSx2,Yes,565300.0,197140.0,https://youtu.be/7kp3RdOzPhE?t=1067
2024,Top 16,552,3784,3,SV,No,Roll,999920,265.0,,,491060.0,130.0,920280.0,230.0,,,Natural,18,39 KSx2,Yes,429220.0,79640.0,https://youtu.be/7kp3RdOzPhE?t=1067
2024,Top 16,553,3785,1,MylesTheGreat,Yes,Roll,1058420,255.0,1058420.0,255.0,601980.0,133.0,1016200.0,232.0,,,Intentional,18,39 KSx2,Yes,414220.0,42220.0,https://youtu.be/8FJ9YKPmoZc?t=12
2024,Top 16,553,3786,1,CheeZ,No,Roll,864500,242.0,,,524120.0,131.0,817100.0,230.0,,,Natural,18,39 KSx2,Yes,292980.0,47400.0,https://youtu.be/8FJ9YKPmoZc?t=12
2024,Top 16,553,3787,2,MylesTheGreat,Yes,Roll,1284520,303.0,1278600.0,299.0,599700.0,131.0,1099360.0,232.0,,,Intentional,18,39 KSx2,Yes,499660.0,185160.0,https://youtu.be/8FJ9YKPmoZc?t=608
2024,Top 16,553,3788,2,CheeZ,No,Roll,1242720,284.0,,,598180.0,133.0,1045160.0,230.0,,,Natural,18,39 KSx2,Yes,446980.0,197560.0,https://youtu.be/8FJ9YKPmoZc?t=608
2024,Top 16,553,3789,3,MylesTheGreat,Yes,Roll,837020,189.0,837020.0,189.0,548020.0,132.0,,,,,Intentional,18,39 KSx2,Yes,289000.0,,https://youtu.be/8FJ9YKPmoZc?t=1264
2024,Top 16,553,3790,3,CheeZ,No,Roll,672140,187.0,,,483800.0,130.0,,,,,Natural,18,39 KSx2,Yes,188340.0,,https://youtu.be/8FJ9YKPmoZc?t=1264
2024,Top 8,554,3791,1,Blue Scuti,Yes,Roll,1361520,324.0,1359960.0,323.0,521840.0,130.0,1058680.0,230.0,,,Intentional,18,39 KSx2,Yes,536840.0,302840.0,https://youtu.be/2QrwpRl_7kY?t=173
2024,Top 8,554,3792,1,Tristop,No,Roll,1358440,308.0,,,507360.0,133.0,916060.0,232.0,,,Natural,18,39 KSx2,Yes,408700.0,442380.0,https://youtu.be/2QrwpRl_7kY?t=173
2024,Top 8,554,3793,2,Blue Scuti,No,Roll,1433080,331.0,,,563600.0,131.0,966840.0,231.0,1431480.0,330.0,Natural,18,39 KSx2,Yes,403240.0,466240.0,https://youtu.be/2QrwpRl_7kY?t=869
2024,Top 8,554,3794,2,Tristop,Yes,Roll,1596160,333.0,1596160.0,333.0,653640.0,130.0,1066660.0,230.0,1596160.0,333.0,Natural,18,39 KSx2,Yes,413020.0,529500.0,https://youtu.be/2QrwpRl_7kY?t=869
2024,Top 8,554,3795,3,Blue Scuti,No,Roll,1103480,258.0,,,564940.0,131.0,1030140.0,230.0,,,Natural,18,39 KSx2,Yes,465200.0,73340.0,https://youtu.be/2QrwpRl_7kY?t=1569
2024,Top 8,554,3796,3,Tristop,Yes,Roll,1204920,271.0,1204920.0,271.0,522180.0,131.0,1077260.0,233.0,,,Intentional,18,39 KSx2,Yes,555080.0,127660.0,https://youtu.be/2QrwpRl_7kY?t=1569
2024,Top 8,554,3797,4,Blue Scuti,No,Roll,1504520,330.0,,,529400.0,132.0,1012520.0,231.0,1504520.0,330.0,Natural,18,39 KSx2,Yes,483120.0,492000.0,https://youtu.be/2QrwpRl_7kY?t=2303
2024,Top 8,554,3798,4,Tristop,Yes,Roll,1520720,311.0,1520720.0,311.0,596660.0,130.0,1121380.0,231.0,,,Natural,18,39 KSx2,Yes,524720.0,399340.0,https://youtu.be/2QrwpRl_7kY?t=2303
2024,Top 8,555,3799,1,Alex T,Yes,Roll,1115620,313.0,1115620.0,313.0,467440.0,130.0,805520.0,230.0,,,Natural,18,39 KSx2,Yes,338080.0,310100.0,https://youtu.be/2QrwpRl_7kY?t=173
2024,Top 8,555,3800,1,DMJ,No,Roll,1105540,322.0,,,480380.0,130.0,893160.0,230.0,,,Natural,18,39 KSx2,Yes,412780.0,212380.0,https://youtu.be/2QrwpRl_7kY?t=173
2024,Top 8,555,3801,2,Alex T,Yes,Roll,1364700,268.0,1364700.0,268.0,622500.0,131.0,1170540.0,230.0,,,Intentional,18,39 KSx2,Yes,548040.0,194160.0,https://youtu.be/2QrwpRl_7kY?t=869
2024,Top 8,555,3802,2,DMJ,No,Roll,1177360,257.0,,,635420.0,132.0,1105560.0,231.0,,,Natural,18,39 KSx2,Yes,470140.0,71800.0,https://youtu.be/2QrwpRl_7kY?t=869
2024,Top 8,555,3803,3,Alex T,Yes,Roll,1462860,305.0,1462860.0,305.0,561560.0,130.0,1118960.0,232.0,,,Natural,18,39 KSx2,Yes,557400.0,343900.0,https://youtu.be/2QrwpRl_7kY?t=1569
2024,Top 8,555,3804,3,DMJ,No,Roll,1356920,327.0,,,526740.0,133.0,1015140.0,233.0,,,Natural,18,39 KSx2,Yes,488400.0,341780.0,https://youtu.be/2QrwpRl_7kY?t=1569
2024,Top 8,556,3805,1,theDengler,Yes,Roll,1256780,253.0,1256780.0,253.0,635040.0,130.0,1157040.0,232.0,,,Intentional,18,39 KSx2,Yes,522000.0,99740.0,https://youtu.be/L0z0Nz5WPFM?t=153
2024,Top 8,556,3806,1,Sidnev,No,Roll,1173661,239.0,,,639601.0,132.0,1152061.0,230.0,,,Natural,18,39 KSx2,Yes,512460.0,21600.0,https://youtu.be/L0z0Nz5WPFM?t=153
2024,Top 8,556,3807,2,theDengler,Yes,Roll,1072320,231.0,1072320.0,231.0,633500.0,130.0,1072320.0,231.0,,,Natural,18,39 KSx2,Yes,438820.0,0.0,https://youtu.be/L0z0Nz5WPFM?t=757
2024,Top 8,556,3808,2,Sidnev,No,Roll,924681,239.0,,,559401.0,130.0,912681.0,230.0,,,Natural,18,39 KSx2,Yes,353280.0,12000.0,https://youtu.be/L0z0Nz5WPFM?t=757
2024,Top 8,556,3809,3,theDengler,No,Roll,1140660,271.0,,,557560.0,131.0,1017360.0,230.0,,,Natural,18,39 KSx2,Yes,459800.0,123300.0,https://youtu.be/L0z0Nz5WPFM?t=1321
2024,Top 8,556,3810,3,Sidnev,Yes,Roll,1332581,276.0,1332581.0,276.0,613941.0,130.0,1169461.0,233.0,,,Natural,18,39 KSx2,Yes,555520.0,163120.0,https://youtu.be/L0z0Nz5WPFM?t=1321
2024,Top 8,556,3811,4,theDengler,Yes,Roll,1583240,298.0,1583240.0,298.0,676460.0,133.0,1309080.0,232.0,,,Intentional,18,39 KSx2,Yes,632620.0,274160.0,https://youtu.be/L0z0Nz5WPFM?t=1991
2024,Top 8,556,3812,4,Sidnev,No,Roll,1283161,289.0,,,502081.0,130.0,1059861.0,231.0,,,Natural,18,39 KSx2,Yes,557780.0,223300.0,https://youtu.be/L0z0Nz5WPFM?t=1991
2024,Top 8,557,3813,1,dogplayingtetris,Yes,Roll,1135460,255.0,1132900.0,253.0,561320.0,130.0,1102060.0,231.0,,,Intentional,18,39 KSx2,Yes,540740.0,33400.0,https://youtu.be/L0z0Nz5WPFM?t=153
2024,Top 8,557,3814,1,MylesTheGreat,No,Roll,1107360,243.0,,,542300.0,130.0,1031720.0,233.0,,,Natural,18,39 KSx2,Yes,489420.0,75640.0,https://youtu.be/L0z0Nz5WPFM?t=153
2024,Top 8,557,3815,2,dogplayingtetris,No,Roll,1563940,297.0,,,619460.0,130.0,1217120.0,230.0,,,Natural,18,39 KSx2,Yes,597660.0,346820.0,https://youtu.be/L0z0Nz5WPFM?t=1579
2024,Top 8,557,3816,2,MylesTheGreat,Yes,Roll,1578340,328.0,1578340.0,328.0,541940.0,131.0,1078040.0,231.0,,,Natural,18,39 KSx2,Yes,536100.0,500300.0,https://youtu.be/L0z0Nz5WPFM?t=1579
2024,Top 8,557,3817,3,dogplayingtetris,Yes,Roll,1258000,273.0,1258000.0,273.0,490260.0,131.0,1094120.0,233.0,,,Intentional,18,39 KSx2,Yes,603860.0,163880.0,https://youtu.be/L0z0Nz5WPFM?t=2641
2024,Top 8,557,3818,3,MylesTheGreat,No,Roll,1100720,261.0,,,512300.0,132.0,1050280.0,230.0,,,Natural,18,39 KSx2,Yes,537980.0,50440.0,https://youtu.be/L0z0Nz5WPFM?t=2641
2024,Top 8,557,3819,4,dogplayingtetris,Yes,Roll,1200820,266.0,1200820.0,266.0,587920.0,132.0,1088820.0,232.0,,,Intentional,18,39 KSx2,Yes,500900.0,112000.0,https://youtu.be/L0z0Nz5WPFM?t=3239
2024,Top 8,557,3820,4,MylesTheGreat,No,Roll,1096460,266.0,,,541180.0,130.0,999540.0,232.0,,,Natural,18,39 KSx2,Yes,458360.0,96920.0,https://youtu.be/L0z0Nz5WPFM?t=3239
2024,Semis,558,3821,1,Tristop,No,Roll,1516840,317.0,,,486820.0,130.0,1059760.0,230.0,,,Natural,18,39 KSx2,Yes,572940.0,457080.0,https://youtu.be/g1czNKcJjkY?t=93
2024,Semis,558,3822,1,Alex T,Yes,Roll,1600240,331.0,1576880.0,316.0,544640.0,131.0,1057140.0,230.0,1598640.0,330.0,Natural,18,39 KSx2,Yes,512500.0,543100.0,https://youtu.be/g1czNKcJjkY?t=93
2024,Semis,558,3823,2,Tristop,No,Roll,1025960,252.0,,,454920.0,132.0,968360.0,233.0,,,Natural,18,39 KSx2,Yes,513440.0,57600.0,https://youtu.be/g1czNKcJjkY?t=761
2024,Semis,558,3824,2,Alex T,Yes,Roll,1212140,242.0,1212140.0,241.0,614120.0,130.0,1168900.0,233.0,,,Intentional,18,39 KSx2,Yes,554780.0,43240.0,https://youtu.be/g1czNKcJjkY?t=761
2024,Semis,558,3825,3,Tristop,Yes,Roll,1210220,291.0,1207340.0,289.0,543460.0,130.0,952340.0,233.0,,,Intentional,18,39 KSx2,Yes,408880.0,257880.0,https://youtu.be/g1czNKcJjkY?t=1366
2024,Semis,558,3826,3,Alex T,No,Roll,1206660,265.0,,,615660.0,130.0,1091600.0,230.0,,,Natural,18,39 KSx2,Yes,475940.0,115060.0,https://youtu.be/g1czNKcJjkY?t=1366
2024,Semis,558,3827,4,Tristop,Yes,Roll,1264440,250.0,1264440.0,250.0,658600.0,131.0,1201620.0,231.0,,,Intentional,18,39 KSx2,Yes,543020.0,62820.0,https://youtu.be/g1czNKcJjkY?t=1988
2024,Semis,558,3828,4,Alex T,No,Roll,1161490,241.0,,,520660.0,132.0,1150600.0,233.0,,,Natural,18,39 KSx2,Yes,629940.0,10890.0,https://youtu.be/g1czNKcJjkY?t=1988
2024,Semis,558,3829,5,Tristop,No,Roll,1464140,319.0,,,536600.0,130.0,1001680.0,231.0,,,Natural,18,39 KSx2,Yes,465080.0,462460.0,https://youtu.be/g1czNKcJjkY?t=2579
2024,Semis,558,3830,5,Alex T,Yes,Roll,1641308,320.0,1641308.0,320.0,598945.0,133.0,1100500.0,233.0,,,Natural,18,39 KSx2,Yes,501555.0,540808.0,https://youtu.be/g1czNKcJjkY?t=2579
2024,Semis,559,3831,1,theDengler,No,Roll,1085620,294.0,,,481180.0,130.0,918880.0,231.0,,,Natural,18,39 KSx2,Yes,437700.0,166740.0,https://youtu.be/3Rl5Ls8nsTs?t=76
2024,Semis,559,3832,1,dogplayingtetris,Yes,Roll,1368820,293.0,1368820.0,293.0,616040.0,130.0,1143960.0,233.0,,,Intentional,18,39 KSx2,Yes,527920.0,224860.0,https://youtu.be/3Rl5Ls8nsTs?t=76
2024,Semis,559,3833,2,theDengler,No,Roll,1059580,273.0,,,525600.0,131.0,962580.0,231.0,,,Natural,18,39 KSx2,Yes,436980.0,97000.0,https://youtu.be/3Rl5Ls8nsTs?t=712
2024,Semis,559,3834,2,dogplayingtetris,Yes,Roll,1277040,284.0,1277040.0,284.0,565500.0,131.0,1032700.0,231.0,,,Natural,18,39 KSx2,Yes,467200.0,244340.0,https://youtu.be/3Rl5Ls8nsTs?t=712
2024,Semis,559,3835,3,theDengler,No,Roll,1051760,234.0,,,573840.0,130.0,1049360.0,232.0,,,Natural,18,39 KSx2,Yes,475520.0,2400.0,https://youtu.be/3Rl5Ls8nsTs?t=1322
2024,Semis,559,3836,3,dogplayingtetris,Yes,Roll,1143600,230.0,1134600.0,227.0,643780.0,133.0,1143600.0,230.0,,,Intentional,18,39 KSx2,Yes,499820.0,0.0,https://youtu.be/3Rl5Ls8nsTs?t=1322
2024,Finals,560,3837,1,Alex T,Yes,Roll,761840,176.0,758480.0,173.0,559800.0,132.0,,,,,Intentional,18,39 KSx2,Yes,202040.0,,https://youtu.be/xNI_mTm3Czg?t=170
2024,Finals,560,3838,1,dogplayingtetris,No,Roll,757860,171.0,,,563980.0,133.0,,,,,Natural,18,39 KSx2,Yes,193880.0,,https://youtu.be/xNI_mTm3Czg?t=170
2024,Finals,560,3839,2,Alex T,No,Roll,1402380,317.0,,,499380.0,130.0,1069840.0,233.0,,,Natural,18,39 KSx2,Yes,570460.0,332540.0,https://youtu.be/xNI_mTm3Czg?t=650
2024,Finals,560,3840,2,dogplayingtetris,Yes,Roll,1584840,321.0,1584840.0,321.0,579980.0,130.0,1114920.0,230.0,,,Natural,18,39 KSx2,Yes,534940.0,469920.0,https://youtu.be/xNI_mTm3Czg?t=650
2024,Finals,560,3841,3,Alex T,Yes,Roll,1216320,260.0,1216320.0,260.0,519900.0,130.0,1114920.0,233.0,,,Natural,18,39 KSx2,Yes,595020.0,101400.0,https://youtu.be/xNI_mTm3Czg?t=1349
2024,Finals,560,3842,3,dogplayingtetris,No,Roll,1181660,259.0,,,545740.0,133.0,1074280.0,231.0,,,Natural,18,39 KSx2,Yes,528540.0,107380.0,https://youtu.be/xNI_mTm3Czg?t=1349
2024,Finals,560,3843,4,Alex T,No,Roll,1162720,276.0,,,402860.0,130.0,998520.0,231.0,,,Natural,18,39 KSx2,Yes,595660.0,164200.0,https://youtu.be/xNI_mTm3Czg?t=1968
2024,Finals,560,3844,4,dogplayingtetris,Yes,Roll,1172680,288.0,1168480.0,285.0,558660.0,130.0,1017040.0,230.0,,,Intentional,18,39 KSx2,Yes,458380.0,155640.0,https://youtu.be/xNI_mTm3Czg?t=1968
2024,Finals,560,3845,5,Alex T,Yes,Roll,1788449,336.0,,,559809.0,133.0,1160149.0,231.0,1780449.0,331.0,Natural,18,39 KSx2,Yes,600340.0,628300.0,https://youtu.be/xNI_mTm3Czg?t=2631
2024,Finals,560,3846,5,dogplayingtetris,No,Roll,1495060,301.0,,,559800.0,133.0,1129840.0,232.0,,,Natural,18,39 KSx2,Yes,570040.0,365220.0,https://youtu.be/xNI_mTm3Czg?t=2631
2025,Top 64,561,3847,1,TT Playa,Yes,Roll,972860,220.0,972860.0,220.0,601980.0,133.0,,,,,Natural,18,39 KSx2,Yes,370880.0,,
2025,Top 64,561,3848,1,winterra,No,Roll,972740,245.0,,,522040.0,132.0,924660.0,232.0,,,Natural,18,39 KSx2,Yes,402620.0,48080.0,
2025,Top 64,561,3849,2,TT Playa,No,Roll,1094660,238.0,,,601600.0,132.0,1086260.0,231.0,,,Natural,18,39 KSx2,Yes,484660.0,8400.0,
2025,Top 64,561,3850,2,winterra,Yes,Roll,1120021,242.0,1120021.0,242.0,614901.0,130.0,1107301.0,232.0,,,Intentional,18,39 KSx2,Yes,492400.0,12720.0,
2025,Top 64,561,3851,3,TT Playa,No,Roll,682980,185.0,,,580320.0,131.0,,,,,Natural,18,39 KSx2,Yes,102660.0,,
2025,Top 64,561,3852,3,winterra,Yes,Roll,866540,195.0,866540.0,195.0,520700.0,130.0,,,,,Intentional,18,39 KSx2,Yes,345840.0,,
2025,Top 64,561,3853,4,TT Playa,No,Roll,232940,65.0,,,,,,,,,Natural,18,39 KSx2,Yes,,,
2025,Top 64,561,3854,4,winterra,Yes,Roll,265620,79.0,234840.0,69.0,,,,,,,Intentional,18,39 KSx2,Yes,,,
2025,Top 64,562,3855,1,DanV,No,Roll,938020,254.0,,,558280.0,133.0,872280.0,233.0,,,Natural,18,39 KSx2,Yes,314000.0,65740.0,
2025,Top 64,562,3856,1,SaltedSofa,Yes,DAS,946360,238.0,946360.0,238.0,538140.0,130.0,934360.0,233.0,,,Natural,18,39 KSx2,Yes,396220.0,12000.0,
2025,Top 64,562,3857,2,DanV,Yes,Roll,551060,140.0,551060.0,140.0,522560.0,131.0,,,,,Intentional,18,39 KSx2,Yes,28500.0,,
2025,Top 64,562,3858,2,SaltedSofa,No,DAS,457300,133.0,,,454900.0,130.0,,,,,Natural,18,39 KSx2,Yes,2400.0,,
2025,Top 64,562,3859,3,DanV,Yes,Roll,705880,177.0,705880.0,177.0,498980.0,130.0,,,,,Intentional,18,39 KSx2,Yes,206900.0,,
2025,Top 64,562,3860,3,SaltedSofa,No,DAS,669500,166.0,,,562120.0,130.0,,,,,Natural,18,39 KSx2,Yes,107380.0,,
2025,Top 64,562,3861,4,DanV,Yes,Roll,336300,95.0,336300.0,95.0,,,,,,,Intentional,18,39 KSx2,Yes,,,
2025,Top 64,562,3862,4,SaltedSofa,No,DAS,273600,93.0,,,,,,,,,Natural,18,39 KSx2,Yes,,,
2025,Top 64,563,3863,1,Phloxae,No,Roll,941021,237.0,,,558281.0,131.0,934421.0,232.0,,,Natural,18,39 KSx2,Yes,376140.0,6600.0,https://www.youtube.com/live/0YqmcW7sHbA?t=82
2025,Top 64,563,3864,1,Hepps,Yes,Roll,1053880,234.0,1053880.0,234.0,597040.0,131.0,1052680.0,233.0,,,Aggressive,18,39 KSx2,Yes,455640.0,1200.0,https://www.youtube.com/live/0YqmcW7sHbA?t=82
2025,Top 64,563,3865,2,Phloxae,No,Roll,201401,79.0,,,,,,,,,Natural,18,39 KSx2,Yes,,,https://www.youtube.com/live/0YqmcW7sHbA?t=685
2025,Top 64,563,3866,2,Hepps,Yes,Roll,279300,78.0,279300.0,78.0,,,,,,,Intentional,18,39 KSx2,Yes,,,https://www.youtube.com/live/0YqmcW7sHbA?t=685
2025,Top 64,563,3867,3,Phloxae,Yes,Roll,970180,221.0,970180.0,221.0,579980.0,130.0,,,,,Natural,18,39 KSx2,Yes,390200.0,,https://www.youtube.com/live/0YqmcW7sHbA?t=957
2025,Top 64,563,3868,3,Hepps,No,Roll,957600,237.0,,,554460.0,130.0,950400.0,231.0,,,Natural,18,39 KSx2,Yes,395940.0,7200.0,https://www.youtube.com/live/0YqmcW7sHbA?t=957
2025,Top 64,563,3869,4,Phloxae,No,Roll,594261,213.0,,,426801.0,133.0,,,,,Natural,18,39 KSx2,Yes,167460.0,,https://www.youtube.com/live/0YqmcW7sHbA?t=1575
2025,Top 64,563,3870,4,Hepps,Yes,Roll,936106,240.0,819106.0,219.0,463326.0,131.0,925866.0,232.0,,,Intentional,18,39 KSx2,Yes,462540.0,10240.0,https://www.youtube.com/live/0YqmcW7sHbA?t=1575
2025,Top 64,564,3871,1,HydrantDude,Yes,Roll,1076720,259.0,1076720.0,259.0,581460.0,132.0,1038760.0,231.0,,,Intentional,18,39 KSx2,Yes,457300.0,37960.0,https://www.youtube.com/live/0YqmcW7sHbA?t=82
2025,Top 64,564,3872,1,evesy,No,Roll,840980,242.0,,,492160.0,132.0,825240.0,230.0,,,Natural,18,39 KSx2,Yes,333080.0,15740.0,https://www.youtube.com/live/0YqmcW7sHbA?t=82
2025,Top 64,564,3873,2,HydrantDude,Yes,Roll,691120,178.0,691120.0,178.0,478100.0,130.0,,,,,Intentional,18,39 KSx2,Yes,213020.0,,https://www.youtube.com/live/0YqmcW7sHbA?t=685
2025,Top 64,564,3874,2,evesy,No,Roll,520740,164.0,,,468220.0,132.0,,,,,Natural,18,39 KSx2,Yes,52520.0,,https://www.youtube.com/live/0YqmcW7sHbA?t=685
2025,Top 64,564,3875,3,HydrantDude,Yes,Roll,1064880,243.0,1064880.0,243.0,562820.0,130.0,1041240.0,230.0,,,Intentional,18,39 KSx2,Yes,478420.0,23640.0,https://www.youtube.com/live/0YqmcW7sHbA?t=1199
2025,Top 64,564,3876,3,evesy,No,Roll,870440,236.0,,,465220.0,130.0,862640.0,230.0,,,Natural,18,39 KSx2,Yes,397420.0,7800.0,https://www.youtube.com/live/0YqmcW7sHbA?t=1199
2025,Top 64,565,3877,1,Redshurt,Yes,Roll,1152300,270.0,1152300.0,270.0,579560.0,133.0,1024240.0,231.0,,,Intentional,18,39 KSx2,Yes,444680.0,128060.0,
2025,Top 64,565,3878,1,Opaux,No,Roll,1093520,276.0,,,334460.0,131.0,899080.0,231.0,,,Natural,18,39 KSx2,Yes,564620.0,194440.0,
2025,Top 64,565,3879,2,Redshurt,No,Roll,1055620,268.0,,,501260.0,130.0,932980.0,233.0,,,Natural,18,39 KSx2,Yes,431720.0,122640.0,
2025,Top 64,565,3880,2,Opaux,Yes,Roll,1212500,267.0,1212500.0,267.0,522940.0,132.0,1027800.0,230.0,,,Natural,18,39 KSx2,Yes,504860.0,184700.0,
2025,Top 64,565,3881,3,Redshurt,No,Roll,1244040,241.0,,,660880.0,133.0,1230160.0,230.0,,,Natural,18,39 KSx2,Yes,569280.0,13880.0,
2025,Top 64,565,3882,3,Opaux,Yes,Roll,1246880,293.0,1245440.0,292.0,617180.0,132.0,1073240.0,230.0,,,Intentional,18,39 KSx2,Yes,456060.0,173640.0,
2025,Top 64,565,3883,4,Redshurt,No,Roll,1102380,281.0,,,522560.0,132.0,1035980.0,233.0,,,Natural,18,39 KSx2,Yes,513420.0,66400.0,
2025,Top 64,565,3884,4,Opaux,Yes,Roll,1107540,244.0,1107540.0,244.0,544600.0,133.0,1094140.0,233.0,,,Natural,18,39 KSx2,Yes,549540.0,13400.0,
2025,Top 64,566,3885,1,Nowi,Yes,Roll,1139720,242.0,1139720.0,242.0,600820.0,130.0,1126340.0,232.0,,,Intentional,18,39 KSx2,Yes,525520.0,13380.0,
2025,Top 64,566,3886,1,doge,No,Roll,1023061,234.0,,,574981.0,130.0,1018861.0,231.0,,,Natural,18,39 KSx2,Yes,443880.0,4200.0,
2025,Top 64,566,3887,2,Nowi,Yes,Roll,1206740,268.0,1206740.0,268.0,543080.0,131.0,1107760.0,231.0,,,Intentional,18,39 KSx2,Yes,564680.0,98980.0,
2025,Top 64,566,3888,2,doge,No,Roll,988884,259.0,,,469424.0,131.0,884404.0,233.0,,,Natural,18,39 KSx2,Yes,414980.0,104480.0,
2025,Top 64,566,3889,3,Nowi,No,Roll,456741,145.0,,,423761.0,132.0,,,,,Natural,18,39 KSx2,Yes,32980.0,,
2025,Top 64,566,3890,3,doge,Yes,Roll,611880,170.0,583080.0,166.0,483040.0,132.0,,,,,Intentional,18,39 KSx2,Yes,128840.0,,
2025,Top 64,566,3891,4,Nowi,No,Roll,784660,231.0,,,506980.0,132.0,784660.0,231.0,,,Natural,18,39 KSx2,Yes,277680.0,0.0,
2025,Top 64,566,3892,4,doge,Yes,Roll,872567,203.0,872567.0,203.0,549927.0,133.0,,,,,Natural,18,39 KSx2,Yes,322640.0,,
2025,Top 64,566,3893,5,Nowi,Yes,Roll,1098400,243.0,1098400.0,243.0,562700.0,130.0,1083240.0,231.0,,,Natural,18,39 KSx2,Yes,520540.0,15160.0,
2025,Top 64,566,3894,5,doge,No,Roll,1070047,302.0,,,478467.0,130.0,931927.0,231.0,,,Natural,18,39 KSx2,Yes,453460.0,138120.0,
2025,Top 64,567,3895,1,Rhubarb,Yes,Roll,576020,148.0,576020.0,148.0,537380.0,130.0,,,,,Intentional,18,39 KSx2,Yes,38640.0,,https://youtu.be/qfO6IvJnpDM?t=8
2025,Top 64,567,3896,1,Id_Kirby,No,Roll,567760,138.0,,,560560.0,130.0,,,,,Natural,18,39 KSx2,Yes,7200.0,,https://youtu.be/qfO6IvJnpDM?t=8
2025,Top 64,567,3897,2,Rhubarb,Yes,Roll,1170240,248.0,1170240.0,248.0,562460.0,132.0,1111600.0,232.0,,,Intentional,18,39 KSx2,Yes,549140.0,58640.0,https://youtu.be/qfO6IvJnpDM?t=405
2025,Top 64,567,3898,2,Id_Kirby,No,Roll,955740,235.0,,,552580.0,132.0,949140.0,230.0,,,Natural,18,39 KSx2,Yes,396560.0,6600.0,https://youtu.be/qfO6IvJnpDM?t=405
2025,Top 64,567,3899,3,Rhubarb,Yes,Roll,839500,206.0,839500.0,206.0,605260.0,132.0,,,,,Intentional,18,39 KSx2,Yes,234240.0,,https://youtu.be/qfO6IvJnpDM?t=1000
2025,Top 64,567,3900,3,Id_Kirby,No,Roll,814840,173.0,,,614180.0,130.0,,,,,Natural,18,39 KSx2,Yes,200660.0,,https://youtu.be/qfO6IvJnpDM?t=1000
2025,Top 64,568,3901,1,WallBant,Yes,Roll,1131640,236.0,1131640.0,236.0,519880.0,130.0,1124440.0,231.0,,,Natural,18,39 KSx2,Yes,604560.0,7200.0,https://youtu.be/qfO6IvJnpDM?t=8
2025,Top 64,568,3902,1,jerpi,No,Roll,1011580,230.0,,,526740.0,131.0,1011580.0,230.0,,,Natural,18,39 KSx2,Yes,484840.0,0.0,https://youtu.be/qfO6IvJnpDM?t=8
2025,Top 64,568,3903,2,WallBant,No,Roll,978960,266.0,,,482320.0,131.0,877240.0,230.0,,,Natural,18,39 KSx2,Yes,394920.0,101720.0,https://youtu.be/qfO6IvJnpDM?t=609
2025,Top 64,568,3904,2,jerpi,Yes,Roll,1170600,232.0,1170600.0,232.0,520900.0,130.0,1170600.0,232.0,,,Natural,18,39 KSx2,Yes,649700.0,0.0,https://youtu.be/qfO6IvJnpDM?t=609
2025,Top 64,568,3905,3,WallBant,Yes,Roll,612260,156.0,612260.0,156.0,500900.0,131.0,,,,,Intentional,18,39 KSx2,Yes,111360.0,,https://youtu.be/qfO6IvJnpDM?t=1250
2025,Top 64,568,3906,3,jerpi,No,Roll,563460,136.0,,,558260.0,130.0,,,,,Natural,18,39 KSx2,Yes,5200.0,,https://youtu.be/qfO6IvJnpDM?t=1250
2025,Top 64,568,3907,4,WallBant,No,Roll,754045,188.0,,,562465.0,133.0,,,,,Natural,18,39 KSx2,Yes,191580.0,,https://youtu.be/qfO6IvJnpDM?t=1631
2025,Top 64,568,3908,4,jerpi,Yes,Roll,853847,189.0,853847.0,189.0,636187.0,132.0,,,,,Intentional,18,39 KSx2,Yes,217660.0,,https://youtu.be/qfO6IvJnpDM?t=1631
2025,Top 64,568,3909,5,WallBant,Yes,Roll,1184580,324.0,1184580.0,324.0,446600.0,130.0,963580.0,233.0,,,Intentional,18,39 KSx2,Yes,516980.0,221000.0,https://youtu.be/qfO6IvJnpDM?t=2088
2025,Top 64,568,3910,5,jerpi,No,Roll,1124820,308.0,,,479600.0,130.0,942520.0,230.0,,,Natural,18,39 KSx2,Yes,462920.0,182300.0,https://youtu.be/qfO6IvJnpDM?t=2088
2025,Top 64,569,3911,1,Bland,Yes,Roll,258780,95.0,258780.0,95.0,,,,,,,Intentional,18,39 KSx2,Yes,,,https://youtu.be/FLRyM_BWl_8?t=14
2025,Top 64,569,3912,1,night,No,Roll,237500,72.0,,,,,,,,,Natural,18,39 KSx2,Yes,,,https://youtu.be/FLRyM_BWl_8?t=14
2025,Top 64,569,3913,2,Bland,No,Roll,620020,149.0,,,562460.0,132.0,,,,,Natural,18,39 KSx2,Yes,57560.0,,https://youtu.be/FLRyM_BWl_8?t=291
2025,Top 64,569,3914,2,night,Yes,Roll,707460,157.0,707460.0,157.0,596280.0,130.0,,,,,Intentional,18,39 KSx2,Yes,111180.0,,https://youtu.be/FLRyM_BWl_8?t=291
2025,Top 64,569,3915,3,Bland,Yes,Roll,1114160,255.0,1114160.0,255.0,608060.0,133.0,987600.0,232.0,,,Natural,18,39 KSx2,Yes,379540.0,126560.0,https://youtu.be/FLRyM_BWl_8?t=755
2025,Top 64,569,3916,3,night,No,Roll,1097760,280.0,,,464840.0,130.0,1013400.0,231.0,,,Natural,18,39 KSx2,Yes,548560.0,84360.0,https://youtu.be/FLRyM_BWl_8?t=755
2025,Top 64,569,3917,4,Bland,No,Roll,430160,96.0,,,,,,,,,Natural,18,39 KSx2,Yes,,,https://youtu.be/FLRyM_BWl_8?t=1574
2025,Top 64,569,3918,4,night,Yes,Roll,436620,114.0,436620.0,114.0,,,,,,,Intentional,18,39 KSx2,Yes,,,https://youtu.be/FLRyM_BWl_8?t=1574
2025,Top 64,569,3919,5,Bland,No,Roll,888940,233.0,,,487200.0,130.0,887740.0,232.0,,,Natural,18,39 KSx2,Yes,400540.0,1200.0,https://youtu.be/FLRyM_BWl_8?t=1882
2025,Top 64,569,3920,5,night,Yes,Roll,1000380,248.0,1000380.0,248.0,464400.0,130.0,975980.0,230.0,,,Intentional,18,39 KSx2,Yes,511580.0,24400.0,https://youtu.be/FLRyM_BWl_8?t=1882
2025,Top 64,570,3921,1,Coal,Yes,Roll,1028520,263.0,1028520.0,263.0,500900.0,132.0,943700.0,230.0,,,Intentional,18,39 KSx2,Yes,442800.0,84820.0,https://youtu.be/FLRyM_BWl_8?t=14
2025,Top 64,570,3922,1,CheeZ,No,Roll,866980,256.0,,,367560.0,130.0,800460.0,230.0,,,Natural,18,39 KSx2,Yes,432900.0,66520.0,https://youtu.be/FLRyM_BWl_8?t=14
2025,Top 64,570,3923,2,Coal,Yes,Roll,1145100,262.0,,,582980.0,130.0,1094740.0,230.0,,,Intentional,18,39 KSx2,Yes,511760.0,50360.0,https://youtu.be/FLRyM_BWl_8?t=632
2025,Top 64,570,3924,2,CheeZ,No,Roll,1002360,262.0,,,389180.0,130.0,962260.0,232.0,,,Natural,18,39 KSx2,Yes,573080.0,40100.0,https://youtu.be/FLRyM_BWl_8?t=632
2025,Top 64,570,3925,3,Coal,No,Roll,1003109,257.0,,,578409.0,130.0,895749.0,232.0,,,Natural,18,39 KSx2,Yes,317340.0,107360.0,https://youtu.be/FLRyM_BWl_8?t=1271
2025,Top 64,570,3926,3,CheeZ,Yes,Roll,1127180,273.0,1127180.0,273.0,601220.0,132.0,1066720.0,233.0,,,Intentional,18,39 KSx2,Yes,465500.0,60460.0,https://youtu.be/FLRyM_BWl_8?t=1271
2025,Top 64,570,3927,4,Coal,Yes,Roll,511100,116.0,511100.0,116.0,,,,,,,Intentional,18,39 KSx2,Yes,,,https://youtu.be/FLRyM_BWl_8?t=1882
2025,Top 64,570,3928,4,CheeZ,No,Roll,402800,109.0,,,,,,,,,Natural,18,39 KSx2,Yes,,,https://youtu.be/FLRyM_BWl_8?t=1882
2025,Top 64,571,3929,1,Dillan,Yes,Tap,953680,202.0,953680.0,202.0,677980.0,132.0,,,,,Intentional,18,39 KSx2,Yes,275700.0,,https://youtu.be/XXrk4BTBaLw?t=4
2025,Top 64,571,3930,1,AvGeekW159,No,Roll,797340,203.0,,,501660.0,130.0,,,,,Natural,18,39 KSx2,Yes,295680.0,,https://youtu.be/XXrk4BTBaLw?t=4
2025,Top 64,571,3931,2,Dillan,Yes,Tap,1170540,246.0,1170540.0,246.0,563220.0,130.0,1147440.0,232.0,,,Natural,18,39 KSx2,Yes,584220.0,23100.0,https://youtu.be/XXrk4BTBaLw?t=530
2025,Top 64,571,3932,2,AvGeekW159,No,Roll,1015680,259.0,,,430580.0,130.0,969660.0,232.0,,,Natural,18,39 KSx2,Yes,539080.0,46020.0,https://youtu.be/XXrk4BTBaLw?t=530
2025,Top 64,571,3933,3,Dillan,Yes,Tap,1035700,231.0,,,564360.0,132.0,1035700.0,231.0,,,Natural,18,39 KSx2,Yes,471340.0,0.0,https://youtu.be/XXrk4BTBaLw?t=1117
2025,Top 64,571,3934,3,AvGeekW159,No,Roll,972980,231.0,,,601220.0,133.0,972980.0,231.0,,,Natural,18,39 KSx2,Yes,371760.0,0.0,https://youtu.be/XXrk4BTBaLw?t=1117
2025,Top 64,572,3935,1,Eren,No,Tap,875140,248.0,,,540400.0,130.0,846560.0,230.0,,,Natural,18,39 KSx2,Yes,306160.0,28580.0,https://youtu.be/XXrk4BTBaLw?t=4
2025,Top 64,572,3936,1,doodle,Yes,Roll,986180,249.0,986180.0,249.0,539640.0,130.0,,,,,Intentional,18,39 KSx2,Yes,,,https://youtu.be/XXrk4BTBaLw?t=4
2025,Top 64,572,3937,2,Eren,No,Tap,610280,153.0,,,565500.0,130.0,,,,,Natural,18,39 KSx2,Yes,44780.0,,https://youtu.be/XXrk4BTBaLw?t=626
2025,Top 64,572,3938,2,doodle,Yes,Roll,702060,164.0,702060.0,164.0,578780.0,130.0,,,,,Intentional,18,39 KSx2,Yes,123280.0,,https://youtu.be/XXrk4BTBaLw?t=626
2025,Top 64,572,3939,3,Eren,Yes,Tap,826100,195.0,826100.0,195.0,624400.0,133.0,,,,,Intentional,18,39 KSx2,Yes,201700.0,,https://youtu.be/XXrk4BTBaLw?t=1117
2025,Top 64,572,3940,3,doodle,No,Roll,703100,184.0,,,518000.0,131.0,,,,,Natural,18,39 KSx2,Yes,185100.0,,https://youtu.be/XXrk4BTBaLw?t=1117
2025,Top 64,572,3941,4,Eren,Yes,Tap,1018400,236.0,1018400.0,236.0,567640.0,132.0,1013600.0,232.0,,,Natural,18,39 KSx2,Yes,445960.0,4800.0,https://youtu.be/XXrk4BTBaLw?t=1682
2025,Top 64,572,3942,4,doodle,No,Roll,1016860,241.0,,,545360.0,133.0,1004180.0,231.0,,,Natural,18,39 KSx2,Yes,458820.0,12680.0,https://youtu.be/XXrk4BTBaLw?t=1682
2025,Top 64,572,3943,5,Eren,Yes,Tap,930620,239.0,930620.0,239.0,536980.0,130.0,914420.0,230.0,,,Natural,18,39 KSx2,Yes,377440.0,16200.0,https://youtu.be/XXrk4BTBaLw?t=2244
2025,Top 64,572,3944,5,doodle,No,Roll,703100,247.0,,,342040.0,130.0,679940.0,230.0,,,Natural,18,39 KSx2,Yes,337900.0,23160.0,https://youtu.be/XXrk4BTBaLw?t=2244
2025,Top 64,573,3945,1,TetrisTime,No,Roll,1040200,291.0,,,499800.0,131.0,920580.0,232.0,,,Natural,18,39 KSx2,Yes,420780.0,119620.0,https://youtu.be/3yWjAa9r2S4?t=41
2025,Top 64,573,3946,1,EricICX,Yes,Roll,1051560,242.0,1051560.0,242.0,581080.0,131.0,1040040.0,233.0,,,Natural,18,39 KSx2,Yes,458960.0,11520.0,https://youtu.be/3yWjAa9r2S4?t=41
2025,Top 64,573,3947,2,TetrisTime,Yes,Roll,1100540,249.0,1100540.0,249.0,539700.0,130.0,1041740.0,232.0,,,Intentional,18,39 KSx2,Yes,502040.0,58800.0,https://youtu.be/3yWjAa9r2S4?t=705
2025,Top 64,573,3948,2,EricICX,No,Roll,1041440,253.0,,,444280.0,130.0,946620.0,230.0,,,Natural,18,39 KSx2,Yes,502340.0,94820.0,https://youtu.be/3yWjAa9r2S4?t=705
2025,Top 64,573,3949,3,TetrisTime,Yes,Roll,525540,116.0,525540.0,116.0,,,,,,,Intentional,18,39 KSx2,Yes,,,https://youtu.be/3yWjAa9r2S4?t=1293
2025,Top 64,573,3950,3,EricICX,No,Roll,353020,110.0,,,,,,,,,Natural,18,39 KSx2,Yes,,,https://youtu.be/3yWjAa9r2S4?t=1293
2025,Top 64,573,3951,4,TetrisTime,Yes,Roll,942780,254.0,942780.0,254.0,451500.0,130.0,907880.0,232.0,,,Natural,18,39 KSx2,Yes,456380.0,34900.0,https://youtu.be/3yWjAa9r2S4?t=1618
2025,Top 64,573,3952,4,EricICX,No,Roll,880000,244.0,,,476960.0,132.0,861720.0,230.0,,,Natural,18,39 KSx2,Yes,384760.0,18280.0,https://youtu.be/3yWjAa9r2S4?t=1618
2025,Top 64,574,3953,1,Bendy,Yes,Tap,668882,155.0,668882.0,155.0,560562.0,130.0,,,,,Intentional,18,39 KSx2,Yes,108320.0,,https://youtu.be/3yWjAa9r2S4?t=9
2025,Top 64,574,3954,1,shakeqc,No,Roll,465780,154.0,,,382340.0,130.0,,,,,Natural,18,39 KSx2,Yes,83440.0,,https://youtu.be/3yWjAa9r2S4?t=9
2025,Top 64,574,3955,2,Bendy,Yes,Tap,1066900,275.0,1039720.0,256.0,502440.0,132.0,1008600.0,233.0,,,Natural,18,39 KSx2,Yes,506160.0,58300.0,https://youtu.be/3yWjAa9r2S4?t=437
2025,Top 64,574,3956,2,shakeqc,No,Roll,1038680,236.0,,,538900.0,132.0,1032680.0,231.0,,,Natural,18,39 KSx2,Yes,493780.0,6000.0,https://youtu.be/3yWjAa9r2S4?t=437
2025,Top 64,574,3957,3,Bendy,Yes,Tap,749721,236.0,737761.0,227.0,391521.0,132.0,741921.0,230.0,,,Natural,18,39 KSx2,Yes,350400.0,7800.0,https://youtu.be/3yWjAa9r2S4?t=1123
2025,Top 64,574,3958,3,shakeqc,No,Roll,716520,198.0,,,432500.0,132.0,,,,,Natural,18,39 KSx2,Yes,284020.0,,https://youtu.be/3yWjAa9r2S4?t=1123
2025,Top 64,575,3959,1,shqdwnight,No,Roll,770220,233.0,,,353880.0,130.0,766020.0,230.0,,,Natural,18,39 KSx2,Yes,412140.0,4200.0,https://youtu.be/lNZ_0HaM4WE?t=13
2025,Top 64,575,3960,1,brodindamp,Yes,Roll,851820,217.0,851820.0,217.0,529820.0,130.0,,,,,Intentional,18,39 KSx2,Yes,322000.0,,https://youtu.be/lNZ_0HaM4WE?t=13
2025,Top 64,575,3961,2,shqdwnight,No,Roll,479080,153.0,,,458340.0,133.0,,,,,Natural,18,39 KSx2,Yes,20740.0,,https://youtu.be/lNZ_0HaM4WE?t=547
2025,Top 64,575,3962,2,brodindamp,Yes,Roll,624381,153.0,624381.0,153.0,542701.0,133.0,,,,,Intentional,18,39 KSx2,Yes,81680.0,,https://youtu.be/lNZ_0HaM4WE?t=547
2025,Top 64,575,3963,3,shqdwnight,Yes,Roll,995320,276.0,995320.0,276.0,531300.0,133.0,846720.0,230.0,,,Natural,18,39 KSx2,Yes,315420.0,148600.0,https://youtu.be/lNZ_0HaM4WE?t=973
2025,Top 64,575,3964,3,brodindamp,No,Roll,992080,266.0,,,525600.0,133.0,911580.0,231.0,,,Natural,18,39 KSx2,Yes,385980.0,80500.0,https://youtu.be/lNZ_0HaM4WE?t=973
2025,Top 64,575,3965,4,shqdwnight,No,Roll,864920,260.0,,,390320.0,130.0,813180.0,230.0,,,Natural,18,39 KSx2,Yes,422860.0,51740.0,https://youtu.be/lNZ_0HaM4WE?t=1613
2025,Top 64,575,3966,4,brodindamp,Yes,Roll,978520,251.0,978520.0,251.0,543460.0,130.0,953340.0,232.0,,,Natural,18,39 KSx2,Yes,409880.0,25180.0,https://youtu.be/lNZ_0HaM4WE?t=1613
2025,Top 64,576,3967,1,Lazer,Yes,Roll,1027000,238.0,1019800.0,233.0,508480.0,130.0,1018600.0,232.0,,,Intentional,18,39 KSx2,Yes,510120.0,8400.0,https://youtu.be/lNZ_0HaM4WE?t=13
2025,Top 64,576,3968,1,Firedox,No,Roll,651954,230.0,,,316154.0,130.0,651954.0,230.0,,,Natural,18,39 KSx2,Yes,335800.0,0.0,https://youtu.be/lNZ_0HaM4WE?t=13
2025,Top 64,576,3969,2,Lazer,Yes,Roll,1041140,254.0,1035380.0,250.0,455680.0,132.0,968460.0,230.0,,,Intentional,18,39 KSx2,Yes,512780.0,72680.0,https://youtu.be/lNZ_0HaM4WE?t=547
2025,Top 64,576,3970,2,Firedox,No,Roll,888780,246.0,,,442960.0,130.0,860800.0,230.0,,,Natural,18,39 KSx2,Yes,417840.0,27980.0,https://youtu.be/lNZ_0HaM4WE?t=547
2025,Top 64,576,3971,3,Lazer,Yes,Roll,1189960,234.0,1189960.0,234.0,614120.0,130.0,1184560.0,230.0,,,Natural,18,39 KSx2,Yes,570440.0,5400.0,https://youtu.be/lNZ_0HaM4WE?t=1119
2025,Top 64,576,3972,3,Firedox,No,Roll,851119,229.0,,,521119.0,132.0,,,,,Natural,18,39 KSx2,Yes,330000.0,,https://youtu.be/lNZ_0HaM4WE?t=1119
2025,Top 32,577,3973,1,Alex T,Yes,Roll,843480,183.0,843480.0,183.0,581820.0,130.0,,,,,Intentional,18,39 KSx2,Yes,261660.0,,
2025,Top 32,577,3974,1,Hepps,No,Roll,733320,181.0,,,472820.0,130.0,,,,,Natural,18,39 KSx2,Yes,260500.0,,
2025,Top 32,577,3975,2,Alex T,Yes,Roll,1096160,294.0,1051520.0,289.0,418060.0,132.0,857020.0,230.0,,,Intentional,18,39 KSx2,Yes,438960.0,239140.0,
2025,Top 32,577,3976,2,Hepps,No,Roll,1037540,274.0,,,492160.0,133.0,935440.0,230.0,,,Natural,18,39 KSx2,Yes,443280.0,102100.0,
2025,Top 32,577,3977,3,Alex T,Yes,Roll,1762960,333.0,1762960.0,333.0,576880.0,130.0,1113500.0,230.0,1750960.0,330.0,Natural,18,39 KSx2,Yes,536620.0,649460.0,
2025,Top 32,577,3978,3,Hepps,No,Roll,1369960,331.0,,,581820.0,130.0,1088720.0,231.0,,,Natural,18,39 KSx2,Yes,506900.0,281240.0,
2025,Top 32,578,3979,1,theDengler,Yes,Roll,1078920,248.0,1078920.0,248.0,540460.0,131.0,1055160.0,230.0,,,Intentional,18,39 KSx2,Yes,514700.0,23760.0,
2025,Top 32,578,3980,1,DanV,No,Roll,866700,252.0,,,414680.0,130.0,852240.0,230.0,,,Natural,18,39 KSx2,Yes,437560.0,14460.0,
2025,Top 32,578,3981,2,theDengler,No,Roll,1088320,311.0,,,579180.0,130.0,921540.0,233.0,,,Natural,18,39 KSx2,Yes,342360.0,166780.0,
2025,Top 32,578,3982,2,DanV,Yes,Roll,1258080,262.0,1258080.0,262.0,641120.0,133.0,1211360.0,231.0,,,Natural,18,39 KSx2,Yes,570240.0,46720.0,
2025,Top 32,578,3983,3,theDengler,No,Roll,932360,252.0,,,538500.0,130.0,897800.0,231.0,,,Natural,18,39 KSx2,Yes,359300.0,34560.0,
2025,Top 32,578,3984,3,DanV,Yes,Roll,982500,251.0,982500.0,251.0,563220.0,133.0,948620.0,230.0,,,Natural,18,39 KSx2,Yes,385400.0,33880.0,
2025,Top 32,578,3985,4,theDengler,Yes,Roll,1008380,292.0,1003340.0,289.0,598940.0,130.0,887580.0,230.0,,,Intentional,18,39 KSx2,Yes,288640.0,120800.0,
2025,Top 32,578,3986,4,DanV,No,Roll,1002880,233.0,,,559040.0,130.0,999880.0,231.0,,,Natural,18,39 KSx2,Yes,440840.0,3000.0,
2025,Top 32,578,3987,5,theDengler,Yes,Roll,861360,212.0,858560.0,210.0,548400.0,131.0,,,,,Intentional,18,39 KSx2,Yes,312960.0,,
2025,Top 32,578,3988,5,DanV,No,Roll,819920,203.0,,,528260.0,131.0,,,,,Natural,18,39 KSx2,Yes,291660.0,,
2025,Top 32,579,3989,1,PixelAndy,No,Roll,1000140,240.0,,,586020.0,133.0,989900.0,232.0,,,Natural,18,39 KSx2,Yes,403880.0,10240.0,https://youtu.be/AVAsG434I-A?t=20
2025,Top 32,579,3990,1,winterra,Yes,Roll,1011760,250.0,1011760.0,250.0,540040.0,132.0,957860.0,232.0,,,Intentional,18,39 KSx2,Yes,417820.0,53900.0,https://youtu.be/AVAsG434I-A?t=20
2025,Top 32,579,3991,2,PixelAndy,Yes,Roll,1240900,271.0,1240900.0,271.0,522220.0,132.0,1109380.0,232.0,,,Intentional,18,39 KSx2,Yes,587160.0,131520.0,https://youtu.be/AVAsG434I-A?t=663
2025,Top 32,579,3992,2,winterra,No,Roll,1230220,262.0,,,578420.0,133.0,1122760.0,230.0,,,Natural,18,39 KSx2,Yes,544340.0,107460.0,https://youtu.be/AVAsG434I-A?t=663
2025,Top 32,579,3993,3,PixelAndy,No,Roll,1003000,,,,546360.0,130.0,,,,,Natural,18,39 KSx2,Yes,,,https://youtu.be/AVAsG434I-A?t=1256
2025,Top 32,579,3994,3,winterra,Yes,Roll,1160000,,1160000.0,,581840.0,133.0,,,,,Intentional,18,39 KSx2,Yes,,,https://youtu.be/AVAsG434I-A?t=1256
2025,Top 32,579,3995,4,PixelAndy,Yes,Roll,1111800,274.0,1110440.0,273.0,622880.0,132.0,1049360.0,230.0,,,Natural,18,39 KSx2,Yes,426480.0,62440.0,https://youtu.be/AVAsG434I-A?t=1809
2025,Top 32,579,3996,4,winterra,No,Roll,906200,271.0,,,401720.0,131.0,812320.0,233.0,,,Natural,18,39 KSx2,Yes,410600.0,93880.0,https://youtu.be/AVAsG434I-A?t=1809
2025,Top 32,579,3997,5,PixelAndy,Yes,Roll,755380,170.0,755380.0,170.0,561680.0,130.0,,,,,Intentional,18,39 KSx2,Yes,193700.0,,https://youtu.be/AVAsG434I-A?t=2501
2025,Top 32,579,3998,5,winterra,No,Roll,689680,169.0,,,557900.0,131.0,,,,,Natural,18,39 KSx2,Yes,131780.0,,https://youtu.be/AVAsG434I-A?t=2501
2025,Top 32,580,3999,1,SV,Yes,Roll,647320,169.0,647320.0,169.0,541980.0,130.0,,,,,Intentional,18,39 KSx2,Yes,105340.0,,https://youtu.be/AVAsG434I-A?t=20
2025,Top 32,580,4000,1,HydrantDude,No,Roll,620100,156.0,,,575800.0,130.0,,,,,Natural,18,39 KSx2,Yes,44300.0,,https://youtu.be/AVAsG434I-A?t=20
2025,Top 32,580,4001,2,SV,No,Roll,1239240,287.0,,,566640.0,133.0,1093380.0,232.0,,,Natural,18,39 KSx2,Yes,526740.0,145860.0,https://youtu.be/AVAsG434I-A?t=525
2025,Top 32,580,4002,2,HydrantDude,Yes,Roll,1243180,333.0,1243180.0,333.0,548780.0,132.0,1043880.0,230.0,1239180.0,331.0,Natural,18,39 KSx2,Yes,495100.0,199300.0,https://youtu.be/AVAsG434I-A?t=525
2025,Top 32,580,4003,3,SV,Yes,Roll,1322000,,1322000.0,,618700.0,132.0,981860.0,232.0,,,Intentional,18,39 KSx2,Yes,,,https://youtu.be/AVAsG434I-A?t=1256
2025,Top 32,580,4004,3,HydrantDude,No,Roll,1034000,,,,414260.0,131.0,798020.0,230.0,,,Natural,18,39 KSx2,Yes,,,https://youtu.be/AVAsG434I-A?t=1256
2025,Top 32,580,4005,4,SV,Yes,Roll,1488280,334.0,1488280.0,334.0,539660.0,132.0,853460.0,230.0,1484280.0,332.0,Natural,18,39 KSx2,Yes,313800.0,634820.0,https://youtu.be/AVAsG434I-A?t=1809
2025,Top 32,580,4006,4,HydrantDude,No,Roll,1428000,325.0,,,601220.0,131.0,1020560.0,231.0,,,Natural,18,39 KSx2,Yes,419340.0,407440.0,https://youtu.be/AVAsG434I-A?t=1809
2025,Top 32,581,4007,1,Fractal,No,Roll,994760,239.0,,,487600.0,133.0,985760.0,232.0,,,Natural,18,39 KSx2,Yes,498160.0,9000.0,
2025,Top 32,581,4008,1,WallBant,Yes,Roll,1118560,248.0,1037340.0,234.0,543700.0,131.0,1033140.0,231.0,,,Natural,18,39 KSx2,Yes,489440.0,85420.0,
2025,Top 32,581,4009,2,Fractal,Yes,Roll,1298340,260.0,1254260.0,253.0,617560.0,132.0,1160080.0,231.0,,,Intentional,18,39 KSx2,Yes,542520.0,138260.0,
2025,Top 32,581,4010,2,WallBant,No,Roll,1138060,247.0,,,538900.0,131.0,1112520.0,231.0,,,Natural,18,39 KSx2,Yes,573620.0,25540.0,
2025,Top 32,581,4011,3,Fractal,Yes,Roll,1247520,238.0,1247520.0,238.0,618700.0,131.0,1207320.0,231.0,,,Intentional,18,39 KSx2,Yes,588620.0,40200.0,
2025,Top 32,581,4012,3,WallBant,No,Roll,892080,228.0,,,394880.0,131.0,,,,,Natural,18,39 KSx2,Yes,497200.0,,
2025,Top 32,581,4013,4,Fractal,Yes,Roll,870080,182.0,870080.0,182.0,615320.0,130.0,,,,,Intentional,18,39 KSx2,Yes,254760.0,,
2025,Top 32,581,4014,4,WallBant,No,Roll,715620,170.0,,,539700.0,130.0,,,,,Natural,18,39 KSx2,Yes,175920.0,,
2025,Top 32,582,4015,1,Blue Scuti,Yes,Roll,1882120,337.0,1882120.0,337.0,674940.0,132.0,1242420.0,230.0,1870120.0,330.0,Natural,18,39 KSx2,Yes,567480.0,639700.0,
2025,Top 32,582,4016,1,Opaux,No,Roll,1634840,332.0,,,565100.0,130.0,1113880.0,230.0,1634840.0,332.0,Natural,18,39 KSx2,Yes,548780.0,520960.0,
2025,Top 32,582,4017,2,Blue Scuti,Yes,Roll,1771440,331.0,1486200.0,301.0,576900.0,131.0,1178360.0,232.0,1769840.0,330.0,Natural,18,39 KSx2,Yes,601460.0,593080.0,
2025,Top 32,582,4018,2,Opaux,No,Roll,1299340,294.0,,,507360.0,133.0,1058860.0,230.0,,,Natural,18,39 KSx2,Yes,551500.0,240480.0,
2025,Top 32,582,4019,3,Blue Scuti,Yes,Roll,1143180,253.0,1139340.0,250.0,577660.0,131.0,1109420.0,231.0,,,Aggressive,18,39 KSx2,Yes,531760.0,33760.0,
2025,Top 32,582,4020,3,Opaux,No,Roll,1138148,234.0,,,563228.0,133.0,1135748.0,232.0,,,Natural,18,39 KSx2,Yes,572520.0,2400.0,
2025,Top 32,583,4021,1,cobra,Yes,Roll,1247947,299.0,1247947.0,299.0,504327.0,133.0,1038287.0,233.0,,,Intentional,18,39 KSx2,Yes,533960.0,209660.0,https://youtu.be/TQEKPdxerZk?t=13
2025,Top 32,583,4022,1,Nowi,No,Roll,1195000,285.0,,,581080.0,131.0,1077040.0,230.0,,,Natural,18,39 KSx2,Yes,495960.0,117960.0,https://youtu.be/TQEKPdxerZk?t=13
2025,Top 32,583,4023,2,cobra,Yes,Roll,1008171,236.0,1008171.0,236.0,521811.0,130.0,970971.0,231.0,,,Natural,18,39 KSx2,Yes,449160.0,37200.0,https://youtu.be/TQEKPdxerZk?t=740
2025,Top 32,583,4024,2,Nowi,No,Roll,899240,238.0,,,405880.0,130.0,859880.0,231.0,,,Natural,18,39 KSx2,Yes,454000.0,39360.0,https://youtu.be/TQEKPdxerZk?t=740
2025,Top 32,583,4025,3,cobra,No,Roll,988925,281.0,,,400945.0,130.0,873045.0,230.0,,,Natural,18,39 KSx2,Yes,472100.0,115880.0,https://youtu.be/TQEKPdxerZk?t=1363
2025,Top 32,583,4026,3,Nowi,Yes,Roll,1103240,247.0,1103240.0,247.0,598940.0,133.0,1048980.0,230.0,,,Natural,18,39 KSx2,Yes,450040.0,54260.0,https://youtu.be/TQEKPdxerZk?t=1363
2025,Top 32,583,4027,4,cobra,Yes,Roll,1073482,225.0,1073482.0,225.0,620602.0,133.0,,,,,Intentional,18,39 KSx2,Yes,452880.0,,https://youtu.be/TQEKPdxerZk?t=2013
2025,Top 32,583,4028,4,Nowi,No,Roll,789340,231.0,,,489880.0,131.0,788140.0,230.0,,,Natural,18,39 KSx2,Yes,298260.0,1200.0,https://youtu.be/TQEKPdxerZk?t=2013
2025,Top 32,584,4029,1,DMJ,Yes,Roll,360240,101.0,360240.0,101.0,,,,,,,Intentional,18,39 KSx2,Yes,,,https://youtu.be/TQEKPdxerZk?t=13
2025,Top 32,584,4030,1,Rhubarb,No,Roll,317680,89.0,,,,,,,,,Natural,18,39 KSx2,Yes,,,https://youtu.be/TQEKPdxerZk?t=13
2025,Top 32,584,4031,2,DMJ,No,Roll,1028520,236.0,,,617940.0,132.0,1021920.0,231.0,,,Natural,18,39 KSx2,Yes,403980.0,6600.0,https://youtu.be/TQEKPdxerZk?t=305
2025,Top 32,584,4032,2,Rhubarb,Yes,Roll,1084200,254.0,1084200.0,254.0,596280.0,131.0,984760.0,233.0,,,Intentional,18,39 KSx2,Yes,388480.0,99440.0,https://youtu.be/TQEKPdxerZk?t=305
2025,Top 32,584,4033,3,DMJ,Yes,Roll,782877,189.0,782877.0,189.0,521537.0,131.0,,,,,Intentional,18,39 KSx2,Yes,261340.0,,https://youtu.be/TQEKPdxerZk?t=956
2025,Top 32,584,4034,3,Rhubarb,No,Roll,696920,179.0,,,533580.0,132.0,,,,,Natural,18,39 KSx2,Yes,163340.0,,https://youtu.be/TQEKPdxerZk?t=956
2025,Top 32,584,4035,4,DMJ,Yes,Roll,1298798,276.0,1298798.0,276.0,597958.0,130.0,1127538.0,231.0,,,Natural,18,39 KSx2,Yes,529580.0,171260.0,https://youtu.be/TQEKPdxerZk?t=1460
2025,Top 32,584,4036,4,Rhubarb,No,Roll,1118020,281.0,,,636920.0,130.0,984720.0,233.0,,,Natural,18,39 KSx2,Yes,347800.0,133300.0,https://youtu.be/TQEKPdxerZk?t=1460
2025,Top 32,585,4037,1,meme,Yes,Roll,1051840,248.0,1050600.0,247.0,575380.0,130.0,996380.0,231.0,,,Intentional,18,39 KSx2,Yes,421000.0,55460.0,
2025,Top 32,585,4038,1,night,No,Roll,1041740,233.0,,,521420.0,132.0,1037540.0,230.0,,,Natural,18,39 KSx2,Yes,516120.0,4200.0,
2025,Top 32,585,4039,2,meme,Yes,Roll,1571660,320.0,1539920.0,304.0,581840.0,131.0,1175920.0,231.0,,,Natural,18,39 KSx2,Yes,594080.0,395740.0,
2025,Top 32,585,4040,2,night,No,Roll,1439000,301.0,,,467880.0,131.0,1117700.0,233.0,,,Natural,18,39 KSx2,Yes,649820.0,321300.0,
2025,Top 32,585,4041,3,meme,Yes,Roll,1258540,291.0,1159540.0,274.0,557180.0,130.0,1032880.0,231.0,,,Natural,18,39 KSx2,Yes,475700.0,225660.0,
2025,Top 32,585,4042,3,night,No,Roll,906100,290.0,,,343180.0,130.0,802780.0,230.0,,,Natural,18,39 KSx2,Yes,459600.0,103320.0,
2025,Top 32,586,4043,1,Sodium,No,Roll,1023420,266.0,,,522180.0,132.0,963020.0,230.0,,,Natural,18,39 KSx2,Yes,440840.0,60400.0,
2025,Top 32,586,4044,1,Coal,Yes,Roll,1197187,291.0,1148387.0,283.0,560947.0,130.0,1028267.0,230.0,,,Intentional,18,39 KSx2,Yes,467320.0,168920.0,
2025,Top 32,586,4045,2,Sodium,No,Roll,1160281,284.0,,,522180.0,130.0,1007420.0,232.0,,,Natural,18,39 KSx2,Yes,485240.0,152861.0,
2025,Top 32,586,4046,2,Coal,Yes,Roll,1162400,286.0,1162400.0,286.0,397160.0,132.0,939700.0,230.0,,,Intentional,18,39 KSx2,Yes,542540.0,222700.0,
2025,Top 32,586,4047,3,Sodium,Yes,Roll,595360,144.0,595360.0,144.0,540460.0,130.0,,,,,Intentional,18,39 KSx2,Yes,54900.0,,
2025,Top 32,586,4048,3,Coal,No,Roll,408920,130.0,,,408920.0,130.0,,,,,Natural,18,39 KSx2,Yes,0.0,,
2025,Top 32,586,4049,4,Sodium,No,Roll,838520,233.0,,,374360.0,131.0,834320.0,230.0,,,Natural,18,39 KSx2,Yes,459960.0,4200.0,
2025,Top 32,586,4050,4,Coal,Yes,Roll,910540,242.0,910540.0,242.0,466360.0,131.0,895420.0,230.0,,,Intentional,18,39 KSx2,Yes,429060.0,15120.0,
2025,Top 32,587,4051,1,MylesTheGreat,Yes,Roll,223060,53.0,223060.0,53.0,,,,,,,Intentional,18,39 KSx2,Yes,,,https://youtu.be/7vJRoam4LUM?t=8
2025,Top 32,587,4052,1,Eren,No,Tap,196460,49.0,,,,,,,,,Natural,18,39 KSx2,Yes,,,https://youtu.be/7vJRoam4LUM?t=8
2025,Top 32,587,4053,2,MylesTheGreat,Yes,Roll,817740,190.0,817740.0,190.0,551440.0,131.0,,,,,Intentional,18,39 KSx2,Yes,266300.0,,https://youtu.be/7vJRoam4LUM?t=199
2025,Top 32,587,4054,2,Eren,No,Roll,727900,178.0,,,474660.0,130.0,,,,,Natural,18,39 KSx2,Yes,253240.0,,https://youtu.be/7vJRoam4LUM?t=199
2025,Top 32,587,4055,3,MylesTheGreat,Yes,Roll,1188860,293.0,1188860.0,293.0,526220.0,131.0,971880.0,230.0,,,Intentional,18,39 KSx2,Yes,445660.0,216980.0,https://youtu.be/7vJRoam4LUM?t=694
2025,Top 32,587,4056,3,Eren,No,Roll,1182100,236.0,,,640360.0,130.0,1176700.0,232.0,,,Natural,18,39 KSx2,Yes,536340.0,5400.0,https://youtu.be/7vJRoam4LUM?t=694
2025,Top 32,588,4057,1,Gwafey,Yes,Roll,297160,76.0,297160.0,76.0,,,,,,,Intentional,18,39 KSx2,Yes,,,https://youtu.be/7vJRoam4LUM?t=8
2025,Top 32,588,4058,1,Dillan,No,Tap,251180,69.0,,,,,,,,,Natural,18,39 KSx2,Yes,,,https://youtu.be/7vJRoam4LUM?t=8
2025,Top 32,588,4059,2,Gwafey,No,Roll,382700,130.0,,,382700.0,130.0,,,,,Natural,18,39 KSx2,Yes,0.0,,https://youtu.be/7vJRoam4LUM?t=244
2025,Top 32,588,4060,2,Dillan,Yes,Roll,558220,125.0,558220.0,125.0,,,,,,,Intentional,18,39 KSx2,Yes,,,https://youtu.be/7vJRoam4LUM?t=244
2025,Top 32,588,4061,3,Gwafey,Yes,Roll,1024640,247.0,1024640.0,247.0,547640.0,133.0,970840.0,230.0,,,Intentional,18,39 KSx2,Yes,423200.0,53800.0,https://youtu.be/7vJRoam4LUM?t=612
2025,Top 32,588,4062,3,Dillan,No,Roll,978820,227.0,,,545720.0,130.0,,,,,Natural,18,39 KSx2,Yes,433100.0,,https://youtu.be/7vJRoam4LUM?t=612
2025,Top 32,588,4063,4,Gwafey,Yes,Roll,1133480,290.0,1084680.0,282.0,502660.0,132.0,980840.0,233.0,,,Intentional,18,39 KSx2,Yes,478180.0,152640.0,https://youtu.be/7vJRoam4LUM?t=1184
2025,Top 32,588,4064,4,Dillan,No,Roll,1078440,263.0,,,636940.0,133.0,1031700.0,231.0,,,Natural,18,39 KSx2,Yes,394760.0,46740.0,https://youtu.be/7vJRoam4LUM?t=1184
2025,Top 32,589,4065,1,iBall,Yes,Roll,934421,227.0,934421.0,227.0,508921.0,131.0,,,,,Intentional,18,39 KSx2,Yes,425500.0,,
2025,Top 32,589,4066,1,brodindamp,No,Roll,569160,207.0,,,390680.0,130.0,,,,,Natural,18,39 KSx2,Yes,178480.0,,
2025,Top 32,589,4067,2,iBall,Yes,Roll,1171898,248.0,1171898.0,248.0,579598.0,133.0,1146118.0,232.0,,,Natural,18,39 KSx2,Yes,566520.0,25780.0,
2025,Top 32,589,4068,2,brodindamp,No,Roll,870120,275.0,,,485300.0,130.0,797740.0,230.0,,,Natural,18,39 KSx2,Yes,312440.0,72380.0,
2025,Top 32,589,4069,3,iBall,Yes,Roll,903057,213.0,903057.0,213.0,538917.0,130.0,,,,,Intentional,18,39 KSx2,Yes,364140.0,,
2025,Top 32,589,4070,3,brodindamp,No,Roll,882498,200.0,,,595898.0,130.0,,,,,Natural,18,39 KSx2,Yes,286600.0,,
2025,Top 32,590,4071,1,dogplayingtetris,Yes,Roll,286520,60.0,286520.0,60.0,,,,,,,Intentional,18,39 KSx2,Yes,,,
2025,Top 32,590,4072,1,Lazer,No,Roll,169100,60.0,,,,,,,,,Natural,18,39 KSx2,Yes,,,
2025,Top 32,590,4073,2,dogplayingtetris,Yes,Roll,1229000,293.0,,,562460.0,132.0,1100360.0,230.0,,,Intentional,18,39 KSx2,Yes,537900.0,128640.0,
2025,Top 32,590,4074,2,Lazer,No,Roll,1153420,297.0,,,539660.0,132.0,950080.0,233.0,,,Natural,18,39 KSx2,Yes,410420.0,203340.0,
2025,Top 32,590,4075,3,dogplayingtetris,Yes,Roll,542900,175.0,542900.0,175.0,472400.0,132.0,,,,,Intentional,18,39 KSx2,Yes,70500.0,,
2025,Top 32,590,4076,3,Lazer,No,Roll,542760,151.0,,,501640.0,130.0,,,,,Natural,18,39 KSx2,Yes,41120.0,,
2025,Top 32,591,4077,1,Tristop,Yes,Roll,1247940,250.0,1247940.0,250.0,624400.0,133.0,1217380.0,231.0,,,Natural,18,39 KSx2,Yes,592980.0,30560.0,https://youtu.be/l4a4Yx9e8_8?t=7
2025,Top 32,591,4078,1,Bendy,No,Tap,922223,282.0,,,401503.0,132.0,853723.0,233.0,,,Natural,18,39 KSx2,Yes,452220.0,68500.0,https://youtu.be/l4a4Yx9e8_8?t=7
2025,Top 32,591,4079,2,Tristop,Yes,Roll,1209220,245.0,1209220.0,245.0,579940.0,130.0,1129420.0,233.0,,,Intentional,18,39 KSx2,Yes,549480.0,79800.0,https://youtu.be/l4a4Yx9e8_8?t=674
2025,Top 32,591,4080,2,Bendy,No,Roll,1132611,241.0,,,560571.0,132.0,1116931.0,233.0,,,Natural,18,39 KSx2,Yes,556360.0,15680.0,https://youtu.be/l4a4Yx9e8_8?t=674
2025,Top 32,591,4081,3,Tristop,Yes,Roll,1483780,324.0,1187280.0,253.0,544980.0,133.0,1092600.0,230.0,,,Natural,18,39 KSx2,Yes,547620.0,391180.0,https://youtu.be/l4a4Yx9e8_8?t=1253
2025,Top 32,591,4082,3,Bendy,No,Roll,1008953,232.0,,,520713.0,131.0,1007753.0,231.0,,,Natural,18,39 KSx2,Yes,487040.0,1200.0,https://youtu.be/l4a4Yx9e8_8?t=1253
2025,Top 32,592,4083,1,Huffulufugus,Yes,Roll,657820,185.0,657820.0,185.0,481900.0,132.0,,,,,Intentional,18,39 KSx2,Yes,175920.0,,https://youtu.be/l4a4Yx9e8_8?t=7
2025,Top 32,592,4084,1,TetrisTime,No,Roll,640860,136.0,,,615260.0,130.0,,,,,Natural,18,39 KSx2,Yes,25600.0,,https://youtu.be/l4a4Yx9e8_8?t=7
2025,Top 32,592,4085,2,Huffulufugus,No,Roll,1127420,247.0,,,562840.0,130.0,1107900.0,232.0,,,Natural,18,39 KSx2,Yes,545060.0,19520.0,https://youtu.be/l4a4Yx9e8_8?t=475
2025,Top 32,592,4086,2,TetrisTime,Yes,Roll,1287260,264.0,1287260.0,264.0,699640.0,133.0,1199100.0,233.0,,,Intentional,18,39 KSx2,Yes,499460.0,88160.0,https://youtu.be/l4a4Yx9e8_8?t=475
2025,Top 32,592,4087,3,Huffulufugus,No,Roll,826940,191.0,,,513300.0,132.0,,,,,Natural,18,39 KSx2,Yes,313640.0,,https://youtu.be/l4a4Yx9e8_8?t=1139
2025,Top 32,592,4088,3,TetrisTime,Yes,Roll,832460,206.0,832460.0,206.0,561320.0,131.0,,,,,Intentional,18,39 KSx2,Yes,271140.0,,https://youtu.be/l4a4Yx9e8_8?t=1139
2025,Top 32,592,4089,4,Huffulufugus,No,Roll,1191860,303.0,,,580320.0,133.0,1055040.0,232.0,,,Natural,18,39 KSx2,Yes,474720.0,136820.0,https://youtu.be/l4a4Yx9e8_8?t=1647
2025,Top 32,592,4090,4,TetrisTime,Yes,Roll,1262740,314.0,1212660.0,307.0,574600.0,130.0,1004200.0,231.0,,,Aggressive,18,39 KSx2,Yes,429600.0,258540.0,https://youtu.be/l4a4Yx9e8_8?t=1647
2025,Top 16,593,4091,1,Alex T,Yes,Roll,940080,226.0,940080.0,226.0,579940.0,130.0,,,,,Intentional,18,39 KSx2,Yes,360140.0,,
2025,Top 16,593,4092,1,theDengler,No,Roll,932080,202.0,,,640740.0,133.0,,,,,Natural,18,39 KSx2,Yes,291340.0,,
2025,Top 16,593,4093,2,Alex T,Yes,Roll,1485700,311.0,1485700.0,311.0,580320.0,131.0,1145560.0,230.0,,,Intentional,18,39 KSx2,Yes,565240.0,340140.0,
2025,Top 16,593,4094,2,theDengler,No,Roll,1244000,299.0,,,563980.0,131.0,1013540.0,230.0,,,Natural,18,39 KSx2,Yes,449560.0,230460.0,
2025,Top 16,593,4095,3,Alex T,Yes,Roll,1276060,274.0,1274700.0,273.0,580320.0,133.0,1119440.0,230.0,,,Intentional,18,39 KSx2,Yes,539120.0,156620.0,
2025,Top 16,593,4096,3,theDengler,No,Roll,967860,287.0,,,441240.0,131.0,794940.0,231.0,,,Natural,18,39 KSx2,Yes,353700.0,172920.0,
2025,Top 16,594,4097,1,Fractal,No,Roll,1205840,254.0,,,617920.0,130.0,1081200.0,232.0,,,Natural,18,39 KSx2,Yes,463280.0,124640.0,
2025,Top 16,594,4098,1,Blue Scuti,Yes,Roll,1430520,290.0,1430520.0,290.0,504700.0,131.0,1122720.0,230.0,,,Intentional,18,39 KSx2,Yes,618020.0,307800.0,
2025,Top 16,594,4099,2,Fractal,No,Roll,1283520,275.0,,,525600.0,133.0,1121380.0,232.0,,,Natural,18,39 KSx2,Yes,595780.0,162140.0,
2025,Top 16,594,4100,2,Blue Scuti,Yes,Roll,1293020,299.0,1284380.0,294.0,513060.0,132.0,1088640.0,232.0,,,Intentional,18,39 KSx2,Yes,575580.0,204380.0,
2025,Top 16,594,4101,3,Fractal,No,Roll,1436520,285.0,,,600120.0,131.0,1155520.0,233.0,,,Natural,18,39 KSx2,Yes,555400.0,281000.0,
2025,Top 16,594,4102,3,Blue Scuti,Yes,Roll,1479880,311.0,1479880.0,311.0,520640.0,130.0,939200.0,230.0,,,Intentional,18,39 KSx2,Yes,418560.0,540680.0,
2025,Top 16,595,4103,1,SV,Yes,Roll,1026720,260.0,987120.0,256.0,502780.0,130.0,887120.0,230.0,,,Intentional,18,39 KSx2,Yes,384340.0,139600.0,
2025,Top 16,595,4104,1,PixelAndy,No,Roll,859720,243.0,,,486120.0,131.0,807100.0,230.0,,,Natural,18,39 KSx2,Yes,320980.0,52620.0,
2025,Top 16,595,4105,2,SV,No,Roll,1029560,235.0,,,527500.0,132.0,1024760.0,231.0,,,Natural,18,39 KSx2,Yes,497260.0,4800.0,
2025,Top 16,595,4106,2,PixelAndy,Yes,Roll,1035949,245.0,1033469.0,243.0,566669.0,130.0,1010269.0,230.0,,,Intentional,18,39 KSx2,Yes,443600.0,25680.0,
2025,Top 16,595,4107,3,SV,Yes,Roll,1291481,271.0,1291481.0,271.0,509641.0,133.0,1124001.0,230.0,,,Intentional,18,39 KSx2,Yes,614360.0,167480.0,
2025,Top 16,595,4108,3,PixelAndy,No,Roll,1152740,254.0,,,525600.0,131.0,1083560.0,231.0,,,Natural,18,39 KSx2,Yes,557960.0,69180.0,
2025,Top 16,595,4109,4,SV,Yes,Roll,1305960,309.0,1209760.0,296.0,505840.0,130.0,1004360.0,230.0,,,Natural,18,39 KSx2,Yes,498520.0,301600.0,
2025,Top 16,595,4110,4,PixelAndy,No,Roll,1189020,270.0,,,598560.0,132.0,1094000.0,231.0,,,Natural,18,39 KSx2,Yes,495440.0,95020.0,
2025,Top 16,596,4111,1,cobra,Yes,Roll,1313066,293.0,1313066.0,293.0,551046.0,130.0,1054606.0,232.0,,,Natural,18,39 KSx2,Yes,503560.0,258460.0,
2025,Top 16,596,4112,1,DMJ,No,Roll,1308232,330.0,,,561012.0,130.0,1006632.0,232.0,1308232.0,330.0,Natural,18,39 KSx2,Yes,445620.0,301600.0,
2025,Top 16,596,4113,2,cobra,Yes,Roll,1249626,243.0,1249626.0,243.0,635806.0,130.0,1234466.0,231.0,,,Natural,18,39 KSx2,Yes,598660.0,15160.0,
2025,Top 16,596,4114,2,DMJ,No,Roll,1197080,287.0,,,636900.0,131.0,1083840.0,230.0,,,Natural,18,39 KSx2,Yes,446940.0,113240.0,
2025,Top 16,596,4115,3,cobra,Yes,Roll,1366427,289.0,1366427.0,289.0,539647.0,130.0,1128627.0,233.0,,,Natural,18,39 KSx2,Yes,588980.0,237800.0,
2025,Top 16,596,4116,3,DMJ,No,Roll,1231289,297.0,,,563269.0,130.0,1060949.0,230.0,,,Natural,18,39 KSx2,Yes,497680.0,170340.0,
2025,Top 16,597,4117,1,iBall,No,Roll,909417,209.0,,,511197.0,133.0,,,,,Natural,18,39 KSx2,Yes,398220.0,,
2025,Top 16,597,4118,1,TetrisTime,Yes,Roll,914860,227.0,914860.0,227.0,473540.0,131.0,,,,,Intentional,18,39 KSx2,Yes,441320.0,,
2025,Top 16,597,4119,2,iBall,Yes,Roll,1188700,320.0,1188700.0,320.0,405140.0,130.0,827420.0,233.0,,,Intentional,18,39 KSx2,Yes,422280.0,361280.0,
2025,Top 16,597,4120,2,TetrisTime,No,Roll,1083460,310.0,,,392840.0,132.0,811440.0,232.0,,,Natural,18,39 KSx2,Yes,418600.0,272020.0,
2025,Top 16,597,4121,3,iBall,Yes,Roll,196107,41.0,196107.0,41.0,,,,,,,Intentional,18,39 KSx2,Yes,,,
2025,Top 16,597,4122,3,TetrisTime,No,Roll,127680,36.0,,,,,,,,,Natural,18,39 KSx2,Yes,,,
2025,Top 16,597,4123,4,iBall,Yes,Roll,1175577,239.0,1175577.0,239.0,519937.0,133.0,1136577.0,233.0,,,Intentional,18,39 KSx2,Yes,616640.0,39000.0,
2025,Top 16,597,4124,4,TetrisTime,No,Roll,1089840,240.0,,,506980.0,132.0,1071800.0,230.0,,,Natural,18,39 KSx2,Yes,564820.0,18040.0,
2025,Top 16,598,4125,1,dogplayingtetris,Yes,Roll,662640,152.0,662640.0,152.0,579560.0,133.0,,,,,Intentional,18,39 KSx2,Yes,83080.0,,
2025,Top 16,598,4126,1,Tristop,No,Roll,639320,145.0,,,620220.0,131.0,,,,,Natural,18,39 KSx2,Yes,19100.0,,
2025,Top 16,598,4127,2,dogplayingtetris,No,Roll,1175400,248.0,,,586260.0,131.0,1149800.0,233.0,,,Natural,18,39 KSx2,Yes,563540.0,25600.0,
2025,Top 16,598,4128,2,Tristop,Yes,Roll,1407660,260.0,1407660.0,260.0,682920.0,133.0,1329680.0,230.0,,,Natural,18,39 KSx2,Yes,646760.0,77980.0,
2025,Top 16,598,4129,3,dogplayingtetris,Yes,Roll,1341160,329.0,1326340.0,320.0,567060.0,131.0,1014220.0,232.0,,,Aggressive,18,39 KSx2,Yes,447160.0,326940.0,
2025,Top 16,598,4130,3,Tristop,No,Roll,1313280,286.0,,,547640.0,133.0,1091680.0,232.0,,,Natural,18,39 KSx2,Yes,544040.0,221600.0,
2025,Top 16,598,4131,4,dogplayingtetris,No,Roll,1167640,265.0,,,531300.0,132.0,1026640.0,233.0,,,Natural,18,39 KSx2,Yes,495340.0,141000.0,
2025,Top 16,598,4132,4,Tristop,Yes,Roll,1602260,294.0,1595780.0,290.0,599320.0,130.0,1242620.0,231.0,,,Natural,18,39 KSx2,Yes,643300.0,359640.0,
2025,Top 16,598,4133,5,dogplayingtetris,No,Roll,1010640,233.0,,,539660.0,132.0,1008240.0,231.0,,,Natural,18,39 KSx2,Yes,468580.0,2400.0,
2025,Top 16,598,4134,5,Tristop,Yes,Roll,1263280,289.0,1105020.0,252.0,605020.0,133.0,1039240.0,231.0,,,Natural,18,39 KSx2,Yes,434220.0,224040.0,
2025,Top 16,599,4135,1,MylesTheGreat,No,Roll,910600,272.0,,,,,818300.0,232.0,,,Natural,18,39 KSx2,Yes,,92300.0,
2025,Top 16,599,4136,1,Coal,Yes,Roll,1059260,271.0,1059260.0,271.0,,,964260.0,231.0,,,Intentional,18,39 KSx2,Yes,,95000.0,
2025,Top 16,599,4137,2,MylesTheGreat,No,Roll,1024000,220.0,,,560560.0,130.0,,,,,Natural,18,39 KSx2,Yes,463440.0,,
2025,Top 16,599,4138,2,Coal,Yes,Roll,1054160,213.0,1054160.0,213.0,620220.0,133.0,,,,,Intentional,18,39 KSx2,Yes,433940.0,,
2025,Top 16,599,4139,3,MylesTheGreat,Yes,Roll,283860,82.0,283860.0,82.0,,,,,,,Intentional,18,39 KSx2,Yes,,,
2025,Top 16,599,4140,3,Coal,No,Roll,181640,74.0,,,,,,,,,Natural,18,39 KSx2,Yes,,,
2025,Top 16,599,4141,4,MylesTheGreat,Yes,Roll,1214140,254.0,1149840.0,235.0,594040.0,130.0,1145040.0,231.0,,,Intentional,18,39 KSx2,Yes,551000.0,69100.0,
2025,Top 16,599,4142,4,Coal,No,Roll,898300,233.0,,,544600.0,131.0,895900.0,231.0,,,Natural,18,39 KSx2,Yes,351300.0,2400.0,
2025,Top 16,599,4143,5,MylesTheGreat,Yes,Roll,790560,210.0,787760.0,208.0,503540.0,130.0,,,,,Intentional,18,39 KSx2,Yes,287020.0,,
2025,Top 16,599,4144,5,Coal,No,Roll,761320,192.0,,,522180.0,130.0,,,,,Natural,18,39 KSx2,Yes,239140.0,,
2025,Top 16,600,4145,1,meme,Yes,Roll,1250120,306.0,1250120.0,306.0,505120.0,130.0,1017400.0,232.0,,,Natural,18,39 KSx2,Yes,512280.0,232720.0,
2025,Top 16,600,4146,1,Gwafey,No,Roll,1178520,320.0,,,562880.0,130.0,950560.0,230.0,,,Natural,18,39 KSx2,Yes,387680.0,227960.0,
2025,Top 16,600,4147,2,meme,Yes,Roll,1315580,279.0,1274780.0,275.0,600080.0,131.0,1135400.0,230.0,,,Intentional,18,39 KSx2,Yes,535320.0,180180.0,
2025,Top 16,600,4148,2,Gwafey,No,Roll,1111800,273.0,,,483040.0,130.0,977340.0,230.0,,,Natural,18,39 KSx2,Yes,494300.0,134460.0,
2025,Top 16,600,4149,3,meme,No,Roll,1062940,237.0,,,595500.0,130.0,1055140.0,231.0,,,Natural,18,39 KSx2,Yes,459640.0,7800.0,
2025,Top 16,600,4150,3,Gwafey,Yes,Roll,1189340,264.0,1178120.0,260.0,559460.0,130.0,1062360.0,230.0,,,Intentional,18,39 KSx2,Yes,502900.0,126980.0,
2025,Top 16,600,4151,4,meme,Yes,Roll,1311380,316.0,1312900.0,317.0,615660.0,130.0,1110980.0,230.0,,,Intentional,18,39 KSx2,Yes,495320.0,200400.0,
2025,Top 16,600,4152,4,Gwafey,No,Roll,1310520,268.0,,,636920.0,130.0,1134620.0,233.0,,,Natural,18,39 KSx2,Yes,497700.0,175900.0,
2025,Top 8,601,4153,1,Alex T,Yes,Roll,925020,216.0,925020.0,216.0,478900.0,130.0,,,,,Intentional,18,39 KSx2,Yes,446120.0,,
2025,Top 8,601,4154,1,SV,No,Roll,899580,201.0,,,540420.0,133.0,,,,,Natural,18,39 KSx2,Yes,359160.0,,
2025,Top 8,601,4155,2,Alex T,Yes,Roll,1422594,315.0,1375474.0,310.0,488414.0,130.0,1010614.0,231.0,,,Intentional,18,39 KSx2,Yes,522200.0,411980.0,
2025,Top 8,601,4156,2,SV,No,Roll,1365980,305.0,,,583360.0,130.0,1116560.0,233.0,,,Natural,18,39 KSx2,Yes,533200.0,249420.0,
2025,Top 8,601,4157,3,Alex T,Yes,Roll,1072560,255.0,1072560.0,255.0,547120.0,131.0,1008020.0,230.0,,,Intentional,18,39 KSx2,Yes,460900.0,64540.0,
2025,Top 8,601,4158,3,SV,No,Roll,1057160,248.0,,,504360.0,131.0,1035720.0,232.0,,,Natural,18,39 KSx2,Yes,531360.0,21440.0,
2025,Top 8,602,4159,1,cobra,Yes,Roll,1292354,278.0,1292354.0,278.0,583374.0,133.0,1137194.0,233.0,,,Intentional,18,39 KSx2,Yes,553820.0,155160.0,
2025,Top 8,602,4160,1,Blue Scuti,No,Roll,1249280,272.0,,,616420.0,132.0,1091340.0,230.0,,,Natural,18,39 KSx2,Yes,474920.0,157940.0,
2025,Top 8,602,4161,2,cobra,No,Roll,1078165,240.0,,,613745.0,130.0,1060125.0,230.0,,,Natural,18,39 KSx2,Yes,446380.0,18040.0,
2025,Top 8,602,4162,2,Blue Scuti,Yes,Roll,1173750,265.0,1173750.0,265.0,507720.0,130.0,1062850.0,230.0,,,Intentional,18,39 KSx2,Yes,555130.0,110900.0,
2025,Top 8,602,4163,3,cobra,No,Roll,1016965,263.0,,,518045.0,131.0,897705.0,230.0,,,Natural,18,39 KSx2,Yes,379660.0,119260.0,
2025,Top 8,602,4164,3,Blue Scuti,Yes,Roll,1148766,275.0,1148766.0,275.0,581466.0,132.0,1048706.0,233.0,,,Intentional,18,39 KSx2,Yes,467240.0,100060.0,
2025,Top 8,602,4165,4,cobra,No,Roll,1035567,236.0,,,526747.0,132.0,1027767.0,230.0,,,Natural,18,39 KSx2,Yes,501020.0,7800.0,
2025,Top 8,602,4166,4,Blue Scuti,Yes,Roll,1160380,252.0,1118780.0,246.0,488360.0,130.0,1071080.0,233.0,,,Intentional,18,39 KSx2,Yes,582720.0,89300.0,
2025,Top 8,603,4167,1,meme,No,Roll,1463060,315.0,,,451500.0,130.0,1052340.0,230.0,,,Natural,18,39 KSx2,Yes,600840.0,410720.0,
2025,Top 8,603,4168,1,MylesTheGreat,Yes,Roll,1531500,310.0,1531500.0,310.0,638460.0,131.0,1222220.0,231.0,,,Intentional,18,39 KSx2,Yes,583760.0,309280.0,
2025,Top 8,603,4169,2,meme,Yes,Roll,1418800,331.0,1418800.0,331.0,529400.0,131.0,883240.0,232.0,1418800.0,331.0,Natural,18,39 KSx2,Yes,353840.0,535560.0,
2025,Top 8,603,4170,2,MylesTheGreat,No,Roll,1094800,319.0,,,562820.0,130.0,872080.0,230.0,,,Natural,18,39 KSx2,Yes,309260.0,222720.0,
2025,Top 8,603,4171,3,meme,Yes,Roll,1149580,255.0,1111180.0,251.0,558660.0,132.0,1054860.0,233.0,,,Intentional,18,39 KSx2,Yes,496200.0,94720.0,
2025,Top 8,603,4172,3,MylesTheGreat,No,Roll,1038660,236.0,,,604260.0,131.0,1028460.0,232.0,,,Natural,18,39 KSx2,Yes,424200.0,10200.0,
2025,Top 8,603,4173,4,meme,Yes,Roll,1387600,274.0,1346800.0,270.0,641120.0,133.0,1195260.0,233.0,,,Intentional,18,39 KSx2,Yes,554140.0,192340.0,
2025,Top 8,603,4174,4,MylesTheGreat,No,Roll,1196860,261.0,,,620980.0,133.0,1110920.0,230.0,,,Natural,18,39 KSx2,Yes,489940.0,85940.0,
2025,Top 8,604,4175,1,iBall,Yes,Roll,1115740,239.0,1115740.0,239.0,522560.0,131.0,1102540.0,233.0,,,Intentional,18,39 KSx2,Yes,579980.0,13200.0,
2025,Top 8,604,4176,1,Tristop,No,Roll,1066760,236.0,,,528640.0,130.0,1054160.0,230.0,,,Natural,18,39 KSx2,Yes,525520.0,12600.0,
2025,Top 8,604,4177,2,iBall,No,Roll,1088520,249.0,,,565480.0,130.0,1033520.0,230.0,,,Natural,18,39 KSx2,Yes,468040.0,55000.0,
2025,Top 8,604,4178,2,Tristop,Yes,Roll,1237160,248.0,1237160.0,248.0,602360.0,130.0,1184720.0,233.0,,,Intentional,18,39 KSx2,Yes,582360.0,52440.0,
2025,Top 8,604,4179,3,iBall,No,Roll,1029317,233.0,,,505877.0,131.0,1025117.0,230.0,,,Natural,18,39 KSx2,Yes,519240.0,4200.0,
2025,Top 8,604,4180,3,Tristop,Yes,Roll,1121180,241.0,1121180.0,241.0,559040.0,133.0,1074380.0,230.0,,,Intentional,18,39 KSx2,Yes,515340.0,46800.0,
2025,Top 8,604,4181,4,iBall,Yes,Roll,720957,152.0,720957.0,152.0,660157.0,133.0,,,,,Intentional,18,39 KSx2,Yes,60800.0,,
2025,Top 8,604,4182,4,Tristop,No,Roll,620000,146.0,,,542360.0,130.0,,,,,Natural,18,39 KSx2,Yes,77640.0,,
2025,Top 8,604,4183,5,iBall,Yes,Roll,1272271,267.0,1272271.0,267.0,583751.0,130.0,1128311.0,233.0,,,Natural,18,39 KSx2,Yes,544560.0,143960.0,
2025,Top 8,604,4184,5,Tristop,No,Roll,1140960,261.0,,,565860.0,130.0,1090780.0,231.0,,,Natural,18,39 KSx2,Yes,524920.0,50180.0,
2025,Semis,605,4185,1,Alex T,Yes,Roll,1174540,259.0,1174540.0,259.0,579180.0,132.0,1039000.0,233.0,,,Intentional,18,39 KSx2,Yes,459820.0,135540.0,
2025,Semis,605,4186,1,Blue Scuti,No,Roll,1157020,254.0,,,562840.0,132.0,1031520.0,230.0,,,Natural,18,39 KSx2,Yes,468680.0,125500.0,
2025,Semis,605,4187,2,Alex T,Yes,Roll,1915820,330.0,1674700.0,305.0,677220.0,131.0,1251400.0,232.0,1915820.0,330.0,Natural,18,39 KSx2,Yes,574180.0,664420.0,
2025,Semis,605,4188,2,Blue Scuti,No,Roll,1423100,306.0,,,508500.0,133.0,1062100.0,232.0,,,Natural,18,39 KSx2,Yes,553600.0,361000.0,
2025,Semis,605,4189,3,Alex T,Yes,Roll,1810900,325.0,1711480.0,313.0,624020.0,133.0,1160680.0,232.0,,,Natural,18,39 KSx2,Yes,536660.0,650220.0,
2025,Semis,605,4190,3,Blue Scuti,No,Roll,1464380,308.0,,,579940.0,130.0,1135500.0,230.0,,,Natural,18,39 KSx2,Yes,555560.0,328880.0,
2025,Semis,606,4191,1,meme,Yes,Roll,1298620,264.0,1298620.0,264.0,558660.0,133.0,1161340.0,231.0,,,Natural,18,39 KSx2,Yes,602680.0,137280.0,
2025,Semis,606,4192,1,iBall,No,Roll,1211880,272.0,,,502400.0,130.0,1048820.0,233.0,,,Natural,18,39 KSx2,Yes,546420.0,163060.0,
2025,Semis,606,4193,2,meme,Yes,Roll,1074300,258.0,1035800.0,254.0,529400.0,133.0,992120.0,230.0,,,Intentional,18,39 KSx2,Yes,462720.0,82180.0,
2025,Semis,606,4194,2,iBall,No,Roll,1021920,246.0,,,557900.0,131.0,934500.0,231.0,,,Natural,18,39 KSx2,Yes,376600.0,87420.0,
2025,Semis,606,4195,3,meme,Yes,Roll,526400,134.0,526400.0,134.0,525600.0,133.0,,,,,Intentional,18,39 KSx2,Yes,800.0,,
2025,Semis,606,4196,3,iBall,No,Roll,476880,139.0,,,470880.0,132.0,,,,,Natural,18,39 KSx2,Yes,6000.0,,
2025,Finals,607,4197,1,Alex T,Yes,Roll,1506940,301.0,1506940.0,301.0,600840.0,132.0,1124800.0,231.0,,,Intentional,18,39 KSx2,Yes,523960.0,382140.0,
2025,Finals,607,4198,1,meme,No,Roll,1420520,301.0,,,578420.0,131.0,1093660.0,230.0,,,Natural,18,39 KSx2,Yes,515240.0,326860.0,
2025,Finals,607,4199,2,Alex T,Yes,Roll,1577920,330.0,1527960.0,324.0,524460.0,131.0,1145020.0,230.0,1577920.0,330.0,Natural,18,39 KSx2,Yes,620560.0,432900.0,
2025,Finals,607,4200,2,meme,No,Roll,1491100,319.0,,,522180.0,131.0,1047080.0,230.0,,,Natural,18,39 KSx2,Yes,524900.0,444020.0,
2025,Finals,607,4201,3,Alex T,Yes,Roll,1444640,307.0,1444640.0,307.0,560560.0,130.0,1074580.0,230.0,,,Aggressive,18,39 KSx2,Yes,514020.0,370060.0,
2025,Finals,607,4202,3,meme,No,Roll,1413680,304.0,,,446800.0,131.0,991680.0,232.0,,,Natural,18,39 KSx2,Yes,544880.0,422000.0,
